{"type": "FeatureCollection", "features": [{"type": "Feature", "properties": {"grade": "A", "cat": "Best", "city": "Oakland", "label": "A"}, "geometry": {"type": "MultiPolygon", "coordinates": [[[[-122.1955, 37.84291], [-122.19547, 37.8431], [-122.195177, 37.842837], [-122.195186, 37.842826], [-122.195348, 37.842626], [-122.195287, 37.842817], [-122.195694, 37.842906], [-122.1955, 37.84291]]], [[[-122.2156, 37.83193], [-122.21498, 37.8323], [-122.214812, 37.832343], [-122.214968, 37.832079], [-122.215067, 37.831909], [-122.215197, 37.831689], [-122.215217, 37.831655], [-122.215245, 37.831555], [-122.2156, 37.83193]]]]}}, {"type": "Feature", "properties": {"grade": "A", "cat": "Best", "city": "Oakland", "label": "A"}, "geometry": {"type": "MultiPolygon", "coordinates": [[[[-122.21039, 37.81885], [-122.2097, 37.81949], [-122.20815, 37.82103], [-122.20785, 37.82182], [-122.207897, 37.822275], [-122.207365, 37.821647], [-122.207288, 37.821554], [-122.207331, 37.821505], [-122.207446, 37.821377], [-122.207675, 37.821089], [-122.207708, 37.821044], [-122.207901, 37.820713], [-122.207934, 37.820653], [-122.207971, 37.820587], [-122.208117, 37.820336], [-122.208321, 37.820068], [-122.208471, 37.819899], [-122.208624, 37.819748], [-122.208835, 37.819555], [-122.209557, 37.819043], [-122.209928, 37.81879], [-122.210074, 37.818684], [-122.210178, 37.818613], [-122.210251, 37.818655], [-122.210446, 37.818779], [-122.21039, 37.81885]]]]}}, {"type": "Feature", "properties": {"grade": "A", "cat": "Best", "city": "Oakland", "label": "A"}, "geometry": {"type": "MultiPolygon", "coordinates": [[[[-122.21467, 37.83238], [-122.21425, 37.83221], [-122.21344, 37.8315], [-122.21258, 37.83097], [-122.21177, 37.83054], [-122.21125, 37.82979], [-122.21047, 37.82951], [-122.20954, 37.82951], [-122.20928, 37.82998], [-122.20856, 37.83013], [-122.2084, 37.83043], [-122.20821, 37.8311], [-122.20771, 37.83144], [-122.20702, 37.83178], [-122.20688, 37.83208], [-122.20716, 37.8323], [-122.2074, 37.83245], [-122.20742, 37.83277], [-122.20719, 37.83321], [-122.20671, 37.83332], [-122.20593, 37.83375], [-122.20564, 37.83414], [-122.20495, 37.83443], [-122.20422, 37.83441], [-122.20334, 37.83452], [-122.20279, 37.83471], [-122.20227, 37.83506], [-122.202, 37.83572], [-122.20217, 37.83611], [-122.20234, 37.83657], [-122.20241, 37.8369], [-122.20224, 37.83711], [-122.20179, 37.83739], [-122.20105, 37.83764], [-122.20105, 37.83803], [-122.20096, 37.8382], [-122.20079, 37.83831], [-122.20039, 37.83831], [-122.19972, 37.83818], [-122.1991, 37.83835], [-122.19872, 37.83878], [-122.19862, 37.83941], [-122.19826, 37.83991], [-122.1979, 37.84031], [-122.19811, 37.8408], [-122.19859, 37.84106], [-122.19859, 37.84124], [-122.19853, 37.84143], [-122.19814, 37.84167], [-122.19802, 37.84192], [-122.19817, 37.84237], [-122.19811, 37.84286], [-122.195694, 37.842906], [-122.195287, 37.842817], [-122.195348, 37.842626], [-122.195389, 37.842579], [-122.195623, 37.841913], [-122.195335, 37.841688], [-122.195268, 37.84163], [-122.195214, 37.841593], [-122.195124, 37.841553], [-122.194988, 37.841524], [-122.194771, 37.841487], [-122.1946, 37.841468], [-122.194458, 37.841427], [-122.194304, 37.841366], [-122.194191, 37.841284], [-122.194124, 37.841193], [-122.194123, 37.841164], [-122.194122, 37.841149], [-122.194121, 37.841105], [-122.194121, 37.841091], [-122.194123, 37.841071], [-122.194034, 37.841027], [-122.194014, 37.841019], [-122.193998, 37.841012], [-122.193983, 37.841005], [-122.193968, 37.840998], [-122.193953, 37.84099], [-122.19394, 37.840984], [-122.193926, 37.840983], [-122.193698, 37.84083], [-122.193665, 37.840758], [-122.193688, 37.840656], [-122.193586, 37.840612], [-122.192567, 37.840368], [-122.192069, 37.840249], [-122.191624, 37.839901], [-122.191172, 37.839548], [-122.190567, 37.839094], [-122.190009, 37.838674], [-122.189218, 37.838078], [-122.189072, 37.837975], [-122.188992, 37.83797], [-122.188923, 37.8379], [-122.188765, 37.837737], [-122.188601, 37.837752], [-122.187918, 37.837815], [-122.187401, 37.837871], [-122.187335, 37.837866], [-122.187268, 37.837853], [-122.187204, 37.837838], [-122.187138, 37.837818], [-122.187067, 37.837799], [-122.187004, 37.837776], [-122.186916, 37.837772], [-122.185491, 37.83744], [-122.185269, 37.837388], [-122.185116, 37.837353], [-122.184911, 37.836852], [-122.184581, 37.83605], [-122.184553, 37.835981], [-122.184537, 37.835942], [-122.184526, 37.835916], [-122.184563, 37.835915], [-122.184599, 37.835903], [-122.184696, 37.835872], [-122.184769, 37.835842], [-122.184883, 37.835835], [-122.185286, 37.835837], [-122.185525, 37.835861], [-122.185628, 37.835879], [-122.185708, 37.835906], [-122.18579, 37.835996], [-122.185824, 37.836022], [-122.185885, 37.836083], [-122.185949, 37.836169], [-122.185986, 37.836205], [-122.186024, 37.836229], [-122.186091, 37.836246], [-122.186124, 37.836245], [-122.186189, 37.836225], [-122.186228, 37.836204], [-122.18639, 37.836084], [-122.186497, 37.836022], [-122.186595, 37.835974], [-122.18668, 37.835946], [-122.186736, 37.835936], [-122.186801, 37.83593], [-122.186951, 37.835948], [-122.187077, 37.835978], [-122.187162, 37.836018], [-122.187265, 37.836088], [-122.187401, 37.836209], [-122.187449, 37.836234], [-122.187525, 37.836249], [-122.187582, 37.836247], [-122.187611, 37.836237], [-122.187639, 37.836228], [-122.187665, 37.83621], [-122.187688, 37.836185], [-122.187768, 37.836074], [-122.187853, 37.835989], [-122.188029, 37.83589], [-122.187975, 37.835851], [-122.187896, 37.835875], [-122.18779, 37.835891], [-122.187676, 37.83591], [-122.187601, 37.835901], [-122.187531, 37.835853], [-122.18736, 37.835595], [-122.187288, 37.83553], [-122.187213, 37.835486], [-122.187152, 37.835445], [-122.187082, 37.83542], [-122.186974, 37.835419], [-122.186979, 37.835304], [-122.187001, 37.835233], [-122.187014, 37.835194], [-122.187048, 37.835125], [-122.187098, 37.835084], [-122.187172, 37.83505], [-122.187283, 37.835031], [-122.18735, 37.835028], [-122.187436, 37.835037], [-122.187473, 37.835045], [-122.187659, 37.835086], [-122.187898, 37.835155], [-122.187958, 37.835173], [-122.188176, 37.83522], [-122.188338, 37.835243], [-122.188471, 37.835249], [-122.188637, 37.835235], [-122.188649, 37.835235], [-122.188884, 37.835194], [-122.189125, 37.835151], [-122.189385, 37.835092], [-122.189898, 37.834956], [-122.190895, 37.834671], [-122.191537, 37.834327], [-122.191745, 37.834209], [-122.191948, 37.834072], [-122.192109, 37.833914], [-122.192357, 37.833506], [-122.192566, 37.833213], [-122.192843, 37.832906], [-122.192939, 37.832809], [-122.193075, 37.83267], [-122.19332, 37.832452], [-122.193409, 37.832374], [-122.193574, 37.832261], [-122.193776, 37.832149], [-122.194015, 37.832052], [-122.195533, 37.831672], [-122.196161, 37.831524], [-122.196251, 37.831496], [-122.196405, 37.83145], [-122.196606, 37.831376], [-122.196771, 37.831301], [-122.1971, 37.831147], [-122.198268, 37.830577], [-122.198596, 37.830418], [-122.198928, 37.830244], [-122.199406, 37.829982], [-122.199802, 37.829792], [-122.19995, 37.829725], [-122.200159, 37.829632], [-122.200584, 37.829421], [-122.200763, 37.829323], [-122.200988, 37.829156], [-122.201221, 37.828938], [-122.201355, 37.82882], [-122.201478, 37.828702], [-122.201523, 37.828648], [-122.201583, 37.828564], [-122.201679, 37.828398], [-122.201863, 37.828103], [-122.202015, 37.827804], [-122.202232, 37.827312], [-122.202239, 37.827298], [-122.202243, 37.827288], [-122.202622, 37.826233], [-122.202738, 37.825902], [-122.202761, 37.825763], [-122.202773, 37.825634], [-122.202762, 37.825518], [-122.202738, 37.825391], [-122.202708, 37.825277], [-122.202646, 37.825143], [-122.202625, 37.825084], [-122.202605, 37.825026], [-122.20257, 37.82489], [-122.202545, 37.824644], [-122.202554, 37.8245], [-122.202578, 37.824401], [-122.202609, 37.824331], [-122.202642, 37.824271], [-122.202684, 37.82421], [-122.202789, 37.824083], [-122.202948, 37.823941], [-122.203046, 37.823867], [-122.203167, 37.8238], [-122.203227, 37.823776], [-122.203344, 37.823738], [-122.20342, 37.823724], [-122.20355, 37.823711], [-122.203615, 37.823713], [-122.20369, 37.823723], [-122.203827, 37.823759], [-122.20401, 37.823845], [-122.204132, 37.82392], [-122.204248, 37.823999], [-122.204359, 37.824051], [-122.204465, 37.824084], [-122.204562, 37.824107], [-122.204803, 37.824148], [-122.205082, 37.82421], [-122.205204, 37.824234], [-122.205325, 37.824252], [-122.205418, 37.82427], [-122.205519, 37.824282], [-122.205826, 37.824304], [-122.205953, 37.824318], [-122.206054, 37.824338], [-122.20626, 37.824395], [-122.20664, 37.824543], [-122.206769, 37.824603], [-122.206858, 37.824659], [-122.207063, 37.82482], [-122.207146, 37.824861], [-122.207223, 37.824874], [-122.207284, 37.824869], [-122.207389, 37.824847], [-122.20775, 37.824754], [-122.208145, 37.824654], [-122.208324, 37.82461], [-122.208862, 37.824479], [-122.209042, 37.824436], [-122.209084, 37.824349], [-122.20918, 37.824153], [-122.209226, 37.824057], [-122.209241, 37.824027], [-122.20949, 37.82437], [-122.21044, 37.82557], [-122.21129, 37.82672], [-122.21231, 37.82817], [-122.21341, 37.82954], [-122.21422, 37.83047], [-122.215245, 37.831555], [-122.215217, 37.831655], [-122.215197, 37.831689], [-122.215067, 37.831909], [-122.214968, 37.832079], [-122.214812, 37.832343], [-122.21467, 37.83238]]]]}}, {"type": "Feature", "properties": {"grade": "A", "cat": "Best", "city": "Oakland", "label": "A"}, "geometry": {"type": "MultiPolygon", "coordinates": [[[[-122.18508, 37.81975], [-122.18819, 37.81617], [-122.18919, 37.8153], [-122.18976, 37.8145], [-122.19023, 37.81431], [-122.19107, 37.81427], [-122.19259, 37.81446], [-122.19465, 37.81472], [-122.19625, 37.81474], [-122.1987, 37.81472], [-122.19867, 37.81393], [-122.19881, 37.81378], [-122.19891, 37.81335], [-122.19884, 37.81309], [-122.19777, 37.81223], [-122.19734, 37.81185], [-122.19703, 37.81155], [-122.19658, 37.81134], [-122.19618, 37.8111], [-122.19606, 37.81108], [-122.19563, 37.81102], [-122.19458, 37.81095], [-122.19263, 37.81095], [-122.19159, 37.811], [-122.19061, 37.811], [-122.18997, 37.81095], [-122.18957, 37.81076], [-122.18909, 37.81065], [-122.18888, 37.81065], [-122.18695, 37.81125], [-122.18643, 37.8114], [-122.18607, 37.81155], [-122.18577, 37.81151], [-122.1856, 37.81142], [-122.18541, 37.81116], [-122.18484, 37.81074], [-122.1841, 37.8105], [-122.18315, 37.81037], [-122.18246, 37.81029], [-122.18163, 37.80995], [-122.18096, 37.80963], [-122.18047, 37.80916], [-122.18006, 37.80819], [-122.17992, 37.80759], [-122.17959, 37.80732], [-122.17904, 37.80702], [-122.17847, 37.80646], [-122.17825, 37.80625], [-122.178191, 37.806154], [-122.178297, 37.806025], [-122.178507, 37.80577], [-122.178805, 37.805409], [-122.178812, 37.805401], [-122.179, 37.80517], [-122.179036, 37.805126], [-122.179139, 37.805002], [-122.179157, 37.804981], [-122.179213, 37.805068], [-122.179286, 37.80525], [-122.179494, 37.80583], [-122.179793, 37.806663], [-122.179883, 37.806868], [-122.180405, 37.807935], [-122.180468, 37.808047], [-122.180475, 37.808056], [-122.180688, 37.808338], [-122.180812, 37.808475], [-122.181015, 37.80866], [-122.18118, 37.808785], [-122.181329, 37.808877], [-122.181421, 37.80893], [-122.181536, 37.808996], [-122.182058, 37.809261], [-122.182357, 37.809384], [-122.182685, 37.80949], [-122.182763, 37.80951], [-122.183105, 37.809602], [-122.183238, 37.809629], [-122.183394, 37.809662], [-122.183583, 37.809691], [-122.183787, 37.809723], [-122.184084, 37.809747], [-122.184432, 37.809758], [-122.184634, 37.809754], [-122.18479, 37.809744], [-122.184984, 37.809723], [-122.185454, 37.809589], [-122.185794, 37.809493], [-122.185853, 37.809478], [-122.186096, 37.809421], [-122.186403, 37.809362], [-122.186745, 37.809314], [-122.186884, 37.809309], [-122.187021, 37.809319], [-122.187089, 37.80933], [-122.18733, 37.809387], [-122.187405, 37.809398], [-122.187506, 37.80942], [-122.187591, 37.809443], [-122.187805, 37.809512], [-122.188353, 37.809706], [-122.188484, 37.809746], [-122.188541, 37.809764], [-122.188712, 37.809799], [-122.188808, 37.80981], [-122.188878, 37.809822], [-122.188974, 37.809827], [-122.189075, 37.809825], [-122.189254, 37.809809], [-122.189378, 37.809791], [-122.189922, 37.809725], [-122.190476, 37.809659], [-122.190779, 37.809644], [-122.190973, 37.80965], [-122.191138, 37.809672], [-122.191324, 37.809712], [-122.191459, 37.809752], [-122.191544, 37.809786], [-122.191651, 37.80983], [-122.192042, 37.810016], [-122.192193, 37.810095], [-122.192421, 37.810216], [-122.192656, 37.810316], [-122.192814, 37.810383], [-122.193125, 37.810472], [-122.193224, 37.810501], [-122.193702, 37.810616], [-122.194073, 37.810697], [-122.19439, 37.810767], [-122.194441, 37.810778], [-122.194597, 37.810811], [-122.194649, 37.810822], [-122.195181, 37.810911], [-122.195582, 37.810971], [-122.195789, 37.810993], [-122.196, 37.811005], [-122.196538, 37.811017], [-122.196695, 37.81101], [-122.197018, 37.810997], [-122.197118, 37.810981], [-122.197202, 37.810958], [-122.197274, 37.81093], [-122.197401, 37.810872], [-122.197474, 37.81082], [-122.197533, 37.810778], [-122.197641, 37.810703], [-122.197791, 37.810589], [-122.198158, 37.810878], [-122.198345, 37.811033], [-122.198495, 37.811156], [-122.199019, 37.811616], [-122.199439, 37.812007], [-122.199655, 37.812202], [-122.199789, 37.812328], [-122.200338, 37.81289], [-122.20068, 37.813262], [-122.200726, 37.813311], [-122.20109, 37.813737], [-122.201258, 37.81394], [-122.201407, 37.814129], [-122.201485, 37.814219], [-122.201661, 37.814467], [-122.202024, 37.81496], [-122.202201, 37.815205], [-122.202441, 37.815535], [-122.202765, 37.81597], [-122.202864, 37.816094], [-122.203257, 37.81659], [-122.203395, 37.816755], [-122.203519, 37.816902], [-122.204209, 37.817744], [-122.204329, 37.817898], [-122.20435, 37.817921], [-122.204414, 37.817991], [-122.204436, 37.818015], [-122.204824, 37.818503], [-122.205014, 37.818742], [-122.206011, 37.819954], [-122.206186, 37.82018], [-122.2064, 37.820442], [-122.206481, 37.820541], [-122.20671, 37.820851], [-122.207288, 37.821554], [-122.207365, 37.821647], [-122.207897, 37.822275], [-122.20792, 37.8225], [-122.2087, 37.82328], [-122.209241, 37.824027], [-122.209226, 37.824057], [-122.20918, 37.824153], [-122.209084, 37.824349], [-122.209042, 37.824436], [-122.208862, 37.824479], [-122.208324, 37.82461], [-122.208145, 37.824654], [-122.20775, 37.824754], [-122.207389, 37.824847], [-122.207284, 37.824869], [-122.207223, 37.824874], [-122.207146, 37.824861], [-122.207063, 37.82482], [-122.206858, 37.824659], [-122.206769, 37.824603], [-122.20664, 37.824543], [-122.20626, 37.824395], [-122.206054, 37.824338], [-122.205953, 37.824318], [-122.205826, 37.824304], [-122.205519, 37.824282], [-122.205418, 37.82427], [-122.205325, 37.824252], [-122.205204, 37.824234], [-122.205082, 37.82421], [-122.204803, 37.824148], [-122.204562, 37.824107], [-122.204465, 37.824084], [-122.204359, 37.824051], [-122.204248, 37.823999], [-122.204132, 37.82392], [-122.20401, 37.823845], [-122.203827, 37.823759], [-122.20369, 37.823723], [-122.203615, 37.823713], [-122.20355, 37.823711], [-122.20342, 37.823724], [-122.203344, 37.823738], [-122.203227, 37.823776], [-122.203167, 37.8238], [-122.203046, 37.823867], [-122.202948, 37.823941], [-122.202789, 37.824083], [-122.202684, 37.82421], [-122.202642, 37.824271], [-122.202609, 37.824331], [-122.202578, 37.824401], [-122.202554, 37.8245], [-122.202545, 37.824644], [-122.20257, 37.82489], [-122.202605, 37.825026], [-122.202625, 37.825084], [-122.202646, 37.825143], [-122.202708, 37.825277], [-122.202738, 37.825391], [-122.202762, 37.825518], [-122.202773, 37.825634], [-122.202761, 37.825763], [-122.202738, 37.825902], [-122.202622, 37.826233], [-122.202243, 37.827288], [-122.202239, 37.827298], [-122.202232, 37.827312], [-122.202015, 37.827804], [-122.201863, 37.828103], [-122.201679, 37.828398], [-122.201583, 37.828564], [-122.201523, 37.828648], [-122.201478, 37.828702], [-122.201355, 37.82882], [-122.201221, 37.828938], [-122.200988, 37.829156], [-122.200763, 37.829323], [-122.200584, 37.829421], [-122.200159, 37.829632], [-122.19995, 37.829725], [-122.199802, 37.829792], [-122.199406, 37.829982], [-122.198928, 37.830244], [-122.198596, 37.830418], [-122.198268, 37.830577], [-122.1971, 37.831147], [-122.196771, 37.831301], [-122.196606, 37.831376], [-122.196405, 37.83145], [-122.196251, 37.831496], [-122.196161, 37.831524], [-122.195533, 37.831672], [-122.194015, 37.832052], [-122.193776, 37.832149], [-122.193574, 37.832261], [-122.193409, 37.832374], [-122.19332, 37.832452], [-122.193075, 37.83267], [-122.192939, 37.832809], [-122.192843, 37.832906], [-122.192566, 37.833213], [-122.192357, 37.833506], [-122.192109, 37.833914], [-122.191948, 37.834072], [-122.191745, 37.834209], [-122.191537, 37.834327], [-122.190895, 37.834671], [-122.189898, 37.834956], [-122.189385, 37.835092], [-122.189125, 37.835151], [-122.188884, 37.835194], [-122.188649, 37.835235], [-122.188637, 37.835235], [-122.188471, 37.835249], [-122.188338, 37.835243], [-122.188176, 37.83522], [-122.187958, 37.835173], [-122.187898, 37.835155], [-122.187659, 37.835086], [-122.187473, 37.835045], [-122.187436, 37.835037], [-122.18735, 37.835028], [-122.187283, 37.835031], [-122.187172, 37.83505], [-122.187098, 37.835084], [-122.187048, 37.835125], [-122.187014, 37.835194], [-122.187001, 37.835233], [-122.186979, 37.835304], [-122.186974, 37.835419], [-122.187082, 37.83542], [-122.187152, 37.835445], [-122.187213, 37.835486], [-122.187288, 37.83553], [-122.18736, 37.835595], [-122.187531, 37.835853], [-122.187601, 37.835901], [-122.187676, 37.83591], [-122.18779, 37.835891], [-122.187896, 37.835875], [-122.187975, 37.835851], [-122.188029, 37.83589], [-122.187853, 37.835989], [-122.187768, 37.836074], [-122.187688, 37.836185], [-122.187665, 37.83621], [-122.187639, 37.836228], [-122.187611, 37.836237], [-122.187582, 37.836247], [-122.187525, 37.836249], [-122.187449, 37.836234], [-122.187401, 37.836209], [-122.187265, 37.836088], [-122.187162, 37.836018], [-122.187077, 37.835978], [-122.186951, 37.835948], [-122.186801, 37.83593], [-122.186736, 37.835936], [-122.18668, 37.835946], [-122.186595, 37.835974], [-122.186497, 37.836022], [-122.18639, 37.836084], [-122.186228, 37.836204], [-122.186189, 37.836225], [-122.186124, 37.836245], [-122.186091, 37.836246], [-122.186024, 37.836229], [-122.185986, 37.836205], [-122.185949, 37.836169], [-122.185885, 37.836083], [-122.185824, 37.836022], [-122.18579, 37.835996], [-122.185708, 37.835906], [-122.185628, 37.835879], [-122.185525, 37.835861], [-122.185286, 37.835837], [-122.184883, 37.835835], [-122.184769, 37.835842], [-122.184696, 37.835872], [-122.184599, 37.835903], [-122.184563, 37.835915], [-122.184526, 37.835916], [-122.184509, 37.835862], [-122.18438, 37.835593], [-122.184132, 37.835047], [-122.184061, 37.834889], [-122.183958, 37.834662], [-122.183818, 37.834353], [-122.184226, 37.833717], [-122.184315, 37.833575], [-122.184764, 37.832857], [-122.18501, 37.832709], [-122.185085, 37.832612], [-122.185141, 37.832542], [-122.185207, 37.832434], [-122.185251, 37.832343], [-122.185276, 37.832297], [-122.185336, 37.83219], [-122.185375, 37.832107], [-122.185409, 37.832042], [-122.185468, 37.831945], [-122.185516, 37.831889], [-122.185525, 37.831878], [-122.185544, 37.831859], [-122.185584, 37.831818], [-122.185614, 37.831776], [-122.185647, 37.831726], [-122.185737, 37.831589], [-122.185717, 37.831389], [-122.185746, 37.831343], [-122.185843, 37.831192], [-122.186, 37.830949], [-122.186433, 37.830276], [-122.186688, 37.829877], [-122.186754, 37.829399], [-122.186961, 37.82791], [-122.187024, 37.827537], [-122.186544, 37.826792], [-122.186183, 37.826153], [-122.185729, 37.825366], [-122.185944, 37.824772], [-122.18612, 37.824285], [-122.186189, 37.824094], [-122.186368, 37.823547], [-122.186545, 37.823006], [-122.186637, 37.822774], [-122.186695, 37.822602], [-122.186871, 37.822082], [-122.186555, 37.82175], [-122.18627, 37.821447], [-122.186116, 37.821283], [-122.185577, 37.820726], [-122.184067, 37.820538], [-122.18508, 37.81975]]]]}}, {"type": "Feature", "properties": {"grade": "A", "cat": "Best", "city": "Oakland", "label": "A"}, "geometry": {"type": "MultiPolygon", "coordinates": [[[[-122.19912, 37.81035], [-122.20015, 37.81044], [-122.20162, 37.81054], [-122.20217, 37.81072], [-122.20252, 37.81099], [-122.20231, 37.81108], [-122.20188, 37.81164], [-122.20212, 37.81232], [-122.20309, 37.81296], [-122.20395, 37.81331], [-122.20499, 37.81365], [-122.20514, 37.8139], [-122.20509, 37.81448], [-122.20449, 37.81463], [-122.20411, 37.81491], [-122.20416, 37.81514], [-122.20452, 37.81542], [-122.20518, 37.81572], [-122.20637, 37.81626], [-122.20718, 37.81632], [-122.20785, 37.81615], [-122.20851, 37.81576], [-122.20941, 37.81529], [-122.20944, 37.81459], [-122.20932, 37.81395], [-122.20975, 37.8133], [-122.20958, 37.81271], [-122.20932, 37.81206], [-122.20854, 37.81072], [-122.20903, 37.81059], [-122.20958, 37.8107], [-122.21025, 37.81112], [-122.21077, 37.81144], [-122.21098, 37.81146], [-122.21186, 37.81131], [-122.21213, 37.81142], [-122.212132, 37.811424], [-122.212272, 37.811528], [-122.212483, 37.811662], [-122.212713, 37.811815], [-122.212859, 37.811913], [-122.213001, 37.81199], [-122.213261, 37.812121], [-122.213383, 37.812182], [-122.213601, 37.812292], [-122.213656, 37.812314], [-122.213885, 37.812407], [-122.214072, 37.812472], [-122.214406, 37.812577], [-122.214465, 37.812598], [-122.214333, 37.812945], [-122.214183, 37.813047], [-122.214083, 37.813132], [-122.214011, 37.813197], [-122.213982, 37.813228], [-122.213956, 37.813261], [-122.213915, 37.813326], [-122.213827, 37.813488], [-122.213691, 37.813772], [-122.213636, 37.813902], [-122.213571, 37.814025], [-122.21344, 37.814222], [-122.213385, 37.814293], [-122.213204, 37.814506], [-122.213153, 37.814567], [-122.213091, 37.814657], [-122.213035, 37.814756], [-122.212968, 37.814913], [-122.212944, 37.814995], [-122.212906, 37.815168], [-122.212826, 37.815812], [-122.212788, 37.816003], [-122.212751, 37.816127], [-122.21274, 37.816163], [-122.212707, 37.816256], [-122.212697, 37.816288], [-122.212634, 37.816423], [-122.212607, 37.816472], [-122.212472, 37.816717], [-122.21224, 37.81701], [-122.2112, 37.81782], [-122.21105, 37.818011], [-122.210587, 37.818334], [-122.210178, 37.818613], [-122.210074, 37.818684], [-122.209928, 37.81879], [-122.209557, 37.819043], [-122.208835, 37.819555], [-122.208624, 37.819748], [-122.208471, 37.819899], [-122.208321, 37.820068], [-122.208117, 37.820336], [-122.207971, 37.820587], [-122.207934, 37.820653], [-122.207901, 37.820713], [-122.207708, 37.821044], [-122.207675, 37.821089], [-122.207446, 37.821377], [-122.207331, 37.821505], [-122.207288, 37.821554], [-122.20671, 37.820851], [-122.206481, 37.820541], [-122.2064, 37.820442], [-122.206186, 37.82018], [-122.206011, 37.819954], [-122.205014, 37.818742], [-122.204824, 37.818503], [-122.204436, 37.818015], [-122.204414, 37.817991], [-122.20435, 37.817921], [-122.204329, 37.817898], [-122.204209, 37.817744], [-122.203519, 37.816902], [-122.203395, 37.816755], [-122.203257, 37.81659], [-122.202864, 37.816094], [-122.202765, 37.81597], [-122.202441, 37.815535], [-122.202201, 37.815205], [-122.202024, 37.81496], [-122.201661, 37.814467], [-122.201485, 37.814219], [-122.201407, 37.814129], [-122.201258, 37.81394], [-122.20109, 37.813737], [-122.200726, 37.813311], [-122.20068, 37.813262], [-122.200338, 37.81289], [-122.199789, 37.812328], [-122.199655, 37.812202], [-122.199439, 37.812007], [-122.199019, 37.811616], [-122.198495, 37.811156], [-122.198345, 37.811033], [-122.198158, 37.810878], [-122.197791, 37.810589], [-122.197991, 37.810439], [-122.198065, 37.810396], [-122.198078, 37.810389], [-122.198214, 37.810318], [-122.198327, 37.810268], [-122.198349, 37.810259], [-122.198444, 37.810226], [-122.19857, 37.810205], [-122.198635, 37.8102], [-122.19912, 37.81035]]]]}}, {"type": "Feature", "properties": {"grade": "A", "cat": "Best", "city": "Oakland", "label": "A"}, "geometry": {"type": "MultiPolygon", "coordinates": [[[[-122.21284, 37.81171], [-122.213546, 37.812004], [-122.213383, 37.812182], [-122.213261, 37.812121], [-122.213001, 37.81199], [-122.212859, 37.811913], [-122.212713, 37.811815], [-122.212483, 37.811662], [-122.212272, 37.811528], [-122.212132, 37.811424], [-122.21213, 37.81142], [-122.21284, 37.81171]]]]}}, {"type": "Feature", "properties": {"grade": "A", "cat": "Best", "city": "Oakland", "label": "A"}, "geometry": {"type": "MultiPolygon", "coordinates": [[[[-122.21452, 37.81241], [-122.21448, 37.81256], [-122.214465, 37.812598], [-122.214406, 37.812577], [-122.214072, 37.812472], [-122.213885, 37.812407], [-122.213656, 37.812314], [-122.213601, 37.812292], [-122.213383, 37.812182], [-122.213546, 37.812004], [-122.21452, 37.81241]]]]}}, {"type": "Feature", "properties": {"grade": "A", "cat": "Best", "city": "Oakland", "label": "A"}, "geometry": {"type": "MultiPolygon", "coordinates": [[[[-122.19708, 37.8096], [-122.19815, 37.81005], [-122.198635, 37.8102], [-122.19857, 37.810205], [-122.198444, 37.810226], [-122.198349, 37.810259], [-122.198327, 37.810268], [-122.198214, 37.810318], [-122.198078, 37.810389], [-122.198065, 37.810396], [-122.197991, 37.810439], [-122.197791, 37.810589], [-122.19771, 37.810518], [-122.197246, 37.810169], [-122.196704, 37.809775], [-122.196241, 37.809423], [-122.19708, 37.8096]]]]}}, {"type": "Feature", "properties": {"grade": "A", "cat": "Best", "city": "Oakland", "label": "A"}, "geometry": {"type": "MultiPolygon", "coordinates": [[[[-122.17761, 37.80413], [-122.17764, 37.80353], [-122.17749, 37.80306], [-122.17714, 37.80255], [-122.17719, 37.80225], [-122.17818, 37.80152], [-122.17904, 37.80126], [-122.1797, 37.80113], [-122.18087, 37.80113], [-122.18175, 37.80132], [-122.18265, 37.80173], [-122.18389, 37.80222], [-122.18503, 37.80265], [-122.18598, 37.80304], [-122.18629, 37.80342], [-122.18664, 37.80408], [-122.18726, 37.80477], [-122.18769, 37.80539], [-122.18828, 37.80584], [-122.18988, 37.80605], [-122.19061, 37.8062], [-122.1908, 37.80633], [-122.19107, 37.80665], [-122.19252, 37.80755], [-122.19397, 37.80839], [-122.19558, 37.80926], [-122.19618, 37.80941], [-122.196241, 37.809423], [-122.196704, 37.809775], [-122.197246, 37.810169], [-122.19771, 37.810518], [-122.197791, 37.810589], [-122.197641, 37.810703], [-122.197533, 37.810778], [-122.197474, 37.81082], [-122.197401, 37.810872], [-122.197274, 37.81093], [-122.197202, 37.810958], [-122.197118, 37.810981], [-122.197018, 37.810997], [-122.196695, 37.81101], [-122.196538, 37.811017], [-122.196, 37.811005], [-122.195789, 37.810993], [-122.195582, 37.810971], [-122.195181, 37.810911], [-122.194649, 37.810822], [-122.194597, 37.810811], [-122.194441, 37.810778], [-122.19439, 37.810767], [-122.194073, 37.810697], [-122.193702, 37.810616], [-122.193224, 37.810501], [-122.193125, 37.810472], [-122.192814, 37.810383], [-122.192656, 37.810316], [-122.192421, 37.810216], [-122.192193, 37.810095], [-122.192042, 37.810016], [-122.191651, 37.80983], [-122.191544, 37.809786], [-122.191459, 37.809752], [-122.191324, 37.809712], [-122.191138, 37.809672], [-122.190973, 37.80965], [-122.190779, 37.809644], [-122.190476, 37.809659], [-122.189922, 37.809725], [-122.189378, 37.809791], [-122.189254, 37.809809], [-122.189075, 37.809825], [-122.188974, 37.809827], [-122.188878, 37.809822], [-122.188808, 37.80981], [-122.188712, 37.809799], [-122.188541, 37.809764], [-122.188484, 37.809746], [-122.188353, 37.809706], [-122.187805, 37.809512], [-122.187591, 37.809443], [-122.187506, 37.80942], [-122.187405, 37.809398], [-122.18733, 37.809387], [-122.187089, 37.80933], [-122.187021, 37.809319], [-122.186884, 37.809309], [-122.186745, 37.809314], [-122.186403, 37.809362], [-122.186096, 37.809421], [-122.185853, 37.809478], [-122.185794, 37.809493], [-122.185454, 37.809589], [-122.184984, 37.809723], [-122.18479, 37.809744], [-122.184634, 37.809754], [-122.184432, 37.809758], [-122.184084, 37.809747], [-122.183787, 37.809723], [-122.183583, 37.809691], [-122.183394, 37.809662], [-122.183238, 37.809629], [-122.183105, 37.809602], [-122.182763, 37.80951], [-122.182685, 37.80949], [-122.182357, 37.809384], [-122.182058, 37.809261], [-122.181536, 37.808996], [-122.181421, 37.80893], [-122.181329, 37.808877], [-122.18118, 37.808785], [-122.181015, 37.80866], [-122.180812, 37.808475], [-122.180688, 37.808338], [-122.180475, 37.808056], [-122.180468, 37.808047], [-122.180405, 37.807935], [-122.179883, 37.806868], [-122.179793, 37.806663], [-122.179494, 37.80583], [-122.179286, 37.80525], [-122.179213, 37.805068], [-122.179157, 37.804981], [-122.17917, 37.804965], [-122.179109, 37.804905], [-122.179069, 37.804843], [-122.179051, 37.804821], [-122.178984, 37.804738], [-122.178902, 37.804637], [-122.178814, 37.804543], [-122.178702, 37.804432], [-122.178425, 37.804202], [-122.178199, 37.804014], [-122.178139, 37.803964], [-122.177652, 37.804271], [-122.17761, 37.80413]]]]}}, {"type": "Feature", "properties": {"grade": "A", "cat": "Best", "city": "Oakland", "label": "A"}, "geometry": {"type": "MultiPolygon", "coordinates": [[[[-122.21046, 37.81876], [-122.210446, 37.818779], [-122.210251, 37.818655], [-122.210178, 37.818613], [-122.210587, 37.818334], [-122.21105, 37.818011], [-122.21046, 37.81876]]], [[[-122.21422, 37.81324], [-122.21379, 37.81371], [-122.21338, 37.81438], [-122.21317, 37.81559], [-122.21277, 37.81634], [-122.212472, 37.816717], [-122.212607, 37.816472], [-122.212634, 37.816423], [-122.212697, 37.816288], [-122.212707, 37.816256], [-122.21274, 37.816163], [-122.212751, 37.816127], [-122.212788, 37.816003], [-122.212826, 37.815812], [-122.212906, 37.815168], [-122.212944, 37.814995], [-122.212968, 37.814913], [-122.213035, 37.814756], [-122.213091, 37.814657], [-122.213153, 37.814567], [-122.213204, 37.814506], [-122.213385, 37.814293], [-122.21344, 37.814222], [-122.213571, 37.814025], [-122.213636, 37.813902], [-122.213691, 37.813772], [-122.213827, 37.813488], [-122.213915, 37.813326], [-122.213956, 37.813261], [-122.213982, 37.813228], [-122.214011, 37.813197], [-122.214083, 37.813132], [-122.214183, 37.813047], [-122.214333, 37.812945], [-122.21422, 37.81324]]]]}}, {"type": "Feature", "properties": {"grade": "A", "cat": "Best", "city": "Oakland", "label": "A"}, "geometry": {"type": "MultiPolygon", "coordinates": [[[[-122.17809, 37.80599], [-122.17783, 37.80486], [-122.177652, 37.804271], [-122.178139, 37.803964], [-122.178199, 37.804014], [-122.178425, 37.804202], [-122.178702, 37.804432], [-122.178814, 37.804543], [-122.178902, 37.804637], [-122.178984, 37.804738], [-122.179051, 37.804821], [-122.179069, 37.804843], [-122.179109, 37.804905], [-122.17917, 37.804965], [-122.179157, 37.804981], [-122.179139, 37.805002], [-122.179036, 37.805126], [-122.179, 37.80517], [-122.178812, 37.805401], [-122.178805, 37.805409], [-122.178507, 37.80577], [-122.178297, 37.806025], [-122.178191, 37.806154], [-122.17809, 37.80599]]]]}}, {"type": "Feature", "properties": {"grade": "A", "cat": "Best", "city": "Oakland", "label": "A"}, "geometry": {"type": "MultiPolygon", "coordinates": [[[[-122.18674, 37.83802], [-122.18607, 37.83783], [-122.1851, 37.83744], [-122.18427, 37.8356], [-122.1842, 37.83526], [-122.18367, 37.83466], [-122.18372, 37.83427], [-122.18372, 37.83389], [-122.18413, 37.83316], [-122.18486, 37.83224], [-122.18536, 37.83138], [-122.1852, 37.83068], [-122.18565, 37.83008], [-122.18586, 37.82939], [-122.18588, 37.82877], [-122.1861, 37.828], [-122.18579, 37.82715], [-122.18548, 37.82623], [-122.18517, 37.82586], [-122.18505, 37.82537], [-122.18522, 37.82497], [-122.18572, 37.8242], [-122.186, 37.82353], [-122.18631, 37.82272], [-122.18641, 37.82221], [-122.18588, 37.82163], [-122.18546, 37.82139], [-122.18522, 37.82129], [-122.18503, 37.82109], [-122.18382, 37.82073], [-122.184067, 37.820538], [-122.185577, 37.820726], [-122.186116, 37.821283], [-122.18627, 37.821447], [-122.186555, 37.82175], [-122.186871, 37.822082], [-122.186695, 37.822602], [-122.186637, 37.822774], [-122.186545, 37.823006], [-122.186368, 37.823547], [-122.186189, 37.824094], [-122.18612, 37.824285], [-122.185944, 37.824772], [-122.185729, 37.825366], [-122.186183, 37.826153], [-122.186544, 37.826792], [-122.187024, 37.827537], [-122.186961, 37.82791], [-122.186754, 37.829399], [-122.186688, 37.829877], [-122.186433, 37.830276], [-122.186, 37.830949], [-122.185843, 37.831192], [-122.185746, 37.831343], [-122.185717, 37.831389], [-122.185737, 37.831589], [-122.185647, 37.831726], [-122.185614, 37.831776], [-122.185584, 37.831818], [-122.185544, 37.831859], [-122.185525, 37.831878], [-122.185516, 37.831889], [-122.185468, 37.831945], [-122.185409, 37.832042], [-122.185375, 37.832107], [-122.185336, 37.83219], [-122.185276, 37.832297], [-122.185251, 37.832343], [-122.185207, 37.832434], [-122.185141, 37.832542], [-122.185085, 37.832612], [-122.18501, 37.832709], [-122.184764, 37.832857], [-122.184315, 37.833575], [-122.184226, 37.833717], [-122.183818, 37.834353], [-122.183958, 37.834662], [-122.184061, 37.834889], [-122.184132, 37.835047], [-122.18438, 37.835593], [-122.184509, 37.835862], [-122.184526, 37.835916], [-122.184537, 37.835942], [-122.184553, 37.835981], [-122.184581, 37.83605], [-122.184911, 37.836852], [-122.185116, 37.837353], [-122.185269, 37.837388], [-122.185491, 37.83744], [-122.186916, 37.837772], [-122.187004, 37.837776], [-122.187067, 37.837799], [-122.187138, 37.837818], [-122.187204, 37.837838], [-122.187268, 37.837853], [-122.187335, 37.837866], [-122.187401, 37.837871], [-122.187918, 37.837815], [-122.188601, 37.837752], [-122.188765, 37.837737], [-122.188923, 37.8379], [-122.188992, 37.83797], [-122.188923, 37.837966], [-122.188867, 37.837957], [-122.188671, 37.837919], [-122.188496, 37.8379], [-122.188379, 37.837898], [-122.18827, 37.837905], [-122.188025, 37.838017], [-122.187847, 37.838102], [-122.187729, 37.838159], [-122.18674, 37.83802]]]]}}, {"type": "Feature", "properties": {"grade": "A", "cat": "Best", "city": "Oakland", "label": "A"}, "geometry": {"type": "MultiPolygon", "coordinates": [[[[-122.19477, 37.84247], [-122.19444, 37.84208], [-122.19418, 37.84131], [-122.19392, 37.84104], [-122.19318, 37.84097], [-122.19304, 37.84089], [-122.19216, 37.84052], [-122.19161, 37.84018], [-122.19088, 37.8395], [-122.18997, 37.83887], [-122.18916, 37.83836], [-122.187729, 37.838159], [-122.187847, 37.838102], [-122.188025, 37.838017], [-122.18827, 37.837905], [-122.188379, 37.837898], [-122.188496, 37.8379], [-122.188671, 37.837919], [-122.188867, 37.837957], [-122.188923, 37.837966], [-122.188992, 37.83797], [-122.189072, 37.837975], [-122.189218, 37.838078], [-122.190009, 37.838674], [-122.190567, 37.839094], [-122.191172, 37.839548], [-122.191624, 37.839901], [-122.192069, 37.840249], [-122.192567, 37.840368], [-122.193586, 37.840612], [-122.193688, 37.840656], [-122.193665, 37.840758], [-122.193698, 37.84083], [-122.193926, 37.840983], [-122.19394, 37.840984], [-122.193953, 37.84099], [-122.193968, 37.840998], [-122.193983, 37.841005], [-122.193998, 37.841012], [-122.194014, 37.841019], [-122.194034, 37.841027], [-122.194123, 37.841071], [-122.194121, 37.841091], [-122.194121, 37.841105], [-122.194122, 37.841149], [-122.194123, 37.841164], [-122.194124, 37.841193], [-122.194191, 37.841284], [-122.194304, 37.841366], [-122.194458, 37.841427], [-122.1946, 37.841468], [-122.194771, 37.841487], [-122.194988, 37.841524], [-122.195124, 37.841553], [-122.195214, 37.841593], [-122.195268, 37.84163], [-122.195335, 37.841688], [-122.195623, 37.841913], [-122.195389, 37.842579], [-122.195348, 37.842626], [-122.195186, 37.842826], [-122.195177, 37.842837], [-122.19477, 37.84247]]]]}}, {"type": "Feature", "properties": {"grade": "A", "cat": "Best", "city": "Oakland", "label": "A1"}, "geometry": {"type": "MultiPolygon", "coordinates": [[[[-122.26836, 37.90395], [-122.26797, 37.90362], [-122.26758, 37.90327], [-122.26706, 37.9029], [-122.26662, 37.9026], [-122.26596, 37.90209], [-122.26554, 37.90175], [-122.26458, 37.9013], [-122.26387, 37.90086], [-122.26319, 37.90039], [-122.26183, 37.89921], [-122.261412, 37.898979], [-122.261476, 37.898922], [-122.261541, 37.898864], [-122.261606, 37.898807], [-122.261668, 37.898762], [-122.261959, 37.898485], [-122.261882, 37.898412], [-122.261731, 37.898289], [-122.261205, 37.897858], [-122.261027, 37.897729], [-122.260784, 37.897553], [-122.260975, 37.897434], [-122.261549, 37.897079], [-122.261692, 37.896991], [-122.261715, 37.896978], [-122.261737, 37.896956], [-122.261926, 37.896829], [-122.262493, 37.896452], [-122.262683, 37.896326], [-122.26284, 37.896221], [-122.263312, 37.895908], [-122.26347, 37.895804], [-122.263591, 37.895741], [-122.263665, 37.895696], [-122.26424, 37.895355], [-122.264432, 37.895242], [-122.264489, 37.895201], [-122.264661, 37.895081], [-122.264719, 37.895041], [-122.265626, 37.89447], [-122.266167, 37.894135], [-122.267737, 37.893131], [-122.267945, 37.893277], [-122.267986, 37.893313], [-122.268032, 37.893367], [-122.26844, 37.893924], [-122.268544, 37.8941], [-122.268573, 37.894186], [-122.268583, 37.894245], [-122.268584, 37.894326], [-122.268575, 37.894443], [-122.268549, 37.894619], [-122.268531, 37.894691], [-122.268527, 37.894745], [-122.26853, 37.89479], [-122.26856, 37.894853], [-122.268597, 37.894898], [-122.268659, 37.894944], [-122.268727, 37.894985], [-122.269187, 37.895299], [-122.269342, 37.895475], [-122.269353, 37.895498], [-122.269364, 37.895521], [-122.269381, 37.89557], [-122.269387, 37.895615], [-122.269387, 37.895751], [-122.269374, 37.895832], [-122.269336, 37.895989], [-122.269253, 37.896218], [-122.269245, 37.896252], [-122.269241, 37.896272], [-122.26923, 37.896412], [-122.269239, 37.896511], [-122.26928, 37.896664], [-122.269333, 37.896778], [-122.269384, 37.896859], [-122.269489, 37.896999], [-122.269532, 37.89704], [-122.269546, 37.897057], [-122.269648, 37.897181], [-122.269726, 37.89728], [-122.269756, 37.897322], [-122.269837, 37.897434], [-122.269878, 37.897529], [-122.269913, 37.897818], [-122.269924, 37.897903], [-122.269943, 37.897994], [-122.269984, 37.898203], [-122.270013, 37.89835], [-122.270025, 37.898386], [-122.270083, 37.898486], [-122.270311, 37.898736], [-122.270456, 37.898894], [-122.270549, 37.898988], [-122.270829, 37.89927], [-122.270923, 37.899365], [-122.270977, 37.899429], [-122.27114, 37.899624], [-122.271146, 37.899632], [-122.271186, 37.899696], [-122.270992, 37.899861], [-122.270935, 37.899911], [-122.270703, 37.900121], [-122.270399, 37.900385], [-122.270199, 37.900572], [-122.26997, 37.90081], [-122.269787, 37.901024], [-122.269588, 37.901259], [-122.269575, 37.901304], [-122.269571, 37.90134], [-122.269577, 37.901389], [-122.26959, 37.901434], [-122.269615, 37.901475], [-122.269649, 37.901507], [-122.26968, 37.901525], [-122.269743, 37.901553], [-122.269821, 37.901571], [-122.2699, 37.901581], [-122.269959, 37.901581], [-122.270029, 37.901572], [-122.270112, 37.901555], [-122.270177, 37.901533], [-122.270291, 37.90156], [-122.270308, 37.901565], [-122.270456, 37.901607], [-122.27051, 37.901634], [-122.270576, 37.901684], [-122.270604, 37.901711], [-122.270618, 37.901725], [-122.27068, 37.901802], [-122.270683, 37.901923], [-122.270673, 37.902096], [-122.270667, 37.902225], [-122.270612, 37.902761], [-122.270593, 37.902976], [-122.270569, 37.90327], [-122.270546, 37.90351], [-122.27052, 37.903793], [-122.270516, 37.903919], [-122.2705, 37.904081], [-122.270487, 37.904117], [-122.270456, 37.904162], [-122.270413, 37.904201], [-122.270319, 37.904287], [-122.270293, 37.904323], [-122.270269, 37.904345], [-122.270237, 37.904363], [-122.270154, 37.904396], [-122.270085, 37.90441], [-122.270011, 37.904425], [-122.269934, 37.904431], [-122.26986, 37.904428], [-122.269818, 37.90442], [-122.269617, 37.904358], [-122.269584, 37.904348], [-122.269528, 37.904327], [-122.269469, 37.904302], [-122.269446, 37.904296], [-122.269405, 37.90428], [-122.269381, 37.904271], [-122.269284, 37.904226], [-122.269232, 37.904197], [-122.269194, 37.904182], [-122.269162, 37.904176], [-122.269121, 37.904166], [-122.269057, 37.904156], [-122.269014, 37.904147], [-122.268838, 37.904111], [-122.268578, 37.904047], [-122.268477, 37.904023], [-122.26836, 37.90395]]]]}}, {"type": "Feature", "properties": {"grade": "A", "cat": "Best", "city": "Oakland", "label": "A1"}, "geometry": {"type": "MultiPolygon", "coordinates": [[[[-122.27393, 37.90453], [-122.27351, 37.90491], [-122.27319, 37.90511], [-122.27244, 37.90537], [-122.27174, 37.90557], [-122.27116, 37.90573], [-122.271118, 37.905751], [-122.271541, 37.904941], [-122.271479, 37.904918], [-122.270349, 37.904391], [-122.270237, 37.904363], [-122.270269, 37.904345], [-122.270293, 37.904323], [-122.270319, 37.904287], [-122.270413, 37.904201], [-122.270456, 37.904162], [-122.270487, 37.904117], [-122.2705, 37.904081], [-122.270516, 37.903919], [-122.27052, 37.903793], [-122.270546, 37.90351], [-122.270569, 37.90327], [-122.270593, 37.902976], [-122.270612, 37.902761], [-122.270667, 37.902225], [-122.270673, 37.902096], [-122.270683, 37.901923], [-122.27068, 37.901802], [-122.270618, 37.901725], [-122.270604, 37.901711], [-122.270576, 37.901684], [-122.27051, 37.901634], [-122.270456, 37.901607], [-122.270308, 37.901565], [-122.270291, 37.90156], [-122.270177, 37.901533], [-122.270112, 37.901555], [-122.270029, 37.901572], [-122.269959, 37.901581], [-122.2699, 37.901581], [-122.269821, 37.901571], [-122.269743, 37.901553], [-122.26968, 37.901525], [-122.269649, 37.901507], [-122.269615, 37.901475], [-122.26959, 37.901434], [-122.269577, 37.901389], [-122.269571, 37.90134], [-122.269575, 37.901304], [-122.269588, 37.901259], [-122.269787, 37.901024], [-122.26997, 37.90081], [-122.270199, 37.900572], [-122.270399, 37.900385], [-122.270703, 37.900121], [-122.270935, 37.899911], [-122.270992, 37.899861], [-122.271186, 37.899696], [-122.271146, 37.899632], [-122.27114, 37.899624], [-122.270977, 37.899429], [-122.270923, 37.899365], [-122.270829, 37.89927], [-122.270549, 37.898988], [-122.270456, 37.898894], [-122.270311, 37.898736], [-122.270083, 37.898486], [-122.270025, 37.898386], [-122.270013, 37.89835], [-122.269984, 37.898203], [-122.269943, 37.897994], [-122.269924, 37.897903], [-122.269913, 37.897818], [-122.269878, 37.897529], [-122.269837, 37.897434], [-122.269756, 37.897322], [-122.269726, 37.89728], [-122.269648, 37.897181], [-122.269546, 37.897057], [-122.269532, 37.89704], [-122.269489, 37.896999], [-122.269384, 37.896859], [-122.269333, 37.896778], [-122.26928, 37.896664], [-122.269239, 37.896511], [-122.26923, 37.896412], [-122.269241, 37.896272], [-122.269245, 37.896252], [-122.269253, 37.896218], [-122.269336, 37.895989], [-122.269374, 37.895832], [-122.269387, 37.895751], [-122.269387, 37.895615], [-122.269381, 37.89557], [-122.269364, 37.895521], [-122.269353, 37.895498], [-122.269342, 37.895475], [-122.269187, 37.895299], [-122.268727, 37.894985], [-122.268659, 37.894944], [-122.268597, 37.894898], [-122.26856, 37.894853], [-122.26853, 37.89479], [-122.268527, 37.894745], [-122.268531, 37.894691], [-122.268549, 37.894619], [-122.268575, 37.894443], [-122.268584, 37.894326], [-122.268583, 37.894245], [-122.268573, 37.894186], [-122.268544, 37.8941], [-122.26844, 37.893924], [-122.268032, 37.893367], [-122.267986, 37.893313], [-122.267945, 37.893277], [-122.267737, 37.893131], [-122.267892, 37.893025], [-122.268359, 37.892709], [-122.268515, 37.892604], [-122.268667, 37.892511], [-122.268868, 37.89239], [-122.269101, 37.892201], [-122.26924, 37.89209], [-122.269427, 37.891991], [-122.269436, 37.891987], [-122.26946, 37.892], [-122.27026, 37.89151], [-122.27034, 37.89186], [-122.27064, 37.89213], [-122.27108, 37.89225], [-122.27188, 37.89227], [-122.27237, 37.89222], [-122.27217, 37.89147], [-122.27238, 37.89077], [-122.27251, 37.89097], [-122.27322, 37.89155], [-122.27374, 37.89192], [-122.27427, 37.89232], [-122.27448, 37.89267], [-122.2747, 37.89304], [-122.27474, 37.89371], [-122.27561, 37.89495], [-122.27633, 37.89563], [-122.27656, 37.89586], [-122.27671, 37.89597], [-122.27778, 37.89626], [-122.27801, 37.89623], [-122.27836, 37.89623], [-122.27857, 37.89631], [-122.27861, 37.89646], [-122.27825, 37.89655], [-122.27803, 37.89682], [-122.278, 37.89706], [-122.27847, 37.8971], [-122.27844, 37.89728], [-122.27836, 37.89757], [-122.27807, 37.89785], [-122.27831, 37.89784], [-122.27872, 37.89789], [-122.2792, 37.89798], [-122.27952, 37.89807], [-122.27978, 37.89826], [-122.28, 37.89846], [-122.28018, 37.8987], [-122.28023, 37.89887], [-122.28014, 37.89912], [-122.28005, 37.89924], [-122.27964, 37.89943], [-122.27908, 37.89967], [-122.27938, 37.90024], [-122.2793, 37.90027], [-122.27907, 37.90036], [-122.2788, 37.90039], [-122.27843, 37.90034], [-122.27821, 37.90022], [-122.2781, 37.90003], [-122.2779, 37.89987], [-122.27749, 37.89974], [-122.2771, 37.89975], [-122.27682, 37.89982], [-122.27678, 37.9], [-122.27679, 37.90023], [-122.27681, 37.90074], [-122.2767, 37.90106], [-122.27662, 37.90144], [-122.27674, 37.90181], [-122.27703, 37.90213], [-122.27738, 37.90246], [-122.27763, 37.90282], [-122.27712, 37.90319], [-122.27677, 37.90336], [-122.276418, 37.903493], [-122.275742, 37.903652], [-122.274811, 37.903872], [-122.274556, 37.904123], [-122.27393, 37.90453]], [[-122.27408, 37.89475], [-122.27341, 37.89487], [-122.27292, 37.89495], [-122.27259, 37.89504], [-122.27264, 37.89531], [-122.2728, 37.89547], [-122.27301, 37.89561], [-122.2733, 37.89563], [-122.27394, 37.89554], [-122.27447, 37.89559], [-122.27476, 37.89579], [-122.27484, 37.89539], [-122.27475, 37.8951], [-122.27454, 37.89489], [-122.27408, 37.89475]]]]}}, {"type": "Feature", "properties": {"grade": "A", "cat": "Best", "city": "Oakland", "label": "A1"}, "geometry": {"type": "MultiPolygon", "coordinates": [[[[-122.26728, 37.8904], [-122.26776, 37.89081], [-122.26879, 37.89163], [-122.269436, 37.891987], [-122.269427, 37.891991], [-122.26924, 37.89209], [-122.269101, 37.892201], [-122.268868, 37.89239], [-122.268667, 37.892511], [-122.268515, 37.892604], [-122.268359, 37.892709], [-122.267892, 37.893025], [-122.267737, 37.893131], [-122.267459, 37.892978], [-122.267248, 37.892862], [-122.267147, 37.892796], [-122.267084, 37.892744], [-122.26703, 37.892678], [-122.266962, 37.892549], [-122.266941, 37.892459], [-122.266936, 37.892403], [-122.266939, 37.89234], [-122.266941, 37.892325], [-122.266948, 37.892278], [-122.266954, 37.892245], [-122.266996, 37.892108], [-122.267007, 37.892072], [-122.267049, 37.89198], [-122.267072, 37.891943], [-122.26712, 37.89187], [-122.26714, 37.891832], [-122.267161, 37.891794], [-122.267192, 37.89169], [-122.26721, 37.891602], [-122.267243, 37.891334], [-122.267253, 37.891222], [-122.267248, 37.890991], [-122.267246, 37.890888], [-122.267236, 37.890789], [-122.267223, 37.890716], [-122.267186, 37.8905], [-122.267174, 37.890428], [-122.267164, 37.890348], [-122.26728, 37.8904]]]]}}, {"type": "Feature", "properties": {"grade": "A", "cat": "Best", "city": "Oakland", "label": "A1"}, "geometry": {"type": "MultiPolygon", "coordinates": [[[[-122.26105, 37.89878], [-122.26006, 37.89779], [-122.25927, 37.89714], [-122.2584, 37.89636], [-122.25805, 37.89583], [-122.25734, 37.89463], [-122.25793, 37.89423], [-122.2583, 37.89404], [-122.25855, 37.89325], [-122.25863, 37.89291], [-122.25925, 37.89346], [-122.25954, 37.89388], [-122.26001, 37.89411], [-122.26059, 37.89406], [-122.26264, 37.89357], [-122.26202, 37.89321], [-122.26136, 37.893], [-122.26105, 37.89286], [-122.26093, 37.89271], [-122.26087, 37.89218], [-122.26223, 37.89188], [-122.26268, 37.8917], [-122.26314, 37.89137], [-122.26353, 37.89106], [-122.26407, 37.89062], [-122.2649, 37.89022], [-122.26535, 37.89002], [-122.26591, 37.89001], [-122.26654, 37.89007], [-122.267164, 37.890348], [-122.267174, 37.890428], [-122.267186, 37.8905], [-122.267223, 37.890716], [-122.267236, 37.890789], [-122.267246, 37.890888], [-122.267248, 37.890991], [-122.267253, 37.891222], [-122.267243, 37.891334], [-122.26721, 37.891602], [-122.267192, 37.89169], [-122.267161, 37.891794], [-122.26714, 37.891832], [-122.26712, 37.89187], [-122.267072, 37.891943], [-122.267049, 37.89198], [-122.267007, 37.892072], [-122.266996, 37.892108], [-122.266954, 37.892245], [-122.266948, 37.892278], [-122.266941, 37.892325], [-122.266939, 37.89234], [-122.266936, 37.892403], [-122.266941, 37.892459], [-122.266962, 37.892549], [-122.26703, 37.892678], [-122.267084, 37.892744], [-122.267147, 37.892796], [-122.267248, 37.892862], [-122.267459, 37.892978], [-122.267737, 37.893131], [-122.266167, 37.894135], [-122.265626, 37.89447], [-122.264719, 37.895041], [-122.264661, 37.895081], [-122.264489, 37.895201], [-122.264432, 37.895242], [-122.26424, 37.895355], [-122.263665, 37.895696], [-122.263591, 37.895741], [-122.26347, 37.895804], [-122.263312, 37.895908], [-122.26284, 37.896221], [-122.262683, 37.896326], [-122.262493, 37.896452], [-122.261926, 37.896829], [-122.261737, 37.896956], [-122.261715, 37.896978], [-122.261692, 37.896991], [-122.261549, 37.897079], [-122.260975, 37.897434], [-122.260784, 37.897553], [-122.261027, 37.897729], [-122.261205, 37.897858], [-122.261731, 37.898289], [-122.261882, 37.898412], [-122.261959, 37.898485], [-122.261668, 37.898762], [-122.261606, 37.898807], [-122.261541, 37.898864], [-122.261476, 37.898922], [-122.261412, 37.898979], [-122.26105, 37.89878]], [[-122.26357, 37.89245], [-122.26385, 37.8926], [-122.26423, 37.89252], [-122.26418, 37.89213], [-122.26351, 37.89224], [-122.26357, 37.89245]]]]}}, {"type": "Feature", "properties": {"grade": "A", "cat": "Best", "city": "Oakland", "label": "A1"}, "geometry": {"type": "MultiPolygon", "coordinates": [[[[-122.27082, 37.9059], [-122.27078, 37.906], [-122.27024, 37.90601], [-122.27022, 37.90566], [-122.2703, 37.90543], [-122.27034, 37.90523], [-122.26983, 37.90487], [-122.268477, 37.904023], [-122.268578, 37.904047], [-122.268838, 37.904111], [-122.269014, 37.904147], [-122.269057, 37.904156], [-122.269121, 37.904166], [-122.269162, 37.904176], [-122.269194, 37.904182], [-122.269232, 37.904197], [-122.269284, 37.904226], [-122.269381, 37.904271], [-122.269405, 37.90428], [-122.269446, 37.904296], [-122.269469, 37.904302], [-122.269528, 37.904327], [-122.269584, 37.904348], [-122.269617, 37.904358], [-122.269818, 37.90442], [-122.26986, 37.904428], [-122.269934, 37.904431], [-122.270011, 37.904425], [-122.270085, 37.90441], [-122.270154, 37.904396], [-122.270237, 37.904363], [-122.270349, 37.904391], [-122.271479, 37.904918], [-122.271541, 37.904941], [-122.271118, 37.905751], [-122.27082, 37.9059]]], [[[-122.27584, 37.90371], [-122.2751, 37.90392], [-122.27456, 37.90412], [-122.274556, 37.904123], [-122.274811, 37.903872], [-122.275742, 37.903652], [-122.276418, 37.903493], [-122.27584, 37.90371]]]]}}, {"type": "Feature", "properties": {"grade": "A", "cat": "Best", "city": "Oakland", "label": "A10"}, "geometry": {"type": "MultiPolygon", "coordinates": [[[[-122.23702, 37.80679], [-122.23629, 37.80666], [-122.23503, 37.80666], [-122.23403, 37.80671], [-122.23436, 37.80611], [-122.23441, 37.80566], [-122.23429, 37.80515], [-122.234489, 37.805098], [-122.234639, 37.805191], [-122.235002, 37.805392], [-122.2352, 37.805509], [-122.235416, 37.805624], [-122.235786, 37.805808], [-122.235913, 37.805868], [-122.236576, 37.806181], [-122.236678, 37.806225], [-122.236708, 37.806238], [-122.236984, 37.806361], [-122.237086, 37.806407], [-122.237215, 37.806465], [-122.237605, 37.806639], [-122.237735, 37.806698], [-122.237934, 37.80679], [-122.23702, 37.80679]]]]}}, {"type": "Feature", "properties": {"grade": "A", "cat": "Best", "city": "Oakland", "label": "A10"}, "geometry": {"type": "MultiPolygon", "coordinates": [[[[-122.23586, 37.80474], [-122.23721, 37.8053], [-122.23752, 37.80532], [-122.24175, 37.80673], [-122.24467, 37.80474], [-122.24598, 37.80515], [-122.24387, 37.80788], [-122.24382, 37.80766], [-122.24323, 37.80741], [-122.24228, 37.80753], [-122.24204, 37.80796], [-122.24161, 37.80811], [-122.24092, 37.80798], [-122.23997, 37.80764], [-122.23902, 37.80709], [-122.23835, 37.80679], [-122.237934, 37.80679], [-122.237735, 37.806698], [-122.237605, 37.806639], [-122.237215, 37.806465], [-122.237086, 37.806407], [-122.236984, 37.806361], [-122.236708, 37.806238], [-122.236678, 37.806225], [-122.236576, 37.806181], [-122.235913, 37.805868], [-122.235786, 37.805808], [-122.235416, 37.805624], [-122.2352, 37.805509], [-122.235002, 37.805392], [-122.234639, 37.805191], [-122.234489, 37.805098], [-122.23586, 37.80474]]]]}}, {"type": "Feature", "properties": {"grade": "A", "cat": "Best", "city": "Oakland", "label": "A11"}, "geometry": {"type": "MultiPolygon", "coordinates": [[[[-122.20337, 37.8113], [-122.2038, 37.81147], [-122.2042, 37.81145], [-122.20456, 37.81134], [-122.20468, 37.81098], [-122.20475, 37.81042], [-122.20496, 37.80995], [-122.20506, 37.80967], [-122.20527, 37.80942], [-122.20575, 37.80929], [-122.20601, 37.80922], [-122.20703, 37.80974], [-122.20627, 37.81047], [-122.20625, 37.81074], [-122.2063, 37.81085], [-122.20639, 37.81087], [-122.20672, 37.81077], [-122.20722, 37.81055], [-122.20784, 37.81049], [-122.20854, 37.81072], [-122.20932, 37.81206], [-122.20958, 37.81271], [-122.20975, 37.8133], [-122.20932, 37.81395], [-122.20944, 37.81459], [-122.20941, 37.81529], [-122.20851, 37.81576], [-122.20785, 37.81615], [-122.20718, 37.81632], [-122.20637, 37.81626], [-122.20518, 37.81572], [-122.20452, 37.81542], [-122.20416, 37.81514], [-122.20411, 37.81491], [-122.20449, 37.81463], [-122.20509, 37.81448], [-122.20514, 37.8139], [-122.20499, 37.81365], [-122.20395, 37.81331], [-122.20309, 37.81296], [-122.20212, 37.81232], [-122.20188, 37.81164], [-122.20231, 37.81108], [-122.20252, 37.81099], [-122.20337, 37.8113]]]]}}, {"type": "Feature", "properties": {"grade": "A", "cat": "Best", "city": "Oakland", "label": "A2"}, "geometry": {"type": "MultiPolygon", "coordinates": [[[[-122.27763, 37.90282], [-122.27738, 37.90246], [-122.27703, 37.90213], [-122.27674, 37.90181], [-122.27662, 37.90144], [-122.2767, 37.90106], [-122.27681, 37.90074], [-122.27679, 37.90023], [-122.27678, 37.9], [-122.27682, 37.89982], [-122.2771, 37.89975], [-122.27749, 37.89974], [-122.2779, 37.89987], [-122.2781, 37.90003], [-122.27821, 37.90022], [-122.27843, 37.90034], [-122.2788, 37.90039], [-122.27907, 37.90036], [-122.2793, 37.90027], [-122.27938, 37.90024], [-122.27908, 37.89967], [-122.27964, 37.89943], [-122.28005, 37.89924], [-122.28014, 37.89912], [-122.28023, 37.89887], [-122.28018, 37.8987], [-122.28, 37.89846], [-122.27978, 37.89826], [-122.27952, 37.89807], [-122.2792, 37.89798], [-122.27872, 37.89789], [-122.27831, 37.89784], [-122.27807, 37.89785], [-122.27836, 37.89757], [-122.27844, 37.89728], [-122.27847, 37.8971], [-122.27851, 37.89687], [-122.27861, 37.89646], [-122.27857, 37.89631], [-122.27836, 37.89623], [-122.27801, 37.89623], [-122.27778, 37.89626], [-122.27671, 37.89597], [-122.27656, 37.89586], [-122.27633, 37.89563], [-122.27561, 37.89495], [-122.27474, 37.89371], [-122.2747, 37.89304], [-122.27448, 37.89267], [-122.27427, 37.89232], [-122.27374, 37.89192], [-122.27322, 37.89155], [-122.27251, 37.89097], [-122.27238, 37.89077], [-122.27241, 37.8903], [-122.27344, 37.89052], [-122.27472, 37.8906], [-122.27597, 37.89057], [-122.276898, 37.890328], [-122.277108, 37.891278], [-122.277135, 37.891384], [-122.277154, 37.891466], [-122.277354, 37.892276], [-122.27739, 37.892445], [-122.277405, 37.892573], [-122.277411, 37.892684], [-122.277405, 37.892857], [-122.277397, 37.892923], [-122.277364, 37.893069], [-122.277335, 37.893163], [-122.277291, 37.893255], [-122.277091, 37.893565], [-122.27705, 37.893664], [-122.277033, 37.89375], [-122.277036, 37.893815], [-122.277045, 37.893865], [-122.277078, 37.893995], [-122.277127, 37.894072], [-122.2772, 37.894176], [-122.277219, 37.8942], [-122.277372, 37.894394], [-122.277507, 37.894578], [-122.277601, 37.894706], [-122.277693, 37.894807], [-122.277949, 37.895087], [-122.277971, 37.895108], [-122.27802, 37.895155], [-122.278035, 37.895223], [-122.278134, 37.895286], [-122.278232, 37.895318], [-122.278334, 37.895342], [-122.278561, 37.895379], [-122.278887, 37.895414], [-122.279047, 37.895432], [-122.279107, 37.895442], [-122.27913, 37.895445], [-122.279198, 37.895456], [-122.279222, 37.89546], [-122.279662, 37.895509], [-122.279768, 37.895522], [-122.280242, 37.895579], [-122.28039, 37.895602], [-122.280576, 37.895662], [-122.280689, 37.895721], [-122.280773, 37.89578], [-122.2809, 37.895891], [-122.280981, 37.895962], [-122.281233, 37.896184], [-122.281342, 37.896293], [-122.281387, 37.896338], [-122.281454, 37.896415], [-122.28164, 37.89666], [-122.281669, 37.896741], [-122.281673, 37.896804], [-122.281668, 37.89684], [-122.281643, 37.896913], [-122.28154, 37.897222], [-122.281537, 37.897236], [-122.281516, 37.897348], [-122.281516, 37.89752], [-122.281522, 37.897599], [-122.281532, 37.897718], [-122.281595, 37.898137], [-122.281599, 37.898246], [-122.281587, 37.898349], [-122.281571, 37.898502], [-122.281545, 37.898597], [-122.281413, 37.898813], [-122.281268, 37.899055], [-122.281255, 37.899086], [-122.28125, 37.899118], [-122.281253, 37.899154], [-122.281278, 37.899217], [-122.281291, 37.899235], [-122.281435, 37.899367], [-122.281447, 37.899412], [-122.281438, 37.899434], [-122.281427, 37.899451], [-122.281392, 37.899506], [-122.281252, 37.899632], [-122.281413, 37.899693], [-122.281905, 37.899882], [-122.282066, 37.899911], [-122.282352, 37.899852], [-122.282514, 37.899819], [-122.282778, 37.899749], [-122.282882, 37.899709], [-122.282958, 37.899664], [-122.282998, 37.89962], [-122.283054, 37.899534], [-122.283089, 37.899463], [-122.283151, 37.899341], [-122.283229, 37.899206], [-122.28328, 37.899207], [-122.283371, 37.899203], [-122.283439, 37.899194], [-122.283735, 37.899091], [-122.284553, 37.898809], [-122.285214, 37.898558], [-122.285421, 37.898481], [-122.285601, 37.898409], [-122.28572, 37.89883], [-122.285732, 37.898848], [-122.284158, 37.8993], [-122.283795, 37.899659], [-122.283643, 37.899998], [-122.283119, 37.900115], [-122.282842, 37.900176], [-122.282572, 37.900226], [-122.282245, 37.900296], [-122.282013, 37.900348], [-122.281444, 37.900475], [-122.280763, 37.900625], [-122.280745, 37.900625], [-122.280575, 37.90066], [-122.280207, 37.900745], [-122.280022, 37.900778], [-122.279618, 37.900763], [-122.278779, 37.900739], [-122.277654, 37.901472], [-122.277282, 37.901721], [-122.277547, 37.902245], [-122.277747, 37.902637], [-122.27763, 37.90282]]]]}}, {"type": "Feature", "properties": {"grade": "A", "cat": "Best", "city": "Oakland", "label": "A2"}, "geometry": {"type": "MultiPolygon", "coordinates": [[[[-122.27693, 37.89032], [-122.27718, 37.89111], [-122.27735, 37.89154], [-122.27828, 37.89145], [-122.27868, 37.89218], [-122.27947, 37.89194], [-122.28013, 37.89177], [-122.28055, 37.89182], [-122.2806, 37.89209], [-122.281, 37.89286], [-122.28133, 37.89346], [-122.28193, 37.89391], [-122.28325, 37.89487], [-122.28403, 37.8955], [-122.28482, 37.89602], [-122.28532, 37.89662], [-122.28553, 37.89751], [-122.28558, 37.89785], [-122.28557, 37.8983], [-122.285601, 37.898409], [-122.285421, 37.898481], [-122.285214, 37.898558], [-122.284553, 37.898809], [-122.283735, 37.899091], [-122.283439, 37.899194], [-122.283371, 37.899203], [-122.28328, 37.899207], [-122.283229, 37.899206], [-122.283151, 37.899341], [-122.283089, 37.899463], [-122.283054, 37.899534], [-122.282998, 37.89962], [-122.282958, 37.899664], [-122.282882, 37.899709], [-122.282778, 37.899749], [-122.282514, 37.899819], [-122.282352, 37.899852], [-122.282066, 37.899911], [-122.281905, 37.899882], [-122.281413, 37.899693], [-122.281252, 37.899632], [-122.281392, 37.899506], [-122.281427, 37.899451], [-122.281438, 37.899434], [-122.281447, 37.899412], [-122.281435, 37.899367], [-122.281291, 37.899235], [-122.281278, 37.899217], [-122.281253, 37.899154], [-122.28125, 37.899118], [-122.281255, 37.899086], [-122.281268, 37.899055], [-122.281413, 37.898813], [-122.281545, 37.898597], [-122.281571, 37.898502], [-122.281587, 37.898349], [-122.281599, 37.898246], [-122.281595, 37.898137], [-122.281532, 37.897718], [-122.281522, 37.897599], [-122.281516, 37.89752], [-122.281516, 37.897348], [-122.281537, 37.897236], [-122.28154, 37.897222], [-122.281643, 37.896913], [-122.281668, 37.89684], [-122.281673, 37.896804], [-122.281669, 37.896741], [-122.28164, 37.89666], [-122.281454, 37.896415], [-122.281387, 37.896338], [-122.281342, 37.896293], [-122.281233, 37.896184], [-122.280981, 37.895962], [-122.2809, 37.895891], [-122.280773, 37.89578], [-122.280689, 37.895721], [-122.280576, 37.895662], [-122.28039, 37.895602], [-122.280242, 37.895579], [-122.279768, 37.895522], [-122.279662, 37.895509], [-122.279222, 37.89546], [-122.279198, 37.895456], [-122.27913, 37.895445], [-122.279107, 37.895442], [-122.279047, 37.895432], [-122.278887, 37.895414], [-122.278561, 37.895379], [-122.278334, 37.895342], [-122.278232, 37.895318], [-122.278134, 37.895286], [-122.278035, 37.895223], [-122.27802, 37.895155], [-122.277971, 37.895108], [-122.277949, 37.895087], [-122.277693, 37.894807], [-122.277601, 37.894706], [-122.277507, 37.894578], [-122.277372, 37.894394], [-122.277219, 37.8942], [-122.2772, 37.894176], [-122.277127, 37.894072], [-122.277078, 37.893995], [-122.277045, 37.893865], [-122.277036, 37.893815], [-122.277033, 37.89375], [-122.27705, 37.893664], [-122.277091, 37.893565], [-122.277291, 37.893255], [-122.277335, 37.893163], [-122.277364, 37.893069], [-122.277397, 37.892923], [-122.277405, 37.892857], [-122.277411, 37.892684], [-122.277405, 37.892573], [-122.27739, 37.892445], [-122.277354, 37.892276], [-122.277154, 37.891466], [-122.277135, 37.891384], [-122.277108, 37.891278], [-122.276898, 37.890328], [-122.27693, 37.89032]]]]}}, {"type": "Feature", "properties": {"grade": "A", "cat": "Best", "city": "Oakland", "label": "A2"}, "geometry": {"type": "MultiPolygon", "coordinates": [[[[-122.28593, 37.89913], [-122.28533, 37.89937], [-122.28482, 37.89954], [-122.28444, 37.89946], [-122.28422, 37.89956], [-122.28378, 37.9], [-122.28339, 37.9002], [-122.28301, 37.90038], [-122.28256, 37.90049], [-122.28215, 37.90053], [-122.28169, 37.90067], [-122.28057, 37.90097], [-122.28022, 37.90097], [-122.27989, 37.90097], [-122.27964, 37.90096], [-122.27933, 37.901], [-122.27891, 37.90109], [-122.27863, 37.90127], [-122.27846, 37.90152], [-122.277747, 37.902637], [-122.277547, 37.902245], [-122.277282, 37.901721], [-122.277654, 37.901472], [-122.278779, 37.900739], [-122.279618, 37.900763], [-122.280022, 37.900778], [-122.280207, 37.900745], [-122.280575, 37.90066], [-122.280745, 37.900625], [-122.280763, 37.900625], [-122.281444, 37.900475], [-122.282013, 37.900348], [-122.282245, 37.900296], [-122.282572, 37.900226], [-122.282842, 37.900176], [-122.283119, 37.900115], [-122.283643, 37.899998], [-122.283795, 37.899659], [-122.284158, 37.8993], [-122.285732, 37.898848], [-122.28593, 37.89913]]]]}}, {"type": "Feature", "properties": {"grade": "A", "cat": "Best", "city": "Oakland", "label": "A3"}, "geometry": {"type": "MultiPolygon", "coordinates": [[[[-122.24652, 37.88379], [-122.24619, 37.88137], [-122.246455, 37.881342], [-122.246534, 37.882018], [-122.246557, 37.882146], [-122.24661, 37.882439], [-122.246617, 37.882579], [-122.246628, 37.882798], [-122.246639, 37.883], [-122.246656, 37.883076], [-122.246659, 37.883144], [-122.246666, 37.883206], [-122.246691, 37.883463], [-122.24671, 37.883636], [-122.246741, 37.883869], [-122.246755, 37.883973], [-122.246827, 37.884073], [-122.246819, 37.884106], [-122.246812, 37.884142], [-122.246805, 37.884197], [-122.246791, 37.884243], [-122.246783, 37.884281], [-122.246776, 37.884345], [-122.246778, 37.884381], [-122.24678, 37.884406], [-122.246787, 37.88444], [-122.246792, 37.884464], [-122.2468, 37.884492], [-122.246807, 37.884513], [-122.246822, 37.884547], [-122.246867, 37.884961], [-122.2469, 37.885275], [-122.24691, 37.885355], [-122.246645, 37.885151], [-122.24649, 37.885032], [-122.24652, 37.88379]]]]}}, {"type": "Feature", "properties": {"grade": "A", "cat": "Best", "city": "Oakland", "label": "A3"}, "geometry": {"type": "MultiPolygon", "coordinates": [[[[-122.26172, 37.8832], [-122.26192, 37.88348], [-122.262192, 37.883646], [-122.262384, 37.883868], [-122.262589, 37.88411], [-122.262651, 37.884183], [-122.262691, 37.884249], [-122.26272, 37.884308], [-122.262776, 37.884364], [-122.262835, 37.88458], [-122.262842, 37.884604], [-122.262851, 37.884685], [-122.26285, 37.884752], [-122.262835, 37.884921], [-122.262793, 37.885108], [-122.262748, 37.885252], [-122.262695, 37.88547], [-122.262624, 37.885766], [-122.262599, 37.885871], [-122.262584, 37.885919], [-122.262518, 37.886161], [-122.262493, 37.886256], [-122.262477, 37.886273], [-122.262447, 37.886375], [-122.262402, 37.886527], [-122.26257, 37.886523], [-122.262661, 37.886516], [-122.2626, 37.88673], [-122.2626, 37.88705], [-122.26255, 37.88735], [-122.26236, 37.8875], [-122.26211, 37.88761], [-122.26177, 37.88773], [-122.26153, 37.88782], [-122.26144, 37.88802], [-122.26145, 37.88821], [-122.2616, 37.88848], [-122.26208, 37.88886], [-122.2623, 37.8891], [-122.26241, 37.88967], [-122.26188, 37.88994], [-122.2609, 37.89018], [-122.26052, 37.89016], [-122.2602, 37.89014], [-122.25989, 37.89016], [-122.25931, 37.89032], [-122.25876, 37.89063], [-122.25887, 37.89067], [-122.25919, 37.89067], [-122.25943, 37.8907], [-122.25976, 37.89081], [-122.25983, 37.89091], [-122.25991, 37.89104], [-122.25969, 37.8914], [-122.25976, 37.89166], [-122.26018, 37.89202], [-122.26051, 37.89218], [-122.26087, 37.89218], [-122.26093, 37.89271], [-122.26105, 37.89286], [-122.26136, 37.893], [-122.26202, 37.89321], [-122.26264, 37.89357], [-122.26059, 37.89406], [-122.26001, 37.89411], [-122.25954, 37.89388], [-122.25925, 37.89346], [-122.25863, 37.89291], [-122.25855, 37.89325], [-122.2583, 37.89404], [-122.25793, 37.89423], [-122.25734, 37.89463], [-122.25706, 37.89418], [-122.25679, 37.89365], [-122.25644, 37.89326], [-122.25582, 37.89288], [-122.25507, 37.89257], [-122.25349, 37.89171], [-122.251918, 37.890919], [-122.25194, 37.890899], [-122.251997, 37.890842], [-122.252067, 37.890759], [-122.252137, 37.890686], [-122.252348, 37.890468], [-122.252419, 37.890396], [-122.252379, 37.890335], [-122.25237, 37.890314], [-122.252343, 37.890245], [-122.252292, 37.890039], [-122.25227, 37.889947], [-122.252477, 37.889904], [-122.253098, 37.889779], [-122.253123, 37.889774], [-122.253183, 37.889752], [-122.253232, 37.889719], [-122.253278, 37.889676], [-122.253221, 37.889606], [-122.253165, 37.889558], [-122.253075, 37.88951], [-122.252883, 37.889426], [-122.252818, 37.889385], [-122.252779, 37.889346], [-122.252755, 37.889297], [-122.252732, 37.889224], [-122.252716, 37.889125], [-122.25269, 37.888575], [-122.252698, 37.888435], [-122.25271, 37.88837], [-122.252753, 37.888303], [-122.25282, 37.888233], [-122.252889, 37.888196], [-122.252916, 37.888187], [-122.253048, 37.888149], [-122.253195, 37.888134], [-122.253257, 37.888135], [-122.253323, 37.888147], [-122.253377, 37.888163], [-122.253458, 37.888213], [-122.253505, 37.888267], [-122.253554, 37.888342], [-122.253565, 37.888358], [-122.253591, 37.888414], [-122.253645, 37.888565], [-122.253788, 37.888789], [-122.253946, 37.889], [-122.253961, 37.88902], [-122.254051, 37.889102], [-122.254143, 37.889163], [-122.254138, 37.88908], [-122.25414, 37.888965], [-122.254134, 37.888891], [-122.254144, 37.888841], [-122.25415, 37.888819], [-122.254205, 37.888713], [-122.254291, 37.888572], [-122.254349, 37.888496], [-122.25438, 37.888421], [-122.25439, 37.88832], [-122.254388, 37.888243], [-122.254379, 37.888162], [-122.254348, 37.888002], [-122.254357, 37.887941], [-122.254379, 37.887892], [-122.254452, 37.887784], [-122.25451, 37.887658], [-122.254699, 37.887734], [-122.25475, 37.887768], [-122.254792, 37.887816], [-122.254848, 37.887953], [-122.254896, 37.888006], [-122.254962, 37.888053], [-122.255112, 37.888097], [-122.255138, 37.888101], [-122.255162, 37.888106], [-122.255276, 37.888085], [-122.255334, 37.88806], [-122.25537, 37.88802], [-122.255391, 37.887969], [-122.255396, 37.887959], [-122.255379, 37.88779], [-122.255382, 37.887734], [-122.255422, 37.887654], [-122.255507, 37.887586], [-122.255596, 37.887571], [-122.255647, 37.887571], [-122.255701, 37.887585], [-122.255746, 37.88761], [-122.255753, 37.88762], [-122.255778, 37.887653], [-122.255797, 37.887709], [-122.255825, 37.887847], [-122.255865, 37.887942], [-122.255898, 37.887985], [-122.255951, 37.888012], [-122.256062, 37.888029], [-122.256202, 37.888036], [-122.256277, 37.88803], [-122.25635, 37.888026], [-122.256533, 37.887978], [-122.256509, 37.887905], [-122.256503, 37.887847], [-122.256504, 37.887806], [-122.256524, 37.887694], [-122.256566, 37.887631], [-122.256616, 37.887588], [-122.256684, 37.887557], [-122.256732, 37.887542], [-122.256833, 37.887493], [-122.256922, 37.88741], [-122.256946, 37.887356], [-122.256955, 37.887284], [-122.256938, 37.887228], [-122.25681, 37.88697], [-122.25681, 37.886938], [-122.256826, 37.886907], [-122.256866, 37.886882], [-122.256911, 37.886862], [-122.257534, 37.88663], [-122.257661, 37.886588], [-122.257849, 37.886539], [-122.257973, 37.886531], [-122.258062, 37.886548], [-122.258518, 37.886755], [-122.258675, 37.886788], [-122.258787, 37.886775], [-122.258927, 37.886708], [-122.258994, 37.886666], [-122.259057, 37.886605], [-122.25911, 37.886534], [-122.259143, 37.886471], [-122.259156, 37.886408], [-122.259168, 37.886372], [-122.259182, 37.886302], [-122.259194, 37.886165], [-122.259187, 37.886019], [-122.259176, 37.885757], [-122.259401, 37.885866], [-122.259442, 37.885884], [-122.259694, 37.885997], [-122.259793, 37.886049], [-122.259829, 37.886094], [-122.259834, 37.886126], [-122.259828, 37.886198], [-122.259756, 37.886396], [-122.259756, 37.886448], [-122.259768, 37.886479], [-122.2598, 37.8865], [-122.259831, 37.886502], [-122.259894, 37.886494], [-122.260078, 37.886414], [-122.260184, 37.886349], [-122.260245, 37.886295], [-122.26027, 37.886203], [-122.260268, 37.886153], [-122.26025, 37.886083], [-122.260229, 37.886032], [-122.260179, 37.885959], [-122.259966, 37.885735], [-122.259029, 37.884749], [-122.258946, 37.884599], [-122.258904, 37.884491], [-122.258886, 37.884324], [-122.258907, 37.884223], [-122.258964, 37.884133], [-122.259022, 37.884091], [-122.259112, 37.884051], [-122.259175, 37.88404], [-122.259314, 37.884036], [-122.259541, 37.884032], [-122.259686, 37.88403], [-122.259797, 37.884019], [-122.259846, 37.883992], [-122.25988, 37.883968], [-122.259908, 37.883941], [-122.25994, 37.883894], [-122.259957, 37.883853], [-122.259964, 37.883795], [-122.259931, 37.883619], [-122.259898, 37.883479], [-122.259889, 37.883438], [-122.259864, 37.883318], [-122.259856, 37.883278], [-122.260033, 37.883258], [-122.260434, 37.883214], [-122.260572, 37.883192], [-122.260619, 37.883172], [-122.260672, 37.883193], [-122.261112, 37.88315], [-122.261651, 37.883061], [-122.26172, 37.8832]]]]}}, {"type": "Feature", "properties": {"grade": "A", "cat": "Best", "city": "Oakland", "label": "A3"}, "geometry": {"type": "MultiPolygon", "coordinates": [[[[-122.26246, 37.88381], [-122.26284, 37.88419], [-122.26298, 37.8846], [-122.26307, 37.88504], [-122.26311, 37.88555], [-122.26276, 37.88617], [-122.262661, 37.886516], [-122.26257, 37.886523], [-122.262402, 37.886527], [-122.262447, 37.886375], [-122.262477, 37.886273], [-122.262493, 37.886256], [-122.262518, 37.886161], [-122.262584, 37.885919], [-122.262599, 37.885871], [-122.262624, 37.885766], [-122.262695, 37.88547], [-122.262748, 37.885252], [-122.262793, 37.885108], [-122.262835, 37.884921], [-122.26285, 37.884752], [-122.262851, 37.884685], [-122.262842, 37.884604], [-122.262835, 37.88458], [-122.262776, 37.884364], [-122.26272, 37.884308], [-122.262691, 37.884249], [-122.262651, 37.884183], [-122.262589, 37.88411], [-122.262384, 37.883868], [-122.262192, 37.883646], [-122.26246, 37.88381]]], [[[-122.25062, 37.8809], [-122.25063, 37.88116], [-122.25078, 37.8813], [-122.25144, 37.88136], [-122.25201, 37.88142], [-122.25225, 37.88158], [-122.25242, 37.88207], [-122.25262, 37.8827], [-122.25315, 37.88344], [-122.25344, 37.88361], [-122.2535, 37.8836], [-122.25345, 37.88337], [-122.25344, 37.88313], [-122.25349, 37.88304], [-122.25368, 37.8831], [-122.25402, 37.88349], [-122.25418, 37.88385], [-122.25447, 37.88417], [-122.25494, 37.88438], [-122.25578, 37.88437], [-122.25621, 37.88431], [-122.25677, 37.88391], [-122.25749, 37.88362], [-122.25822, 37.88337], [-122.25964, 37.88324], [-122.26001, 37.88312], [-122.26158, 37.88292], [-122.261651, 37.883061], [-122.261112, 37.88315], [-122.260672, 37.883193], [-122.260619, 37.883172], [-122.260572, 37.883192], [-122.260434, 37.883214], [-122.260033, 37.883258], [-122.259856, 37.883278], [-122.259864, 37.883318], [-122.259889, 37.883438], [-122.259898, 37.883479], [-122.259931, 37.883619], [-122.259964, 37.883795], [-122.259957, 37.883853], [-122.25994, 37.883894], [-122.259908, 37.883941], [-122.25988, 37.883968], [-122.259846, 37.883992], [-122.259797, 37.884019], [-122.259686, 37.88403], [-122.259541, 37.884032], [-122.259314, 37.884036], [-122.259175, 37.88404], [-122.259112, 37.884051], [-122.259022, 37.884091], [-122.258964, 37.884133], [-122.258907, 37.884223], [-122.258886, 37.884324], [-122.258904, 37.884491], [-122.258946, 37.884599], [-122.259029, 37.884749], [-122.259966, 37.885735], [-122.260179, 37.885959], [-122.260229, 37.886032], [-122.26025, 37.886083], [-122.260268, 37.886153], [-122.26027, 37.886203], [-122.260245, 37.886295], [-122.260184, 37.886349], [-122.260078, 37.886414], [-122.259894, 37.886494], [-122.259831, 37.886502], [-122.2598, 37.8865], [-122.259768, 37.886479], [-122.259756, 37.886448], [-122.259756, 37.886396], [-122.259828, 37.886198], [-122.259834, 37.886126], [-122.259829, 37.886094], [-122.259793, 37.886049], [-122.259694, 37.885997], [-122.259442, 37.885884], [-122.259401, 37.885866], [-122.259176, 37.885757], [-122.259187, 37.886019], [-122.259194, 37.886165], [-122.259182, 37.886302], [-122.259168, 37.886372], [-122.259156, 37.886408], [-122.259143, 37.886471], [-122.25911, 37.886534], [-122.259057, 37.886605], [-122.258994, 37.886666], [-122.258927, 37.886708], [-122.258787, 37.886775], [-122.258675, 37.886788], [-122.258518, 37.886755], [-122.258062, 37.886548], [-122.257973, 37.886531], [-122.257849, 37.886539], [-122.257661, 37.886588], [-122.257534, 37.88663], [-122.256911, 37.886862], [-122.256866, 37.886882], [-122.256826, 37.886907], [-122.25681, 37.886938], [-122.25681, 37.88697], [-122.256938, 37.887228], [-122.256955, 37.887284], [-122.256946, 37.887356], [-122.256922, 37.88741], [-122.256833, 37.887493], [-122.256732, 37.887542], [-122.256684, 37.887557], [-122.256616, 37.887588], [-122.256566, 37.887631], [-122.256524, 37.887694], [-122.256504, 37.887806], [-122.256503, 37.887847], [-122.256509, 37.887905], [-122.256533, 37.887978], [-122.25635, 37.888026], [-122.256277, 37.88803], [-122.256202, 37.888036], [-122.256062, 37.888029], [-122.255951, 37.888012], [-122.255898, 37.887985], [-122.255865, 37.887942], [-122.255825, 37.887847], [-122.255797, 37.887709], [-122.255778, 37.887653], [-122.255753, 37.88762], [-122.255746, 37.88761], [-122.255701, 37.887585], [-122.255647, 37.887571], [-122.255596, 37.887571], [-122.255507, 37.887586], [-122.255422, 37.887654], [-122.255382, 37.887734], [-122.255379, 37.88779], [-122.255396, 37.887959], [-122.255391, 37.887969], [-122.25537, 37.88802], [-122.255334, 37.88806], [-122.255276, 37.888085], [-122.255162, 37.888106], [-122.255138, 37.888101], [-122.255112, 37.888097], [-122.254962, 37.888053], [-122.254896, 37.888006], [-122.254848, 37.887953], [-122.254792, 37.887816], [-122.25475, 37.887768], [-122.254699, 37.887734], [-122.25451, 37.887658], [-122.254452, 37.887784], [-122.254379, 37.887892], [-122.254357, 37.887941], [-122.254348, 37.888002], [-122.254379, 37.888162], [-122.254388, 37.888243], [-122.25439, 37.88832], [-122.25438, 37.888421], [-122.254349, 37.888496], [-122.254291, 37.888572], [-122.254205, 37.888713], [-122.25415, 37.888819], [-122.254144, 37.888841], [-122.254134, 37.888891], [-122.25414, 37.888965], [-122.254138, 37.88908], [-122.254143, 37.889163], [-122.254051, 37.889102], [-122.253961, 37.88902], [-122.253946, 37.889], [-122.253788, 37.888789], [-122.253645, 37.888565], [-122.253591, 37.888414], [-122.253565, 37.888358], [-122.253554, 37.888342], [-122.253505, 37.888267], [-122.253458, 37.888213], [-122.253377, 37.888163], [-122.253323, 37.888147], [-122.253257, 37.888135], [-122.253195, 37.888134], [-122.253048, 37.888149], [-122.252916, 37.888187], [-122.252889, 37.888196], [-122.25282, 37.888233], [-122.252753, 37.888303], [-122.25271, 37.88837], [-122.252698, 37.888435], [-122.25269, 37.888575], [-122.252716, 37.889125], [-122.252732, 37.889224], [-122.252755, 37.889297], [-122.252779, 37.889346], [-122.252818, 37.889385], [-122.252883, 37.889426], [-122.253075, 37.88951], [-122.253165, 37.889558], [-122.253221, 37.889606], [-122.253278, 37.889676], [-122.253232, 37.889719], [-122.253183, 37.889752], [-122.253123, 37.889774], [-122.253098, 37.889779], [-122.252477, 37.889904], [-122.25227, 37.889947], [-122.252292, 37.890039], [-122.252343, 37.890245], [-122.25237, 37.890314], [-122.252379, 37.890335], [-122.252419, 37.890396], [-122.252348, 37.890468], [-122.252137, 37.890686], [-122.252067, 37.890759], [-122.251997, 37.890842], [-122.25194, 37.890899], [-122.251918, 37.890919], [-122.25188, 37.8909], [-122.25146, 37.89069], [-122.25032, 37.89011], [-122.250125, 37.889949], [-122.250286, 37.889828], [-122.249677, 37.88949], [-122.249538, 37.889305], [-122.249484, 37.888809], [-122.249493, 37.888251], [-122.249453, 37.888182], [-122.249408, 37.88779], [-122.24936, 37.887651], [-122.249337, 37.887516], [-122.249326, 37.887435], [-122.249341, 37.887364], [-122.249349, 37.88727], [-122.249276, 37.887019], [-122.249262, 37.886972], [-122.249154, 37.886904], [-122.248561, 37.88646], [-122.247831, 37.88593], [-122.247631, 37.885877], [-122.24691, 37.885355], [-122.2469, 37.885275], [-122.246867, 37.884961], [-122.246822, 37.884547], [-122.246807, 37.884513], [-122.2468, 37.884492], [-122.246792, 37.884464], [-122.246787, 37.88444], [-122.24678, 37.884406], [-122.246778, 37.884381], [-122.246776, 37.884345], [-122.246783, 37.884281], [-122.246791, 37.884243], [-122.246805, 37.884197], [-122.246812, 37.884142], [-122.246819, 37.884106], [-122.246827, 37.884073], [-122.246755, 37.883973], [-122.246741, 37.883869], [-122.24671, 37.883636], [-122.246691, 37.883463], [-122.246666, 37.883206], [-122.246659, 37.883144], [-122.246656, 37.883076], [-122.246639, 37.883], [-122.246628, 37.882798], [-122.246617, 37.882579], [-122.24661, 37.882439], [-122.246557, 37.882146], [-122.246534, 37.882018], [-122.246455, 37.881342], [-122.25062, 37.8809]]]]}}, {"type": "Feature", "properties": {"grade": "A", "cat": "Best", "city": "Oakland", "label": "A3"}, "geometry": {"type": "MultiPolygon", "coordinates": [[[[-122.25003, 37.88987], [-122.24971, 37.88963], [-122.24948, 37.88931], [-122.24941, 37.889], [-122.24933, 37.88822], [-122.24914, 37.88718], [-122.24908, 37.88694], [-122.24849, 37.88661], [-122.24792, 37.88631], [-122.24754, 37.886], [-122.24672, 37.88545], [-122.24649, 37.88505], [-122.24649, 37.885032], [-122.246645, 37.885151], [-122.24691, 37.885355], [-122.247631, 37.885877], [-122.247831, 37.88593], [-122.248561, 37.88646], [-122.249154, 37.886904], [-122.249262, 37.886972], [-122.249276, 37.887019], [-122.249349, 37.88727], [-122.249341, 37.887364], [-122.249326, 37.887435], [-122.249337, 37.887516], [-122.24936, 37.887651], [-122.249408, 37.88779], [-122.249453, 37.888182], [-122.249493, 37.888251], [-122.249484, 37.888809], [-122.249538, 37.889305], [-122.249677, 37.88949], [-122.250286, 37.889828], [-122.250125, 37.889949], [-122.25003, 37.88987]]]]}}, {"type": "Feature", "properties": {"grade": "A", "cat": "Best", "city": "Oakland", "label": "A4"}, "geometry": {"type": "MultiPolygon", "coordinates": [[[[-122.22363, 37.8545], [-122.22553, 37.85387], [-122.2263, 37.85382], [-122.22687, 37.85387], [-122.22709, 37.85407], [-122.22713, 37.8545], [-122.22717, 37.85474], [-122.22774, 37.85495], [-122.2288, 37.85509], [-122.22983, 37.85498], [-122.23067, 37.85485], [-122.23164, 37.85482], [-122.23211, 37.85501], [-122.23263, 37.85512], [-122.23323, 37.85497], [-122.23354, 37.85471], [-122.234401, 37.85449], [-122.234493, 37.855411], [-122.234532, 37.855684], [-122.234558, 37.855873], [-122.234602, 37.856331], [-122.234637, 37.856659], [-122.234654, 37.856818], [-122.234681, 37.857073], [-122.234689, 37.857141], [-122.234761, 37.85779], [-122.235204, 37.85776], [-122.23565, 37.85773], [-122.23619, 37.857689], [-122.236203, 37.857688], [-122.236303, 37.857681], [-122.236388, 37.857672], [-122.236429, 37.857668], [-122.236741, 37.85765], [-122.236737, 37.857631], [-122.236719, 37.857571], [-122.236756, 37.857594], [-122.236826, 37.857604], [-122.236829, 37.857638], [-122.236831, 37.857658], [-122.237006, 37.857652], [-122.237443, 37.857613], [-122.237708, 37.85759], [-122.238028, 37.85757], [-122.238101, 37.857549], [-122.238118, 37.857547], [-122.238135, 37.857565], [-122.23814, 37.857576], [-122.238164, 37.857628], [-122.238192, 37.857687], [-122.238227, 37.857679], [-122.238343, 37.857646], [-122.238666, 37.857552], [-122.23878, 37.85755], [-122.23891, 37.857548], [-122.238925, 37.857553], [-122.239106, 37.857723], [-122.239423, 37.857509], [-122.239571, 37.857501], [-122.239645, 37.857502], [-122.239683, 37.857503], [-122.239742, 37.85756], [-122.240379, 37.857286], [-122.240417, 37.857348], [-122.240507, 37.857497], [-122.240543, 37.857541], [-122.240793, 37.857432], [-122.241125, 37.857404], [-122.241215, 37.857401], [-122.241154, 37.857262], [-122.241227, 37.857231], [-122.241525, 37.857104], [-122.241569, 37.857083], [-122.241614, 37.857066], [-122.241677, 37.85718], [-122.241715, 37.857248], [-122.241731, 37.857267], [-122.24149, 37.857374], [-122.241802, 37.857348], [-122.241812, 37.857359], [-122.24187, 37.857409], [-122.241917, 37.857436], [-122.241978, 37.857472], [-122.242029, 37.857501], [-122.242071, 37.857525], [-122.242188, 37.857573], [-122.242246, 37.857588], [-122.242307, 37.857603], [-122.242347, 37.85761], [-122.242385, 37.857632], [-122.242398, 37.857634], [-122.242413, 37.857642], [-122.242551, 37.857713], [-122.24256, 37.857724], [-122.242604, 37.857781], [-122.24271, 37.857922], [-122.242718, 37.857933], [-122.242577, 37.857934], [-122.242521, 37.857934], [-122.242602, 37.85872], [-122.243295, 37.858677], [-122.243704, 37.85865], [-122.243925, 37.858639], [-122.243928, 37.858683], [-122.24394, 37.85885], [-122.243945, 37.85892], [-122.243955, 37.858945], [-122.243964, 37.858968], [-122.244018, 37.859002], [-122.244091, 37.859016], [-122.244138, 37.859014], [-122.244504, 37.859005], [-122.24453, 37.859005], [-122.244627, 37.859008], [-122.244505, 37.859129], [-122.244441, 37.859334], [-122.2444, 37.859658], [-122.244378, 37.859836], [-122.244357, 37.860026], [-122.244339, 37.860203], [-122.244283, 37.860412], [-122.244223, 37.860538], [-122.244197, 37.860572], [-122.244172, 37.860607], [-122.244119, 37.860656], [-122.244058, 37.860702], [-122.244015, 37.860735], [-122.244065, 37.860776], [-122.244252, 37.860969], [-122.244235, 37.861066], [-122.244274, 37.861427], [-122.244166, 37.861497], [-122.244148, 37.861508], [-122.244171, 37.861534], [-122.244299, 37.861676], [-122.244425, 37.861817], [-122.244473, 37.861871], [-122.244458, 37.861911], [-122.244416, 37.862019], [-122.244412, 37.862038], [-122.244411, 37.86205], [-122.244412, 37.862059], [-122.244415, 37.862074], [-122.244342, 37.862074], [-122.244368, 37.862321], [-122.244404, 37.862663], [-122.244409, 37.862711], [-122.244765, 37.862855], [-122.24479, 37.862883], [-122.24287, 37.86303], [-122.23532, 37.86332], [-122.23499, 37.86328], [-122.23416, 37.86355], [-122.23357, 37.86394], [-122.23253, 37.86487], [-122.23158, 37.86576], [-122.23102, 37.86627], [-122.23057, 37.86657], [-122.23026, 37.86705], [-122.22885, 37.86803], [-122.22815, 37.86802], [-122.22768, 37.86784], [-122.22743, 37.86754], [-122.2272, 37.867], [-122.22671, 37.86571], [-122.22629, 37.86486], [-122.226, 37.86444], [-122.22542, 37.86408], [-122.22504, 37.86391], [-122.22427, 37.86372], [-122.22374, 37.86373], [-122.22306, 37.86379], [-122.22283, 37.86384], [-122.22247, 37.86366], [-122.22201, 37.86346], [-122.2211, 37.86326], [-122.22079, 37.86293], [-122.22053, 37.86259], [-122.22038, 37.862], [-122.22005, 37.86214], [-122.21964, 37.86211], [-122.21933, 37.86187], [-122.21851, 37.86098], [-122.21787, 37.86016], [-122.21735, 37.85941], [-122.21705, 37.85894], [-122.21676, 37.85864], [-122.21673, 37.8584], [-122.21686, 37.85795], [-122.21716, 37.85746], [-122.217887, 37.856694], [-122.217874, 37.85685], [-122.21784, 37.85726], [-122.217856, 37.857308], [-122.217896, 37.857355], [-122.217952, 37.857385], [-122.218009, 37.857388], [-122.218207, 37.857357], [-122.21843, 37.857327], [-122.218543, 37.857326], [-122.218654, 37.857336], [-122.218778, 37.857364], [-122.218981, 37.857435], [-122.219086, 37.857487], [-122.219194, 37.857549], [-122.219277, 37.857606], [-122.219327, 37.857658], [-122.219341, 37.857689], [-122.219349, 37.857728], [-122.219281, 37.857947], [-122.219214, 37.858169], [-122.219198, 37.858264], [-122.219193, 37.858292], [-122.219201, 37.858356], [-122.219238, 37.85841], [-122.219317, 37.858475], [-122.219367, 37.858517], [-122.219518, 37.858621], [-122.21958, 37.858673], [-122.219636, 37.858739], [-122.219653, 37.858814], [-122.219645, 37.85889], [-122.219616, 37.858937], [-122.219515, 37.859108], [-122.219421, 37.859285], [-122.219371, 37.859413], [-122.219368, 37.859495], [-122.219391, 37.859546], [-122.219451, 37.859572], [-122.219513, 37.859572], [-122.219594, 37.85955], [-122.219776, 37.859484], [-122.219852, 37.859486], [-122.219942, 37.859516], [-122.220127, 37.859601], [-122.220211, 37.859656], [-122.220288, 37.859719], [-122.220411, 37.859903], [-122.220611, 37.860199], [-122.220675, 37.860253], [-122.22077, 37.860274], [-122.220857, 37.860282], [-122.220954, 37.860258], [-122.221038, 37.860202], [-122.22108, 37.860114], [-122.221114, 37.859896], [-122.221139, 37.859781], [-122.221189, 37.859642], [-122.221226, 37.859545], [-122.22129, 37.859377], [-122.221352, 37.859194], [-122.221407, 37.859064], [-122.221457, 37.859008], [-122.221517, 37.858972], [-122.221595, 37.85895], [-122.221707, 37.858938], [-122.221956, 37.858926], [-122.222007, 37.858913], [-122.222053, 37.858888], [-122.222091, 37.858839], [-122.222103, 37.858796], [-122.222088, 37.85871], [-122.222036, 37.858525], [-122.222028, 37.858426], [-122.222051, 37.858347], [-122.222095, 37.858276], [-122.222156, 37.858202], [-122.222235, 37.858139], [-122.222333, 37.858077], [-122.222396, 37.858033], [-122.222521, 37.857947], [-122.222595, 37.857873], [-122.222625, 37.857815], [-122.222631, 37.857772], [-122.222621, 37.857711], [-122.222581, 37.857643], [-122.22253, 37.857587], [-122.222407, 37.857426], [-122.222335, 37.857398], [-122.222307, 37.857371], [-122.222268, 37.857294], [-122.222273, 37.857213], [-122.222338, 37.857045], [-122.222354, 37.856984], [-122.222355, 37.856932], [-122.222291, 37.85686], [-122.222197, 37.856767], [-122.222166, 37.85672], [-122.222136, 37.856674], [-122.221998, 37.856396], [-122.221698, 37.856026], [-122.221656, 37.855954], [-122.22164, 37.855866], [-122.221606, 37.855503], [-122.221609, 37.855291], [-122.221617, 37.85526], [-122.221637, 37.855213], [-122.221661, 37.855179], [-122.2217, 37.855141], [-122.221798, 37.855078], [-122.221901, 37.855025], [-122.222002, 37.854994], [-122.222132, 37.854977], [-122.222232, 37.854978], [-122.222327, 37.854967], [-122.222414, 37.854943], [-122.222473, 37.854917], [-122.222492, 37.85491], [-122.222596, 37.854872], [-122.222669, 37.854868], [-122.222761, 37.854882], [-122.22286, 37.854905], [-122.222985, 37.854958], [-122.223232, 37.85507], [-122.223288, 37.855086], [-122.223348, 37.855102], [-122.223451, 37.85511], [-122.223506, 37.855099], [-122.223528, 37.855088], [-122.223554, 37.855054], [-122.223555, 37.854998], [-122.22354, 37.854923], [-122.223495, 37.854828], [-122.223439, 37.854729], [-122.223363, 37.854564], [-122.22363, 37.8545]]]]}}, {"type": "Feature", "properties": {"grade": "A", "cat": "Best", "city": "Oakland", "label": "A4"}, "geometry": {"type": "MultiPolygon", "coordinates": [[[[-122.24213, 37.85182], [-122.24706, 37.8512], [-122.247094, 37.851588], [-122.246928, 37.851599], [-122.246886, 37.851602], [-122.246618, 37.851619], [-122.246588, 37.851575], [-122.246109, 37.851603], [-122.246122, 37.851665], [-122.246015, 37.851664], [-122.245779, 37.851677], [-122.245537, 37.851691], [-122.245119, 37.851715], [-122.245034, 37.851716], [-122.245023, 37.851791], [-122.245012, 37.851813], [-122.245, 37.851834], [-122.244994, 37.851847], [-122.244949, 37.851883], [-122.244931, 37.851899], [-122.244836, 37.851842], [-122.244823, 37.851816], [-122.244781, 37.851733], [-122.244467, 37.851751], [-122.243991, 37.851777], [-122.243836, 37.851786], [-122.243703, 37.851794], [-122.243661, 37.851796], [-122.243647, 37.8518], [-122.243633, 37.851803], [-122.243613, 37.851806], [-122.243599, 37.851807], [-122.24349, 37.851814], [-122.243396, 37.851819], [-122.243279, 37.851826], [-122.243229, 37.851829], [-122.243095, 37.851837], [-122.243012, 37.851842], [-122.242887, 37.85185], [-122.242675, 37.851863], [-122.242526, 37.851871], [-122.24246, 37.851875], [-122.242429, 37.851877], [-122.24229, 37.851885], [-122.242259, 37.851887], [-122.242157, 37.851893], [-122.242122, 37.851895], [-122.242059, 37.851899], [-122.241914, 37.851909], [-122.241911, 37.851847], [-122.24213, 37.85182]]]]}}, {"type": "Feature", "properties": {"grade": "A", "cat": "Best", "city": "Oakland", "label": "A4"}, "geometry": {"type": "MultiPolygon", "coordinates": [[[[-122.23464, 37.85226], [-122.24132, 37.85192], [-122.241911, 37.851847], [-122.241914, 37.851909], [-122.241433, 37.851941], [-122.240799, 37.85198], [-122.238529, 37.852122], [-122.238359, 37.852132], [-122.238208, 37.85214], [-122.237646, 37.85217], [-122.236877, 37.852211], [-122.236271, 37.852242], [-122.236229, 37.852244], [-122.236122, 37.852251], [-122.235281, 37.8523], [-122.234652, 37.852344], [-122.23464, 37.85226]]]]}}, {"type": "Feature", "properties": {"grade": "A", "cat": "Best", "city": "Oakland", "label": "A4"}, "geometry": {"type": "MultiPolygon", "coordinates": [[[[-122.2181, 37.85647], [-122.21843, 37.85593], [-122.22003, 37.85546], [-122.2209, 37.85516], [-122.223363, 37.854564], [-122.223439, 37.854729], [-122.223495, 37.854828], [-122.22354, 37.854923], [-122.223555, 37.854998], [-122.223554, 37.855054], [-122.223528, 37.855088], [-122.223506, 37.855099], [-122.223451, 37.85511], [-122.223348, 37.855102], [-122.223288, 37.855086], [-122.223232, 37.85507], [-122.222985, 37.854958], [-122.22286, 37.854905], [-122.222761, 37.854882], [-122.222669, 37.854868], [-122.222596, 37.854872], [-122.222492, 37.85491], [-122.222473, 37.854917], [-122.222414, 37.854943], [-122.222327, 37.854967], [-122.222232, 37.854978], [-122.222132, 37.854977], [-122.222002, 37.854994], [-122.221901, 37.855025], [-122.221798, 37.855078], [-122.2217, 37.855141], [-122.221661, 37.855179], [-122.221637, 37.855213], [-122.221617, 37.85526], [-122.221609, 37.855291], [-122.221606, 37.855503], [-122.22164, 37.855866], [-122.221656, 37.855954], [-122.221698, 37.856026], [-122.221998, 37.856396], [-122.222136, 37.856674], [-122.222166, 37.85672], [-122.222197, 37.856767], [-122.222291, 37.85686], [-122.222355, 37.856932], [-122.222354, 37.856984], [-122.222338, 37.857045], [-122.222273, 37.857213], [-122.222268, 37.857294], [-122.222307, 37.857371], [-122.222335, 37.857398], [-122.222407, 37.857426], [-122.22253, 37.857587], [-122.222581, 37.857643], [-122.222621, 37.857711], [-122.222631, 37.857772], [-122.222625, 37.857815], [-122.222595, 37.857873], [-122.222521, 37.857947], [-122.222396, 37.858033], [-122.222333, 37.858077], [-122.222235, 37.858139], [-122.222156, 37.858202], [-122.222095, 37.858276], [-122.222051, 37.858347], [-122.222028, 37.858426], [-122.222036, 37.858525], [-122.222088, 37.85871], [-122.222103, 37.858796], [-122.222091, 37.858839], [-122.222053, 37.858888], [-122.222007, 37.858913], [-122.221956, 37.858926], [-122.221707, 37.858938], [-122.221595, 37.85895], [-122.221517, 37.858972], [-122.221457, 37.859008], [-122.221407, 37.859064], [-122.221352, 37.859194], [-122.22129, 37.859377], [-122.221226, 37.859545], [-122.221189, 37.859642], [-122.221139, 37.859781], [-122.221114, 37.859896], [-122.22108, 37.860114], [-122.221038, 37.860202], [-122.220954, 37.860258], [-122.220857, 37.860282], [-122.22077, 37.860274], [-122.220675, 37.860253], [-122.220611, 37.860199], [-122.220411, 37.859903], [-122.220288, 37.859719], [-122.220211, 37.859656], [-122.220127, 37.859601], [-122.219942, 37.859516], [-122.219852, 37.859486], [-122.219776, 37.859484], [-122.219594, 37.85955], [-122.219513, 37.859572], [-122.219451, 37.859572], [-122.219391, 37.859546], [-122.219368, 37.859495], [-122.219371, 37.859413], [-122.219421, 37.859285], [-122.219515, 37.859108], [-122.219616, 37.858937], [-122.219645, 37.85889], [-122.219653, 37.858814], [-122.219636, 37.858739], [-122.21958, 37.858673], [-122.219518, 37.858621], [-122.219367, 37.858517], [-122.219317, 37.858475], [-122.219238, 37.85841], [-122.219201, 37.858356], [-122.219193, 37.858292], [-122.219198, 37.858264], [-122.219214, 37.858169], [-122.219281, 37.857947], [-122.219349, 37.857728], [-122.219341, 37.857689], [-122.219327, 37.857658], [-122.219277, 37.857606], [-122.219194, 37.857549], [-122.219086, 37.857487], [-122.218981, 37.857435], [-122.218778, 37.857364], [-122.218654, 37.857336], [-122.218543, 37.857326], [-122.21843, 37.857327], [-122.218207, 37.857357], [-122.218009, 37.857388], [-122.217952, 37.857385], [-122.217896, 37.857355], [-122.217856, 37.857308], [-122.21784, 37.85726], [-122.217874, 37.85685], [-122.217887, 37.856694], [-122.2181, 37.85647]]]]}}, {"type": "Feature", "properties": {"grade": "A", "cat": "Best", "city": "Oakland", "label": "A4"}, "geometry": {"type": "MultiPolygon", "coordinates": [[[[-122.24745, 37.85981], [-122.2468, 37.85991], [-122.24718, 37.8627], [-122.24479, 37.862883], [-122.244765, 37.862855], [-122.244409, 37.862711], [-122.244404, 37.862663], [-122.244368, 37.862321], [-122.244342, 37.862074], [-122.244415, 37.862074], [-122.244412, 37.862059], [-122.244411, 37.86205], [-122.244412, 37.862038], [-122.244416, 37.862019], [-122.244458, 37.861911], [-122.244473, 37.861871], [-122.244425, 37.861817], [-122.244299, 37.861676], [-122.244171, 37.861534], [-122.244148, 37.861508], [-122.244166, 37.861497], [-122.244274, 37.861427], [-122.244235, 37.861066], [-122.244252, 37.860969], [-122.244065, 37.860776], [-122.244015, 37.860735], [-122.244058, 37.860702], [-122.244119, 37.860656], [-122.244172, 37.860607], [-122.244197, 37.860572], [-122.244223, 37.860538], [-122.244283, 37.860412], [-122.244339, 37.860203], [-122.244357, 37.860026], [-122.244378, 37.859836], [-122.2444, 37.859658], [-122.244441, 37.859334], [-122.244505, 37.859129], [-122.244627, 37.859008], [-122.24453, 37.859005], [-122.244504, 37.859005], [-122.244138, 37.859014], [-122.244091, 37.859016], [-122.244018, 37.859002], [-122.243964, 37.858968], [-122.243955, 37.858945], [-122.243945, 37.85892], [-122.24394, 37.85885], [-122.243928, 37.858683], [-122.243925, 37.858639], [-122.243704, 37.85865], [-122.243295, 37.858677], [-122.242602, 37.85872], [-122.242521, 37.857934], [-122.242577, 37.857934], [-122.242718, 37.857933], [-122.24271, 37.857922], [-122.242604, 37.857781], [-122.24256, 37.857724], [-122.242551, 37.857713], [-122.242413, 37.857642], [-122.242398, 37.857634], [-122.242385, 37.857632], [-122.242347, 37.85761], [-122.242414, 37.857622], [-122.242582, 37.857664], [-122.242617, 37.857673], [-122.242748, 37.857723], [-122.24306, 37.857905], [-122.243281, 37.857988], [-122.2434, 37.85802], [-122.243537, 37.858048], [-122.243833, 37.858109], [-122.243876, 37.858118], [-122.244108, 37.858139], [-122.244178, 37.858139], [-122.244298, 37.858141], [-122.244601, 37.858122], [-122.245086, 37.858097], [-122.245271, 37.858088], [-122.24539, 37.858087], [-122.24567, 37.858068], [-122.246513, 37.858014], [-122.246795, 37.857997], [-122.246945, 37.857986], [-122.24722, 37.857968], [-122.24745, 37.85981]]]]}}, {"type": "Feature", "properties": {"grade": "A", "cat": "Best", "city": "Oakland", "label": "A4"}, "geometry": {"type": "MultiPolygon", "coordinates": [[[[-122.23495, 37.85435], [-122.234652, 37.852344], [-122.235281, 37.8523], [-122.236122, 37.852251], [-122.236229, 37.852244], [-122.236271, 37.852242], [-122.236877, 37.852211], [-122.237646, 37.85217], [-122.238208, 37.85214], [-122.238359, 37.852132], [-122.238529, 37.852122], [-122.240799, 37.85198], [-122.241433, 37.851941], [-122.241914, 37.851909], [-122.242059, 37.851899], [-122.242122, 37.851895], [-122.242157, 37.851893], [-122.242259, 37.851887], [-122.24229, 37.851885], [-122.242429, 37.851877], [-122.24246, 37.851875], [-122.242526, 37.851871], [-122.242675, 37.851863], [-122.242887, 37.85185], [-122.243012, 37.851842], [-122.243095, 37.851837], [-122.243229, 37.851829], [-122.243279, 37.851826], [-122.243396, 37.851819], [-122.24349, 37.851814], [-122.243599, 37.851807], [-122.243613, 37.851806], [-122.243633, 37.851803], [-122.243647, 37.8518], [-122.243661, 37.851796], [-122.243703, 37.851794], [-122.243836, 37.851786], [-122.243991, 37.851777], [-122.244467, 37.851751], [-122.244781, 37.851733], [-122.244823, 37.851816], [-122.244836, 37.851842], [-122.244931, 37.851899], [-122.244949, 37.851883], [-122.244994, 37.851847], [-122.245, 37.851834], [-122.245012, 37.851813], [-122.245023, 37.851791], [-122.245034, 37.851716], [-122.245119, 37.851715], [-122.245537, 37.851691], [-122.245779, 37.851677], [-122.246015, 37.851664], [-122.246122, 37.851665], [-122.246109, 37.851603], [-122.246588, 37.851575], [-122.246618, 37.851619], [-122.246886, 37.851602], [-122.246928, 37.851599], [-122.247094, 37.851588], [-122.24721, 37.85289], [-122.24748, 37.85345], [-122.24611, 37.85503], [-122.24365, 37.85519], [-122.244, 37.85801], [-122.24721, 37.85789], [-122.24722, 37.857968], [-122.246945, 37.857986], [-122.246795, 37.857997], [-122.246513, 37.858014], [-122.24567, 37.858068], [-122.24539, 37.858087], [-122.245271, 37.858088], [-122.245086, 37.858097], [-122.244601, 37.858122], [-122.244298, 37.858141], [-122.244178, 37.858139], [-122.244108, 37.858139], [-122.243876, 37.858118], [-122.243833, 37.858109], [-122.243537, 37.858048], [-122.2434, 37.85802], [-122.243281, 37.857988], [-122.24306, 37.857905], [-122.242748, 37.857723], [-122.242617, 37.857673], [-122.242582, 37.857664], [-122.242414, 37.857622], [-122.242347, 37.85761], [-122.242307, 37.857603], [-122.242246, 37.857588], [-122.242188, 37.857573], [-122.242071, 37.857525], [-122.242029, 37.857501], [-122.241978, 37.857472], [-122.241917, 37.857436], [-122.24187, 37.857409], [-122.241812, 37.857359], [-122.241802, 37.857348], [-122.24149, 37.857374], [-122.241731, 37.857267], [-122.241715, 37.857248], [-122.241677, 37.85718], [-122.241614, 37.857066], [-122.241569, 37.857083], [-122.241525, 37.857104], [-122.241227, 37.857231], [-122.241154, 37.857262], [-122.241215, 37.857401], [-122.241125, 37.857404], [-122.240793, 37.857432], [-122.240543, 37.857541], [-122.240507, 37.857497], [-122.240417, 37.857348], [-122.240379, 37.857286], [-122.239742, 37.85756], [-122.239683, 37.857503], [-122.239645, 37.857502], [-122.239571, 37.857501], [-122.239423, 37.857509], [-122.239106, 37.857723], [-122.238925, 37.857553], [-122.23891, 37.857548], [-122.23878, 37.85755], [-122.238666, 37.857552], [-122.238343, 37.857646], [-122.238227, 37.857679], [-122.238192, 37.857687], [-122.238164, 37.857628], [-122.23814, 37.857576], [-122.238135, 37.857565], [-122.238118, 37.857547], [-122.238101, 37.857549], [-122.238028, 37.85757], [-122.237708, 37.85759], [-122.237443, 37.857613], [-122.237006, 37.857652], [-122.236831, 37.857658], [-122.236829, 37.857638], [-122.236826, 37.857604], [-122.236756, 37.857594], [-122.236719, 37.857571], [-122.236737, 37.857631], [-122.236741, 37.85765], [-122.236429, 37.857668], [-122.236388, 37.857672], [-122.236303, 37.857681], [-122.236203, 37.857688], [-122.23619, 37.857689], [-122.23565, 37.85773], [-122.235204, 37.85776], [-122.234761, 37.85779], [-122.234689, 37.857141], [-122.234681, 37.857073], [-122.234654, 37.856818], [-122.234637, 37.856659], [-122.234602, 37.856331], [-122.234558, 37.855873], [-122.234532, 37.855684], [-122.234493, 37.855411], [-122.234401, 37.85449], [-122.23495, 37.85435]]]]}}, {"type": "Feature", "properties": {"grade": "A", "cat": "Best", "city": "Oakland", "label": "A5"}, "geometry": {"type": "MultiPolygon", "coordinates": [[[[-122.23889, 37.84128], [-122.23941, 37.84114], [-122.24002, 37.84078], [-122.24062, 37.84034], [-122.2411, 37.84004], [-122.24184, 37.83982], [-122.24254, 37.83973], [-122.2429, 37.83985], [-122.24312, 37.84021], [-122.24317, 37.84066], [-122.24278, 37.841], [-122.24283, 37.84205], [-122.24319, 37.84297], [-122.24442, 37.84316], [-122.24457, 37.84334], [-122.2439, 37.84411], [-122.24345, 37.84425], [-122.24257, 37.8441], [-122.24183, 37.84423], [-122.24126, 37.84456], [-122.24124, 37.84509], [-122.24148, 37.8456], [-122.24183, 37.84593], [-122.24202, 37.8462], [-122.24198, 37.84646], [-122.24169, 37.84697], [-122.24181, 37.84738], [-122.24086, 37.84734], [-122.24017, 37.84706], [-122.23979, 37.8467], [-122.23939, 37.84631], [-122.23891, 37.8462], [-122.23855, 37.84633], [-122.23874, 37.84693], [-122.23867, 37.84732], [-122.23827, 37.84774], [-122.23827, 37.84798], [-122.23974, 37.84911], [-122.23877, 37.84922], [-122.23789, 37.84914], [-122.2371, 37.84888], [-122.23613, 37.84822], [-122.23551, 37.84766], [-122.23544, 37.84721], [-122.2357, 37.84682], [-122.23646, 37.8468], [-122.23556, 37.84577], [-122.23504, 37.84575], [-122.23475, 37.84592], [-122.23449, 37.84518], [-122.23411, 37.84518], [-122.23382, 37.84501], [-122.23359, 37.84464], [-122.23359, 37.84417], [-122.23373, 37.84381], [-122.23489, 37.84312], [-122.23478, 37.84284], [-122.2381, 37.84149], [-122.23889, 37.84128]]]]}}, {"type": "Feature", "properties": {"grade": "A", "cat": "Best", "city": "Oakland", "label": "A6"}, "geometry": {"type": "MultiPolygon", "coordinates": [[[[-122.22175, 37.83263], [-122.22122, 37.83291], [-122.22039, 37.83308], [-122.21899, 37.83331], [-122.21825, 37.83331], [-122.217364, 37.83312], [-122.217238, 37.832946], [-122.217136, 37.832806], [-122.2171, 37.832758], [-122.217285, 37.83282], [-122.21764, 37.832969], [-122.217999, 37.833018], [-122.21814, 37.833018], [-122.218325, 37.83299], [-122.218516, 37.832939], [-122.21866, 37.832923], [-122.219094, 37.832878], [-122.219239, 37.832863], [-122.219468, 37.832838], [-122.219619, 37.832821], [-122.220386, 37.832737], [-122.220761, 37.832701], [-122.221143, 37.832666], [-122.221177, 37.832675], [-122.221205, 37.832675], [-122.221462, 37.832645], [-122.221599, 37.832615], [-122.221856, 37.832515], [-122.22175, 37.83263]]], [[[-122.22461, 37.83047], [-122.22395, 37.83061], [-122.22333, 37.83096], [-122.22223, 37.83211], [-122.222008, 37.832351], [-122.222167, 37.832053], [-122.22233, 37.831702], [-122.222392, 37.831638], [-122.222432, 37.831509], [-122.222489, 37.831361], [-122.222555, 37.831238], [-122.22264, 37.831094], [-122.222777, 37.830885], [-122.222889, 37.830749], [-122.223014, 37.830655], [-122.223118, 37.830599], [-122.223198, 37.830568], [-122.223306, 37.830535], [-122.223527, 37.830485], [-122.223621, 37.830469], [-122.223724, 37.830452], [-122.224023, 37.830396], [-122.224111, 37.83038], [-122.224347, 37.830316], [-122.224369, 37.830304], [-122.224455, 37.830256], [-122.22461, 37.83047]]]]}}, {"type": "Feature", "properties": {"grade": "A", "cat": "Best", "city": "Oakland", "label": "A6"}, "geometry": {"type": "MultiPolygon", "coordinates": [[[[-122.21718, 37.83308], [-122.21638, 37.83258], [-122.21575, 37.83204], [-122.2156, 37.83193], [-122.215245, 37.831555], [-122.215255, 37.831519], [-122.215289, 37.831575], [-122.215301, 37.831595], [-122.215566, 37.8314], [-122.215581, 37.831389], [-122.215601, 37.831374], [-122.215627, 37.831358], [-122.215781, 37.83126], [-122.215915, 37.831379], [-122.215982, 37.831438], [-122.21677, 37.832338], [-122.216823, 37.832406], [-122.216859, 37.832451], [-122.216939, 37.832552], [-122.217036, 37.832674], [-122.2171, 37.832758], [-122.217136, 37.832806], [-122.217238, 37.832946], [-122.217364, 37.83312], [-122.21718, 37.83308]]]]}}, {"type": "Feature", "properties": {"grade": "A", "cat": "Best", "city": "Oakland", "label": "A6"}, "geometry": {"type": "MultiPolygon", "coordinates": [[[[-122.221856, 37.832515], [-122.221599, 37.832615], [-122.221462, 37.832645], [-122.221205, 37.832675], [-122.221177, 37.832675], [-122.221143, 37.832666], [-122.220761, 37.832701], [-122.220386, 37.832737], [-122.219619, 37.832821], [-122.219468, 37.832838], [-122.219239, 37.832863], [-122.219094, 37.832878], [-122.21866, 37.832923], [-122.218516, 37.832939], [-122.218325, 37.83299], [-122.21814, 37.833018], [-122.217999, 37.833018], [-122.21764, 37.832969], [-122.217285, 37.83282], [-122.2171, 37.832758], [-122.217036, 37.832674], [-122.216939, 37.832552], [-122.216859, 37.832451], [-122.216823, 37.832406], [-122.21677, 37.832338], [-122.215982, 37.831438], [-122.215915, 37.831379], [-122.215781, 37.83126], [-122.215683, 37.831173], [-122.215599, 37.831091], [-122.214933, 37.830445], [-122.214894, 37.830407], [-122.213841, 37.829332], [-122.213382, 37.828873], [-122.212982, 37.828463], [-122.212893, 37.828372], [-122.212634, 37.82809], [-122.212372, 37.827767], [-122.212088, 37.827418], [-122.211691, 37.826928], [-122.211558, 37.826758], [-122.21124, 37.82637], [-122.210956, 37.826023], [-122.21062, 37.825609], [-122.209933, 37.824763], [-122.20961, 37.824374], [-122.20945, 37.824181], [-122.209273, 37.823963], [-122.209177, 37.823845], [-122.209127, 37.823784], [-122.208895, 37.823489], [-122.208802, 37.82337], [-122.208481, 37.822991], [-122.208083, 37.822495], [-122.207897, 37.822275], [-122.20785, 37.82182], [-122.20815, 37.82103], [-122.2097, 37.81949], [-122.21039, 37.81885], [-122.210446, 37.818779], [-122.210492, 37.818808], [-122.211216, 37.819265], [-122.211458, 37.819419], [-122.21215, 37.819852], [-122.212238, 37.819907], [-122.212394, 37.820005], [-122.212526, 37.820079], [-122.212755, 37.820221], [-122.212901, 37.82032], [-122.213196, 37.820496], [-122.21509, 37.82179], [-122.216469, 37.822651], [-122.216498, 37.822674], [-122.21656, 37.822722], [-122.216964, 37.82297], [-122.216984, 37.822973], [-122.21754, 37.82332], [-122.21878, 37.82425], [-122.219058, 37.824403], [-122.219073, 37.82452], [-122.219265, 37.824517], [-122.220027, 37.824936], [-122.220089, 37.825004], [-122.22014, 37.824998], [-122.220192, 37.825026], [-122.220338, 37.825155], [-122.220384, 37.825196], [-122.220522, 37.825331], [-122.220529, 37.825287], [-122.220705, 37.825369], [-122.220942, 37.82567], [-122.221007, 37.825752], [-122.221116, 37.825912], [-122.22116, 37.825971], [-122.221268, 37.826117], [-122.221382, 37.826271], [-122.221484, 37.826408], [-122.221604, 37.826571], [-122.221724, 37.826732], [-122.221614, 37.826802], [-122.22171, 37.826898], [-122.22172, 37.826913], [-122.22182, 37.826862], [-122.221901, 37.826944], [-122.222069, 37.827188], [-122.222161, 37.82724], [-122.222226, 37.827278], [-122.222182, 37.827362], [-122.222091, 37.82755], [-122.222159, 37.827576], [-122.222359, 37.827613], [-122.222369, 37.827658], [-122.222358, 37.827721], [-122.222322, 37.827793], [-122.222275, 37.827875], [-122.222246, 37.827936], [-122.222213, 37.828022], [-122.222189, 37.828113], [-122.222191, 37.828169], [-122.222204, 37.828211], [-122.222242, 37.828291], [-122.222304, 37.828361], [-122.222393, 37.828427], [-122.222521, 37.828536], [-122.222591, 37.828722], [-122.222619, 37.828791], [-122.22267, 37.828849], [-122.222797, 37.828914], [-122.222987, 37.828989], [-122.223088, 37.82902], [-122.223135, 37.829035], [-122.223286, 37.829115], [-122.223389, 37.829186], [-122.223549, 37.829336], [-122.22365, 37.82943], [-122.223734, 37.829423], [-122.223812, 37.829504], [-122.223835, 37.829495], [-122.224051, 37.829785], [-122.224066, 37.829805], [-122.224243, 37.830044], [-122.224343, 37.830144], [-122.224444, 37.830246], [-122.224453, 37.830254], [-122.224455, 37.830256], [-122.224369, 37.830304], [-122.224347, 37.830316], [-122.224111, 37.83038], [-122.224023, 37.830396], [-122.223724, 37.830452], [-122.223621, 37.830469], [-122.223527, 37.830485], [-122.223306, 37.830535], [-122.223198, 37.830568], [-122.223118, 37.830599], [-122.223014, 37.830655], [-122.222889, 37.830749], [-122.222777, 37.830885], [-122.22264, 37.831094], [-122.222555, 37.831238], [-122.222489, 37.831361], [-122.222432, 37.831509], [-122.222392, 37.831638], [-122.22233, 37.831702], [-122.222167, 37.832053], [-122.222008, 37.832351], [-122.221856, 37.832515]]]]}}, {"type": "Feature", "properties": {"grade": "A", "cat": "Best", "city": "Oakland", "label": "A6"}, "geometry": {"type": "MultiPolygon", "coordinates": [[[[-122.21422, 37.83047], [-122.21341, 37.82954], [-122.21231, 37.82817], [-122.21129, 37.82672], [-122.21044, 37.82557], [-122.20949, 37.82437], [-122.209241, 37.824027], [-122.209273, 37.823963], [-122.20945, 37.824181], [-122.20961, 37.824374], [-122.209933, 37.824763], [-122.21062, 37.825609], [-122.210956, 37.826023], [-122.21124, 37.82637], [-122.211558, 37.826758], [-122.211691, 37.826928], [-122.212088, 37.827418], [-122.212372, 37.827767], [-122.212634, 37.82809], [-122.212893, 37.828372], [-122.212982, 37.828463], [-122.213382, 37.828873], [-122.213841, 37.829332], [-122.214894, 37.830407], [-122.214933, 37.830445], [-122.215599, 37.831091], [-122.215683, 37.831173], [-122.215781, 37.83126], [-122.215627, 37.831358], [-122.215601, 37.831374], [-122.215581, 37.831389], [-122.215566, 37.8314], [-122.215301, 37.831595], [-122.215289, 37.831575], [-122.215255, 37.831519], [-122.215245, 37.831555], [-122.21422, 37.83047]]]]}}, {"type": "Feature", "properties": {"grade": "A", "cat": "Best", "city": "Oakland", "label": "A6"}, "geometry": {"type": "MultiPolygon", "coordinates": [[[[-122.2087, 37.82328], [-122.20792, 37.8225], [-122.207897, 37.822275], [-122.208083, 37.822495], [-122.208481, 37.822991], [-122.208802, 37.82337], [-122.208895, 37.823489], [-122.209127, 37.823784], [-122.209177, 37.823845], [-122.209273, 37.823963], [-122.209241, 37.824027], [-122.2087, 37.82328]]]]}}, {"type": "Feature", "properties": {"grade": "A", "cat": "Best", "city": "Oakland", "label": "A6"}, "geometry": {"type": "MultiPolygon", "coordinates": [[[[-122.22098, 37.82546], [-122.224453, 37.830254], [-122.224444, 37.830246], [-122.224343, 37.830144], [-122.224243, 37.830044], [-122.224066, 37.829805], [-122.224051, 37.829785], [-122.223835, 37.829495], [-122.223812, 37.829504], [-122.223734, 37.829423], [-122.22365, 37.82943], [-122.223549, 37.829336], [-122.223389, 37.829186], [-122.223286, 37.829115], [-122.223135, 37.829035], [-122.223088, 37.82902], [-122.222987, 37.828989], [-122.222797, 37.828914], [-122.22267, 37.828849], [-122.222619, 37.828791], [-122.222591, 37.828722], [-122.222521, 37.828536], [-122.222393, 37.828427], [-122.222304, 37.828361], [-122.222242, 37.828291], [-122.222204, 37.828211], [-122.222191, 37.828169], [-122.222189, 37.828113], [-122.222213, 37.828022], [-122.222246, 37.827936], [-122.222275, 37.827875], [-122.222322, 37.827793], [-122.222358, 37.827721], [-122.222369, 37.827658], [-122.222359, 37.827613], [-122.222159, 37.827576], [-122.222091, 37.82755], [-122.222182, 37.827362], [-122.222226, 37.827278], [-122.222161, 37.82724], [-122.222069, 37.827188], [-122.221901, 37.826944], [-122.22182, 37.826862], [-122.22172, 37.826913], [-122.22171, 37.826898], [-122.221614, 37.826802], [-122.221724, 37.826732], [-122.221604, 37.826571], [-122.221484, 37.826408], [-122.221382, 37.826271], [-122.221268, 37.826117], [-122.22116, 37.825971], [-122.221116, 37.825912], [-122.221007, 37.825752], [-122.220942, 37.82567], [-122.220705, 37.825369], [-122.220529, 37.825287], [-122.220522, 37.825331], [-122.220384, 37.825196], [-122.220338, 37.825155], [-122.220192, 37.825026], [-122.22098, 37.82546]]], [[[-122.22014, 37.824998], [-122.220089, 37.825004], [-122.220027, 37.824936], [-122.22014, 37.824998]]], [[[-122.219265, 37.824517], [-122.219073, 37.82452], [-122.219058, 37.824403], [-122.219265, 37.824517]]], [[[-122.216984, 37.822973], [-122.216964, 37.82297], [-122.21656, 37.822722], [-122.216498, 37.822674], [-122.216469, 37.822651], [-122.216984, 37.822973]]], [[[-122.21046, 37.81876], [-122.2119, 37.81961], [-122.213196, 37.820496], [-122.212901, 37.82032], [-122.212755, 37.820221], [-122.212526, 37.820079], [-122.212394, 37.820005], [-122.212238, 37.819907], [-122.21215, 37.819852], [-122.211458, 37.819419], [-122.211216, 37.819265], [-122.210492, 37.818808], [-122.210446, 37.818779], [-122.21046, 37.81876]]]]}}, {"type": "Feature", "properties": {"grade": "A", "cat": "Best", "city": "Oakland", "label": "A7"}, "geometry": {"type": "MultiPolygon", "coordinates": [[[[-122.22461, 37.83047], [-122.224455, 37.830256], [-122.224456, 37.830256], [-122.224519, 37.830341], [-122.224594, 37.83044], [-122.224602, 37.830454], [-122.224614, 37.83047], [-122.22461, 37.83047]]], [[[-122.23168, 37.83164], [-122.231275, 37.831661], [-122.231322, 37.83158], [-122.231385, 37.831458], [-122.231577, 37.831454], [-122.231941, 37.831446], [-122.23168, 37.83164]]]]}}, {"type": "Feature", "properties": {"grade": "A", "cat": "Best", "city": "Oakland", "label": "A7"}, "geometry": {"type": "MultiPolygon", "coordinates": [[[[-122.224453, 37.830254], [-122.224456, 37.830256], [-122.224455, 37.830256], [-122.224453, 37.830254]]]]}}, {"type": "Feature", "properties": {"grade": "A", "cat": "Best", "city": "Oakland", "label": "A7"}, "geometry": {"type": "MultiPolygon", "coordinates": [[[[-122.23051, 37.8317], [-122.22933, 37.83147], [-122.22797, 37.83096], [-122.22697, 37.83053], [-122.22581, 37.83051], [-122.224614, 37.83047], [-122.224602, 37.830454], [-122.224594, 37.83044], [-122.224519, 37.830341], [-122.224456, 37.830256], [-122.224453, 37.830254], [-122.22098, 37.82546], [-122.2241, 37.82508], [-122.22401, 37.82466], [-122.22358, 37.82418], [-122.22296, 37.8238], [-122.22282, 37.82339], [-122.22305, 37.82309], [-122.22358, 37.82294], [-122.22391, 37.82297], [-122.22343, 37.82204], [-122.22348, 37.82147], [-122.22567, 37.82128], [-122.22529, 37.81509], [-122.22856, 37.81587], [-122.23154, 37.81645], [-122.23203, 37.81724], [-122.23244, 37.81801], [-122.23251, 37.81859], [-122.23303, 37.81917], [-122.23387, 37.81955], [-122.23379, 37.82019], [-122.2342, 37.82036], [-122.237574, 37.81886], [-122.237566, 37.818923], [-122.237004, 37.819784], [-122.236868, 37.819934], [-122.236608, 37.820221], [-122.236656, 37.820267], [-122.236677, 37.820287], [-122.23657, 37.82045], [-122.23589, 37.82049], [-122.23584, 37.82188], [-122.23605, 37.82216], [-122.23622, 37.82293], [-122.236431, 37.823067], [-122.236429, 37.823072], [-122.236344, 37.823185], [-122.236254, 37.82323], [-122.236184, 37.823267], [-122.236015, 37.823322], [-122.235929, 37.823324], [-122.235835, 37.823307], [-122.235667, 37.823218], [-122.235583, 37.823167], [-122.235377, 37.823041], [-122.235256, 37.823036], [-122.235202, 37.823045], [-122.234725, 37.823133], [-122.234684, 37.823141], [-122.234512, 37.823175], [-122.234429, 37.823084], [-122.234271, 37.822971], [-122.234251, 37.822965], [-122.234155, 37.82294], [-122.234012, 37.822962], [-122.233909, 37.822997], [-122.233816, 37.82304], [-122.233663, 37.823142], [-122.233372, 37.823379], [-122.233167, 37.823547], [-122.233135, 37.823612], [-122.233047, 37.82368], [-122.232783, 37.823886], [-122.232748, 37.823914], [-122.232693, 37.823951], [-122.23263, 37.823994], [-122.232498, 37.824059], [-122.232469, 37.824069], [-122.232256, 37.824149], [-122.232128, 37.824189], [-122.231963, 37.824231], [-122.231785, 37.824254], [-122.231738, 37.824266], [-122.231691, 37.824279], [-122.2316, 37.824341], [-122.231539, 37.824413], [-122.231652, 37.824427], [-122.231692, 37.824439], [-122.231756, 37.824459], [-122.231844, 37.824509], [-122.231939, 37.824569], [-122.232009, 37.824632], [-122.232059, 37.824709], [-122.232099, 37.82477], [-122.232137, 37.824845], [-122.232165, 37.824893], [-122.23225, 37.825037], [-122.232279, 37.825085], [-122.232335, 37.825188], [-122.232503, 37.825497], [-122.232559, 37.8256], [-122.232632, 37.825731], [-122.232853, 37.826126], [-122.232927, 37.826258], [-122.233063, 37.826515], [-122.233471, 37.827289], [-122.233579, 37.827493], [-122.23182, 37.82774], [-122.23063, 37.82787], [-122.23044, 37.82832], [-122.23085, 37.82897], [-122.23196, 37.83057], [-122.23203, 37.83138], [-122.231941, 37.831446], [-122.231577, 37.831454], [-122.231385, 37.831458], [-122.231322, 37.83158], [-122.231275, 37.831661], [-122.23051, 37.8317]]]]}}, {"type": "Feature", "properties": {"grade": "A", "cat": "Best", "city": "Oakland", "label": "A7"}, "geometry": {"type": "MultiPolygon", "coordinates": [[[[-122.23679, 37.8233], [-122.23757, 37.82404], [-122.23783, 37.82453], [-122.23824, 37.82558], [-122.23874, 37.82606], [-122.23722, 37.8264], [-122.23655, 37.82698], [-122.23541, 37.82708], [-122.23467, 37.82734], [-122.233579, 37.827493], [-122.233471, 37.827289], [-122.233063, 37.826515], [-122.232927, 37.826258], [-122.232853, 37.826126], [-122.232632, 37.825731], [-122.232559, 37.8256], [-122.232503, 37.825497], [-122.232335, 37.825188], [-122.232279, 37.825085], [-122.23225, 37.825037], [-122.232165, 37.824893], [-122.232137, 37.824845], [-122.232099, 37.82477], [-122.232059, 37.824709], [-122.232009, 37.824632], [-122.231939, 37.824569], [-122.231844, 37.824509], [-122.231756, 37.824459], [-122.231692, 37.824439], [-122.231652, 37.824427], [-122.231539, 37.824413], [-122.2316, 37.824341], [-122.231691, 37.824279], [-122.231738, 37.824266], [-122.231785, 37.824254], [-122.231963, 37.824231], [-122.232128, 37.824189], [-122.232256, 37.824149], [-122.232469, 37.824069], [-122.232498, 37.824059], [-122.23263, 37.823994], [-122.232693, 37.823951], [-122.232748, 37.823914], [-122.232783, 37.823886], [-122.233047, 37.82368], [-122.233135, 37.823612], [-122.233167, 37.823547], [-122.233372, 37.823379], [-122.233663, 37.823142], [-122.233816, 37.82304], [-122.233909, 37.822997], [-122.234012, 37.822962], [-122.234155, 37.82294], [-122.234251, 37.822965], [-122.234271, 37.822971], [-122.234429, 37.823084], [-122.234512, 37.823175], [-122.234684, 37.823141], [-122.234725, 37.823133], [-122.235202, 37.823045], [-122.235256, 37.823036], [-122.235377, 37.823041], [-122.235583, 37.823167], [-122.235667, 37.823218], [-122.235835, 37.823307], [-122.235929, 37.823324], [-122.236015, 37.823322], [-122.236184, 37.823267], [-122.236254, 37.82323], [-122.236344, 37.823185], [-122.236429, 37.823072], [-122.236431, 37.823067], [-122.23679, 37.8233]]], [[[-122.236677, 37.820287], [-122.236656, 37.820267], [-122.236608, 37.820221], [-122.236868, 37.819934], [-122.237004, 37.819784], [-122.236677, 37.820287]]], [[[-122.23762, 37.81884], [-122.237566, 37.818923], [-122.237574, 37.81886], [-122.23762, 37.81884]]]]}}, {"type": "Feature", "properties": {"grade": "A", "cat": "Best", "city": "Oakland", "label": "A8"}, "geometry": {"type": "MultiPolygon", "coordinates": [[[[-122.21509, 37.82179], [-122.213196, 37.820496], [-122.213215, 37.820507], [-122.213316, 37.820567], [-122.213449, 37.82066], [-122.213703, 37.820817], [-122.213965, 37.820988], [-122.214119, 37.821089], [-122.214332, 37.821209], [-122.214391, 37.821245], [-122.214439, 37.821273], [-122.214756, 37.821462], [-122.214867, 37.821532], [-122.215207, 37.821799], [-122.215231, 37.821817], [-122.215252, 37.821813], [-122.215296, 37.821798], [-122.215437, 37.821899], [-122.215693, 37.822073], [-122.215919, 37.822234], [-122.216044, 37.822323], [-122.216132, 37.822389], [-122.216188, 37.82243], [-122.216469, 37.822651], [-122.21509, 37.82179]]], [[[-122.21878, 37.82425], [-122.21754, 37.82332], [-122.216984, 37.822973], [-122.217114, 37.82299], [-122.217185, 37.823], [-122.21736, 37.823193], [-122.217687, 37.823359], [-122.217964, 37.823537], [-122.21794, 37.823573], [-122.218253, 37.823777], [-122.218333, 37.82383], [-122.218506, 37.823942], [-122.218936, 37.824221], [-122.219044, 37.824291], [-122.219058, 37.824403], [-122.21878, 37.82425]]], [[[-122.219265, 37.824517], [-122.219642, 37.824511], [-122.220027, 37.824936], [-122.219265, 37.824517]]], [[[-122.22014, 37.824998], [-122.220157, 37.824996], [-122.220192, 37.825026], [-122.22014, 37.824998]]]]}}, {"type": "Feature", "properties": {"grade": "A", "cat": "Best", "city": "Oakland", "label": "A8"}, "geometry": {"type": "MultiPolygon", "coordinates": [[[[-122.214465, 37.812598], [-122.214517, 37.812617], [-122.214584, 37.812641], [-122.214677, 37.812688], [-122.214387, 37.812908], [-122.214333, 37.812945], [-122.214465, 37.812598]]], [[[-122.2112, 37.81782], [-122.21224, 37.81701], [-122.212472, 37.816717], [-122.212469, 37.816722], [-122.212315, 37.816938], [-122.212223, 37.817055], [-122.212004, 37.817285], [-122.211887, 37.817398], [-122.211753, 37.817514], [-122.211446, 37.81774], [-122.2113, 37.817836], [-122.21105, 37.818011], [-122.2112, 37.81782]]]]}}, {"type": "Feature", "properties": {"grade": "A", "cat": "Best", "city": "Oakland", "label": "A8"}, "geometry": {"type": "MultiPolygon", "coordinates": [[[[-122.21448, 37.81256], [-122.21452, 37.81241], [-122.21488, 37.8125], [-122.214842, 37.812543], [-122.214793, 37.812589], [-122.214752, 37.812632], [-122.214708, 37.812664], [-122.214677, 37.812688], [-122.214584, 37.812641], [-122.214517, 37.812617], [-122.214465, 37.812598], [-122.21448, 37.81256]]]]}}, {"type": "Feature", "properties": {"grade": "A", "cat": "Best", "city": "Oakland", "label": "A8"}, "geometry": {"type": "MultiPolygon", "coordinates": [[[[-122.2119, 37.81961], [-122.21046, 37.81876], [-122.21105, 37.818011], [-122.2113, 37.817836], [-122.211446, 37.81774], [-122.211753, 37.817514], [-122.211887, 37.817398], [-122.212004, 37.817285], [-122.212223, 37.817055], [-122.212315, 37.816938], [-122.212469, 37.816722], [-122.212472, 37.816717], [-122.21277, 37.81634], [-122.21317, 37.81559], [-122.21338, 37.81438], [-122.21379, 37.81371], [-122.21422, 37.81324], [-122.214333, 37.812945], [-122.214387, 37.812908], [-122.214677, 37.812688], [-122.214708, 37.812664], [-122.214752, 37.812632], [-122.214793, 37.812589], [-122.214842, 37.812543], [-122.21488, 37.8125], [-122.21728, 37.8131], [-122.22194, 37.81426], [-122.22529, 37.81509], [-122.22567, 37.82128], [-122.22348, 37.82147], [-122.22343, 37.82204], [-122.22391, 37.82297], [-122.22358, 37.82294], [-122.22305, 37.82309], [-122.22282, 37.82339], [-122.22296, 37.8238], [-122.22358, 37.82418], [-122.22401, 37.82466], [-122.2241, 37.82508], [-122.22098, 37.82546], [-122.220192, 37.825026], [-122.220157, 37.824996], [-122.22014, 37.824998], [-122.220027, 37.824936], [-122.219642, 37.824511], [-122.219265, 37.824517], [-122.219058, 37.824403], [-122.219044, 37.824291], [-122.218936, 37.824221], [-122.218506, 37.823942], [-122.218333, 37.82383], [-122.218253, 37.823777], [-122.21794, 37.823573], [-122.217964, 37.823537], [-122.217687, 37.823359], [-122.21736, 37.823193], [-122.217185, 37.823], [-122.217114, 37.82299], [-122.216984, 37.822973], [-122.216469, 37.822651], [-122.216188, 37.82243], [-122.216132, 37.822389], [-122.216044, 37.822323], [-122.215919, 37.822234], [-122.215693, 37.822073], [-122.215437, 37.821899], [-122.215296, 37.821798], [-122.215252, 37.821813], [-122.215231, 37.821817], [-122.215207, 37.821799], [-122.214867, 37.821532], [-122.214756, 37.821462], [-122.214439, 37.821273], [-122.214391, 37.821245], [-122.214332, 37.821209], [-122.214119, 37.821089], [-122.213965, 37.820988], [-122.213703, 37.820817], [-122.213449, 37.82066], [-122.213316, 37.820567], [-122.213215, 37.820507], [-122.213196, 37.820496], [-122.2119, 37.81961]]]]}}, {"type": "Feature", "properties": {"grade": "A", "cat": "Best", "city": "Oakland", "label": "A9"}, "geometry": {"type": "MultiPolygon", "coordinates": [[[[-122.24246, 37.81159], [-122.242243, 37.811595], [-122.242276, 37.811565], [-122.242369, 37.81151], [-122.242487, 37.811441], [-122.24246, 37.81159]]]]}}, {"type": "Feature", "properties": {"grade": "A", "cat": "Best", "city": "Oakland", "label": "A9"}, "geometry": {"type": "MultiPolygon", "coordinates": [[[[-122.24159, 37.81161], [-122.24064, 37.81093], [-122.23961, 37.81057], [-122.23837, 37.81043], [-122.23739, 37.81045], [-122.236, 37.81072], [-122.23508, 37.81078], [-122.2344, 37.81126], [-122.23318, 37.81173], [-122.23195, 37.81197], [-122.23071, 37.81207], [-122.23033, 37.81225], [-122.23115, 37.81267], [-122.23155, 37.81315], [-122.2318, 37.81375], [-122.2318, 37.81413], [-122.23143, 37.8144], [-122.23132, 37.81458], [-122.23147, 37.81508], [-122.23185, 37.8153], [-122.2321, 37.81563], [-122.23221, 37.81602], [-122.232184, 37.816184], [-122.232151, 37.816186], [-122.232073, 37.816156], [-122.23206, 37.816153], [-122.23182, 37.816091], [-122.231269, 37.815975], [-122.230812, 37.815905], [-122.23072, 37.815884], [-122.230356, 37.815796], [-122.230287, 37.815781], [-122.230056, 37.815732], [-122.229736, 37.815646], [-122.229496, 37.815598], [-122.229342, 37.815569], [-122.229175, 37.815538], [-122.228953, 37.815487], [-122.228652, 37.815419], [-122.228557, 37.815392], [-122.228426, 37.815354], [-122.228135, 37.815287], [-122.22783, 37.815217], [-122.227777, 37.815243], [-122.227718, 37.81519], [-122.227431, 37.815121], [-122.227221, 37.815071], [-122.227109, 37.815045], [-122.225988, 37.814782], [-122.225234, 37.814605], [-122.225045, 37.814562], [-122.224646, 37.814467], [-122.224646, 37.814409], [-122.224404, 37.814408], [-122.224403, 37.814354], [-122.224254, 37.814352], [-122.224181, 37.814351], [-122.224011, 37.81435], [-122.223797, 37.8143], [-122.223795, 37.814265], [-122.223545, 37.814202], [-122.223532, 37.814199], [-122.223313, 37.814144], [-122.223222, 37.814122], [-122.223165, 37.814108], [-122.222654, 37.813981], [-122.222347, 37.813903], [-122.22324, 37.81312], [-122.22367, 37.81261], [-122.22465, 37.8121], [-122.22541, 37.81175], [-122.22629, 37.81105], [-122.22736, 37.81081], [-122.2285, 37.81051], [-122.22926, 37.81], [-122.23026, 37.80962], [-122.23171, 37.80936], [-122.23249, 37.80938], [-122.23285, 37.8091], [-122.23368, 37.80854], [-122.23468, 37.80805], [-122.23606, 37.80814], [-122.23682, 37.80835], [-122.23774, 37.80885], [-122.23848, 37.80897], [-122.23907, 37.80927], [-122.2401, 37.80993], [-122.24133, 37.81058], [-122.24228, 37.81115], [-122.2425, 37.81137], [-122.242487, 37.811441], [-122.242369, 37.81151], [-122.242276, 37.811565], [-122.242243, 37.811595], [-122.24159, 37.81161]]]]}}, {"type": "Feature", "properties": {"grade": "A", "cat": "Best", "city": "Oakland", "label": "A9"}, "geometry": {"type": "MultiPolygon", "coordinates": [[[[-122.23212, 37.81658], [-122.23154, 37.81645], [-122.22856, 37.81587], [-122.22529, 37.81509], [-122.22194, 37.81426], [-122.222347, 37.813903], [-122.222654, 37.813981], [-122.223165, 37.814108], [-122.223222, 37.814122], [-122.223313, 37.814144], [-122.223532, 37.814199], [-122.223545, 37.814202], [-122.223795, 37.814265], [-122.223797, 37.8143], [-122.224011, 37.81435], [-122.224181, 37.814351], [-122.224254, 37.814352], [-122.224403, 37.814354], [-122.224404, 37.814408], [-122.224646, 37.814409], [-122.224646, 37.814467], [-122.225045, 37.814562], [-122.225234, 37.814605], [-122.225988, 37.814782], [-122.227109, 37.815045], [-122.227221, 37.815071], [-122.227431, 37.815121], [-122.227718, 37.81519], [-122.227777, 37.815243], [-122.22783, 37.815217], [-122.228135, 37.815287], [-122.228426, 37.815354], [-122.228557, 37.815392], [-122.228652, 37.815419], [-122.228953, 37.815487], [-122.229175, 37.815538], [-122.229342, 37.815569], [-122.229496, 37.815598], [-122.229736, 37.815646], [-122.230056, 37.815732], [-122.230287, 37.815781], [-122.230356, 37.815796], [-122.23072, 37.815884], [-122.230812, 37.815905], [-122.231269, 37.815975], [-122.23182, 37.816091], [-122.23206, 37.816153], [-122.232073, 37.816156], [-122.232151, 37.816186], [-122.232184, 37.816184], [-122.23212, 37.81658]]]]}}, {"type": "Feature", "properties": {"grade": "B", "cat": "Still Desirable", "city": "Oakland", "label": "B1"}, "geometry": {"type": "MultiPolygon", "coordinates": [[[[-122.28716, 37.89146], [-122.286854, 37.898434], [-122.286748, 37.898486], [-122.286693, 37.898513], [-122.286716, 37.898242], [-122.286718, 37.898129], [-122.286733, 37.89765], [-122.286771, 37.896864], [-122.286788, 37.896548], [-122.286814, 37.896073], [-122.286829, 37.895797], [-122.286853, 37.895321], [-122.28688, 37.8947], [-122.286908, 37.894251], [-122.286902, 37.894142], [-122.286939, 37.893322], [-122.286963, 37.892809], [-122.286982, 37.892397], [-122.287023, 37.891549], [-122.287026, 37.891466], [-122.28716, 37.89146]]]]}}, {"type": "Feature", "properties": {"grade": "B", "cat": "Still Desirable", "city": "Oakland", "label": "B1"}, "geometry": {"type": "MultiPolygon", "coordinates": [[[[-122.28572, 37.89883], [-122.285601, 37.898409], [-122.285644, 37.898392], [-122.285704, 37.89837], [-122.285751, 37.898499], [-122.285782, 37.898583], [-122.285895, 37.898801], [-122.28585, 37.898814], [-122.285732, 37.898848], [-122.28572, 37.89883]]]]}}, {"type": "Feature", "properties": {"grade": "B", "cat": "Still Desirable", "city": "Oakland", "label": "B1"}, "geometry": {"type": "MultiPolygon", "coordinates": [[[[-122.28557, 37.8983], [-122.28558, 37.89785], [-122.28553, 37.89751], [-122.28532, 37.89662], [-122.28482, 37.89602], [-122.28403, 37.8955], [-122.28325, 37.89487], [-122.28193, 37.89391], [-122.28133, 37.89346], [-122.281, 37.89286], [-122.2806, 37.89209], [-122.28055, 37.89182], [-122.28414, 37.8916], [-122.287026, 37.891466], [-122.287023, 37.891549], [-122.286982, 37.892397], [-122.286963, 37.892809], [-122.286939, 37.893322], [-122.286902, 37.894142], [-122.286908, 37.894251], [-122.28688, 37.8947], [-122.286853, 37.895321], [-122.286829, 37.895797], [-122.286814, 37.896073], [-122.286788, 37.896548], [-122.286771, 37.896864], [-122.286733, 37.89765], [-122.286718, 37.898129], [-122.286716, 37.898242], [-122.286693, 37.898513], [-122.286366, 37.898677], [-122.285895, 37.898801], [-122.285782, 37.898583], [-122.285751, 37.898499], [-122.285704, 37.89837], [-122.285644, 37.898392], [-122.285601, 37.898409], [-122.28557, 37.8983]]]]}}, {"type": "Feature", "properties": {"grade": "B", "cat": "Still Desirable", "city": "Oakland", "label": "B1"}, "geometry": {"type": "MultiPolygon", "coordinates": [[[[-122.28684, 37.89875], [-122.2864, 37.89899], [-122.28593, 37.89913], [-122.285732, 37.898848], [-122.28585, 37.898814], [-122.285895, 37.898801], [-122.286366, 37.898677], [-122.286693, 37.898513], [-122.286748, 37.898486], [-122.286854, 37.898434], [-122.28684, 37.89875]]]]}}, {"type": "Feature", "properties": {"grade": "B", "cat": "Still Desirable", "city": "Oakland", "label": "B10"}, "geometry": {"type": "MultiPolygon", "coordinates": [[[[-122.26217, 37.84007], [-122.264131, 37.840025], [-122.263929, 37.840196], [-122.263679, 37.8404], [-122.263437, 37.840561], [-122.263141, 37.840743], [-122.262857, 37.840902], [-122.262811, 37.840926], [-122.262541, 37.841064], [-122.261974, 37.841305], [-122.26217, 37.84007]]]]}}, {"type": "Feature", "properties": {"grade": "B", "cat": "Still Desirable", "city": "Oakland", "label": "B10"}, "geometry": {"type": "MultiPolygon", "coordinates": [[[[-122.26433, 37.84002], [-122.2649, 37.84356], [-122.26462, 37.8436], [-122.26154, 37.84403], [-122.261974, 37.841305], [-122.262541, 37.841064], [-122.262811, 37.840926], [-122.262857, 37.840902], [-122.263141, 37.840743], [-122.263437, 37.840561], [-122.263679, 37.8404], [-122.263929, 37.840196], [-122.264131, 37.840025], [-122.26433, 37.84002]]]]}}, {"type": "Feature", "properties": {"grade": "B", "cat": "Still Desirable", "city": "Oakland", "label": "B11"}, "geometry": {"type": "MultiPolygon", "coordinates": [[[[-122.2517, 37.85101], [-122.24706, 37.8512], [-122.24213, 37.85182], [-122.242229, 37.851064], [-122.242245, 37.851041], [-122.242315, 37.85096], [-122.242427, 37.850833], [-122.242666, 37.850756], [-122.243383, 37.850529], [-122.243623, 37.850453], [-122.243707, 37.850413], [-122.243959, 37.850296], [-122.244044, 37.850257], [-122.243884, 37.849996], [-122.243621, 37.849565], [-122.243524, 37.849445], [-122.243382, 37.849318], [-122.243341, 37.849265], [-122.243331, 37.849252], [-122.243309, 37.849205], [-122.243306, 37.849151], [-122.243323, 37.849072], [-122.243381, 37.848989], [-122.243519, 37.848782], [-122.243716, 37.848513], [-122.245505, 37.847515], [-122.245803, 37.847348], [-122.24832, 37.84631], [-122.24944, 37.84802], [-122.25134, 37.84744], [-122.2502, 37.8486], [-122.25079, 37.84965], [-122.25234, 37.84916], [-122.252421, 37.849329], [-122.25235, 37.849428], [-122.252354, 37.849468], [-122.252426, 37.850134], [-122.2517, 37.85101]]]]}}, {"type": "Feature", "properties": {"grade": "B", "cat": "Still Desirable", "city": "Oakland", "label": "B11"}, "geometry": {"type": "MultiPolygon", "coordinates": [[[[-122.245803, 37.847348], [-122.245505, 37.847515], [-122.243716, 37.848513], [-122.243825, 37.848361], [-122.24392, 37.848229], [-122.244055, 37.84807], [-122.245803, 37.847348]]], [[[-122.24673, 37.8437], [-122.246459, 37.844077], [-122.246648, 37.843774], [-122.246758, 37.843598], [-122.246826, 37.843489], [-122.246834, 37.843476], [-122.24673, 37.8437]]]]}}, {"type": "Feature", "properties": {"grade": "B", "cat": "Still Desirable", "city": "Oakland", "label": "B11"}, "geometry": {"type": "MultiPolygon", "coordinates": [[[[-122.25256, 37.84962], [-122.25267, 37.84984], [-122.252426, 37.850134], [-122.252354, 37.849468], [-122.25235, 37.849428], [-122.252421, 37.849329], [-122.25256, 37.84962]]]]}}, {"type": "Feature", "properties": {"grade": "B", "cat": "Still Desirable", "city": "Oakland", "label": "B11"}, "geometry": {"type": "MultiPolygon", "coordinates": [[[[-122.24606, 37.83813], [-122.24661, 37.83801], [-122.24723, 37.83788], [-122.24889, 37.83719], [-122.25011, 37.83702], [-122.25094, 37.83691], [-122.250792, 37.837137], [-122.250683, 37.837152], [-122.25063, 37.837163], [-122.25058, 37.837166], [-122.249975, 37.837176], [-122.249883, 37.837178], [-122.249651, 37.837182], [-122.249467, 37.837183], [-122.249376, 37.837187], [-122.249351, 37.837189], [-122.249226, 37.837228], [-122.248608, 37.837478], [-122.248354, 37.837581], [-122.248057, 37.837697], [-122.247613, 37.837872], [-122.247172, 37.838059], [-122.246879, 37.838185], [-122.246732, 37.83824], [-122.246396, 37.838365], [-122.246293, 37.838405], [-122.246273, 37.838413], [-122.246148, 37.838462], [-122.245688, 37.838643], [-122.244308, 37.839186], [-122.244, 37.839308], [-122.24606, 37.83813]]]]}}, {"type": "Feature", "properties": {"grade": "B", "cat": "Still Desirable", "city": "Oakland", "label": "B11"}, "geometry": {"type": "MultiPolygon", "coordinates": [[[[-122.24224, 37.85098], [-122.24119, 37.85089], [-122.23998, 37.85083], [-122.2397, 37.84971], [-122.23974, 37.84911], [-122.23827, 37.84798], [-122.23827, 37.84774], [-122.23867, 37.84732], [-122.23874, 37.84693], [-122.23855, 37.84633], [-122.23891, 37.8462], [-122.23939, 37.84631], [-122.23979, 37.8467], [-122.24017, 37.84706], [-122.24086, 37.84734], [-122.24181, 37.84738], [-122.24169, 37.84697], [-122.24198, 37.84646], [-122.24202, 37.8462], [-122.24183, 37.84593], [-122.24148, 37.8456], [-122.24124, 37.84509], [-122.24126, 37.84456], [-122.24183, 37.84423], [-122.24257, 37.8441], [-122.24345, 37.84425], [-122.2439, 37.84411], [-122.24457, 37.84334], [-122.24442, 37.84316], [-122.24319, 37.84297], [-122.24283, 37.84205], [-122.24278, 37.841], [-122.24317, 37.84066], [-122.24312, 37.84021], [-122.2429, 37.83985], [-122.24314, 37.8398], [-122.244, 37.839308], [-122.244308, 37.839186], [-122.245688, 37.838643], [-122.246148, 37.838462], [-122.246273, 37.838413], [-122.246293, 37.838405], [-122.246396, 37.838365], [-122.246732, 37.83824], [-122.246879, 37.838185], [-122.247172, 37.838059], [-122.247613, 37.837872], [-122.248057, 37.837697], [-122.248354, 37.837581], [-122.248608, 37.837478], [-122.249226, 37.837228], [-122.249351, 37.837189], [-122.249376, 37.837187], [-122.249467, 37.837183], [-122.249651, 37.837182], [-122.249883, 37.837178], [-122.249975, 37.837176], [-122.25058, 37.837166], [-122.25063, 37.837163], [-122.250683, 37.837152], [-122.250792, 37.837137], [-122.25038, 37.83777], [-122.24713, 37.84284], [-122.246834, 37.843476], [-122.246826, 37.843489], [-122.246758, 37.843598], [-122.246648, 37.843774], [-122.246459, 37.844077], [-122.2434, 37.84834], [-122.244055, 37.84807], [-122.24392, 37.848229], [-122.243825, 37.848361], [-122.243716, 37.848513], [-122.243519, 37.848782], [-122.243381, 37.848989], [-122.243323, 37.849072], [-122.243306, 37.849151], [-122.243309, 37.849205], [-122.243331, 37.849252], [-122.243341, 37.849265], [-122.243382, 37.849318], [-122.243524, 37.849445], [-122.243621, 37.849565], [-122.243884, 37.849996], [-122.244044, 37.850257], [-122.243959, 37.850296], [-122.243707, 37.850413], [-122.243623, 37.850453], [-122.243383, 37.850529], [-122.242666, 37.850756], [-122.242427, 37.850833], [-122.242315, 37.85096], [-122.242245, 37.851041], [-122.242229, 37.851064], [-122.24224, 37.85098]]]]}}, {"type": "Feature", "properties": {"grade": "B", "cat": "Still Desirable", "city": "Oakland", "label": "B12"}, "geometry": {"type": "MultiPolygon", "coordinates": [[[[-122.2279, 37.83329], [-122.22862, 37.83386], [-122.237384, 37.840913], [-122.237201, 37.840932], [-122.237117, 37.840941], [-122.236871, 37.841011], [-122.23682, 37.841026], [-122.236608, 37.841097], [-122.236427, 37.841188], [-122.236222, 37.841347], [-122.236129, 37.841428], [-122.235889, 37.841692], [-122.235764, 37.841817], [-122.235749, 37.841834], [-122.235555, 37.842066], [-122.235478, 37.842135], [-122.235354, 37.842231], [-122.235241, 37.842285], [-122.235105, 37.842343], [-122.234986, 37.842385], [-122.23483, 37.842426], [-122.234564, 37.842474], [-122.23443, 37.842491], [-122.234288, 37.842497], [-122.234116, 37.842512], [-122.234035, 37.842527], [-122.233973, 37.842545], [-122.233855, 37.842564], [-122.233735, 37.842543], [-122.233674, 37.842543], [-122.233622, 37.842551], [-122.233512, 37.842607], [-122.233435, 37.842629], [-122.233369, 37.842629], [-122.23321, 37.842612], [-122.233106, 37.842616], [-122.23297, 37.842628], [-122.232824, 37.842659], [-122.232734, 37.842699], [-122.232616, 37.842718], [-122.232575, 37.842721], [-122.232366, 37.842737], [-122.232174, 37.842761], [-122.231982, 37.842777], [-122.231734, 37.842785], [-122.231564, 37.842763], [-122.231442, 37.842733], [-122.231258, 37.842661], [-122.231208, 37.842642], [-122.231101, 37.842605], [-122.230999, 37.842575], [-122.230757, 37.842517], [-122.230688, 37.842507], [-122.230624, 37.842498], [-122.230492, 37.842497], [-122.230237, 37.842484], [-122.229474, 37.842447], [-122.22922, 37.842435], [-122.22892, 37.842426], [-122.228858, 37.842451], [-122.228775, 37.842461], [-122.22873, 37.842472], [-122.22867, 37.842494], [-122.22837, 37.84267], [-122.228303, 37.842713], [-122.228154, 37.842786], [-122.227992, 37.84285], [-122.227918, 37.842875], [-122.227808, 37.84289], [-122.227706, 37.842909], [-122.227465, 37.842928], [-122.227298, 37.842927], [-122.22682, 37.84275], [-122.22599, 37.84215], [-122.225804, 37.842096], [-122.225779, 37.842079], [-122.225502, 37.841951], [-122.225393, 37.841896], [-122.225178, 37.841816], [-122.225067, 37.841779], [-122.224827, 37.841683], [-122.224373, 37.840965], [-122.224244, 37.840791], [-122.223969, 37.840474], [-122.22326, 37.83962], [-122.222991, 37.839244], [-122.222832, 37.839047], [-122.222687, 37.838895], [-122.222356, 37.838576], [-122.222211, 37.838437], [-122.221948, 37.838239], [-122.220677, 37.837286], [-122.220614, 37.837239], [-122.220265, 37.836955], [-122.220158, 37.836868], [-122.220056, 37.836777], [-122.21991, 37.836646], [-122.219788, 37.836523], [-122.219672, 37.836392], [-122.219506, 37.836171], [-122.219342, 37.835953], [-122.21889, 37.83529], [-122.218381, 37.834542], [-122.217885, 37.833834], [-122.21751, 37.83332], [-122.217364, 37.83312], [-122.21825, 37.83331], [-122.21899, 37.83331], [-122.22039, 37.83308], [-122.22122, 37.83291], [-122.22175, 37.83263], [-122.221856, 37.832515], [-122.221884, 37.832504], [-122.22194, 37.832461], [-122.221966, 37.83243], [-122.221976, 37.83241], [-122.222008, 37.832351], [-122.22223, 37.83211], [-122.22333, 37.83096], [-122.22395, 37.83061], [-122.22461, 37.83047], [-122.22523, 37.83141], [-122.22612, 37.83223], [-122.227222, 37.832886], [-122.22724, 37.832905], [-122.227248, 37.832902], [-122.2279, 37.83329]]]]}}, {"type": "Feature", "properties": {"grade": "B", "cat": "Still Desirable", "city": "Oakland", "label": "B12"}, "geometry": {"type": "MultiPolygon", "coordinates": [[[[-122.2381, 37.84149], [-122.23478, 37.84284], [-122.23489, 37.84312], [-122.23373, 37.84381], [-122.23359, 37.84417], [-122.23359, 37.84464], [-122.23382, 37.84501], [-122.23411, 37.84518], [-122.23449, 37.84518], [-122.23475, 37.84592], [-122.23504, 37.84575], [-122.23556, 37.84577], [-122.23646, 37.8468], [-122.2357, 37.84682], [-122.23544, 37.84721], [-122.23551, 37.84766], [-122.23613, 37.84822], [-122.2371, 37.84888], [-122.23789, 37.84914], [-122.23877, 37.84922], [-122.23974, 37.84911], [-122.2397, 37.84971], [-122.23998, 37.85083], [-122.23936, 37.85117], [-122.23841, 37.85128], [-122.23744, 37.85108], [-122.23703, 37.85089], [-122.23651, 37.85036], [-122.23573, 37.8498], [-122.23457, 37.84934], [-122.23455, 37.84677], [-122.23424, 37.84671], [-122.23298, 37.84589], [-122.23264, 37.84555], [-122.23229, 37.84484], [-122.23129, 37.84422], [-122.23065, 37.84366], [-122.22998, 37.84351], [-122.22963, 37.84347], [-122.22889, 37.84334], [-122.22832, 37.843], [-122.22794, 37.84307], [-122.22744, 37.84298], [-122.227298, 37.842927], [-122.227465, 37.842928], [-122.227706, 37.842909], [-122.227808, 37.84289], [-122.227918, 37.842875], [-122.227992, 37.84285], [-122.228154, 37.842786], [-122.228303, 37.842713], [-122.22837, 37.84267], [-122.22867, 37.842494], [-122.22873, 37.842472], [-122.228775, 37.842461], [-122.228858, 37.842451], [-122.22892, 37.842426], [-122.22922, 37.842435], [-122.229474, 37.842447], [-122.230237, 37.842484], [-122.230492, 37.842497], [-122.230624, 37.842498], [-122.230688, 37.842507], [-122.230757, 37.842517], [-122.230999, 37.842575], [-122.231101, 37.842605], [-122.231208, 37.842642], [-122.231258, 37.842661], [-122.231442, 37.842733], [-122.231564, 37.842763], [-122.231734, 37.842785], [-122.231982, 37.842777], [-122.232174, 37.842761], [-122.232366, 37.842737], [-122.232575, 37.842721], [-122.232616, 37.842718], [-122.232734, 37.842699], [-122.232824, 37.842659], [-122.23297, 37.842628], [-122.233106, 37.842616], [-122.23321, 37.842612], [-122.233369, 37.842629], [-122.233435, 37.842629], [-122.233512, 37.842607], [-122.233622, 37.842551], [-122.233674, 37.842543], [-122.233735, 37.842543], [-122.233855, 37.842564], [-122.233973, 37.842545], [-122.234035, 37.842527], [-122.234116, 37.842512], [-122.234288, 37.842497], [-122.23443, 37.842491], [-122.234564, 37.842474], [-122.23483, 37.842426], [-122.234986, 37.842385], [-122.235105, 37.842343], [-122.235241, 37.842285], [-122.235354, 37.842231], [-122.235478, 37.842135], [-122.235555, 37.842066], [-122.235749, 37.841834], [-122.235764, 37.841817], [-122.235889, 37.841692], [-122.236129, 37.841428], [-122.236222, 37.841347], [-122.236427, 37.841188], [-122.236608, 37.841097], [-122.23682, 37.841026], [-122.236871, 37.841011], [-122.237117, 37.840941], [-122.237201, 37.840932], [-122.237384, 37.840913], [-122.2381, 37.84149]]], [[[-122.224936, 37.841845], [-122.224827, 37.841683], [-122.225067, 37.841779], [-122.225178, 37.841816], [-122.225393, 37.841896], [-122.225502, 37.841951], [-122.225779, 37.842079], [-122.225804, 37.842096], [-122.224936, 37.841845]]]]}}, {"type": "Feature", "properties": {"grade": "B", "cat": "Still Desirable", "city": "Oakland", "label": "B12"}, "geometry": {"type": "MultiPolygon", "coordinates": [[[[-122.22478, 37.8418], [-122.22012, 37.837], [-122.21498, 37.8323], [-122.2156, 37.83193], [-122.21575, 37.83204], [-122.21638, 37.83258], [-122.21718, 37.83308], [-122.217364, 37.83312], [-122.21751, 37.83332], [-122.217885, 37.833834], [-122.218381, 37.834542], [-122.21889, 37.83529], [-122.219342, 37.835953], [-122.219506, 37.836171], [-122.219672, 37.836392], [-122.219788, 37.836523], [-122.21991, 37.836646], [-122.220056, 37.836777], [-122.220158, 37.836868], [-122.220265, 37.836955], [-122.220614, 37.837239], [-122.220677, 37.837286], [-122.221948, 37.838239], [-122.222211, 37.838437], [-122.222356, 37.838576], [-122.222687, 37.838895], [-122.222832, 37.839047], [-122.222991, 37.839244], [-122.22326, 37.83962], [-122.223969, 37.840474], [-122.224244, 37.840791], [-122.224373, 37.840965], [-122.224827, 37.841683], [-122.224936, 37.841845], [-122.22478, 37.8418]]]]}}, {"type": "Feature", "properties": {"grade": "B", "cat": "Still Desirable", "city": "Oakland", "label": "B12"}, "geometry": {"type": "MultiPolygon", "coordinates": [[[[-122.222008, 37.832351], [-122.221976, 37.83241], [-122.221966, 37.83243], [-122.22194, 37.832461], [-122.221884, 37.832504], [-122.221856, 37.832515], [-122.222008, 37.832351]]]]}}, {"type": "Feature", "properties": {"grade": "B", "cat": "Still Desirable", "city": "Oakland", "label": "B12"}, "geometry": {"type": "MultiPolygon", "coordinates": [[[[-122.227248, 37.832902], [-122.22724, 37.832905], [-122.227222, 37.832886], [-122.227248, 37.832902]]]]}}, {"type": "Feature", "properties": {"grade": "B", "cat": "Still Desirable", "city": "Oakland", "label": "B13"}, "geometry": {"type": "MultiPolygon", "coordinates": [[[[-122.21498, 37.8323], [-122.22012, 37.837], [-122.22478, 37.8418], [-122.22482, 37.8421], [-122.22444, 37.84262], [-122.22387, 37.84317], [-122.22345, 37.84345], [-122.2225, 37.84351], [-122.22178, 37.84347], [-122.22143, 37.84334], [-122.22126, 37.84304], [-122.22112, 37.8424], [-122.22124, 37.84191], [-122.22021, 37.8412], [-122.21989, 37.84049], [-122.21974, 37.84007], [-122.21974, 37.83934], [-122.21889, 37.83852], [-122.21803, 37.83799], [-122.21739, 37.837], [-122.2171, 37.83714], [-122.2165, 37.837], [-122.21614, 37.83599], [-122.21571, 37.83554], [-122.21521, 37.83492], [-122.21393, 37.83385], [-122.21208, 37.83495], [-122.211902, 37.835412], [-122.211937, 37.835312], [-122.212043, 37.835016], [-122.212161, 37.834704], [-122.21221, 37.834604], [-122.212239, 37.834563], [-122.212328, 37.834442], [-122.212419, 37.834363], [-122.212517, 37.834286], [-122.212732, 37.834142], [-122.212823, 37.834085], [-122.213358, 37.833759], [-122.213435, 37.833702], [-122.213638, 37.833557], [-122.213843, 37.833422], [-122.213983, 37.833296], [-122.214407, 37.832918], [-122.214548, 37.832793], [-122.214677, 37.832572], [-122.214812, 37.832343], [-122.21498, 37.8323]]], [[[-122.19698, 37.84495], [-122.19553, 37.84347], [-122.19547, 37.8431], [-122.1955, 37.84291], [-122.195694, 37.842906], [-122.195966, 37.842966], [-122.198006, 37.843413], [-122.198688, 37.843563], [-122.198718, 37.843594], [-122.19874, 37.843601], [-122.198939, 37.843602], [-122.198993, 37.843601], [-122.199403, 37.843595], [-122.199527, 37.84359], [-122.1997, 37.843572], [-122.199744, 37.843561], [-122.199902, 37.843511], [-122.199938, 37.843492], [-122.200021, 37.843451], [-122.200221, 37.843343], [-122.200518, 37.843294], [-122.200565, 37.843287], [-122.200937, 37.843213], [-122.201063, 37.843207], [-122.201164, 37.843215], [-122.201257, 37.843237], [-122.201309, 37.843257], [-122.201399, 37.8433], [-122.201539, 37.843373], [-122.201617, 37.843408], [-122.201674, 37.843423], [-122.202004, 37.843455], [-122.202087, 37.843463], [-122.202291, 37.843476], [-122.202338, 37.843472], [-122.20249, 37.843454], [-122.202619, 37.843419], [-122.202982, 37.843326], [-122.203057, 37.843308], [-122.203192, 37.84328], [-122.203305, 37.843249], [-122.203408, 37.843215], [-122.203441, 37.8432], [-122.203759, 37.843063], [-122.203837, 37.843022], [-122.203967, 37.842957], [-122.204016, 37.842942], [-122.204057, 37.842923], [-122.204067, 37.842917], [-122.20414, 37.842875], [-122.204205, 37.842842], [-122.204285, 37.842794], [-122.204346, 37.842751], [-122.204436, 37.84269], [-122.204482, 37.842613], [-122.204527, 37.842559], [-122.204583, 37.842506], [-122.204635, 37.842468], [-122.204703, 37.842432], [-122.204781, 37.842408], [-122.204962, 37.842378], [-122.205056, 37.842354], [-122.20514, 37.842327], [-122.205248, 37.842285], [-122.205291, 37.842269], [-122.205762, 37.842093], [-122.205945, 37.84203], [-122.206348, 37.841872], [-122.206577, 37.841795], [-122.206704, 37.841774], [-122.206854, 37.841765], [-122.206989, 37.841768], [-122.207118, 37.841781], [-122.207275, 37.841804], [-122.207597, 37.841834], [-122.207749, 37.841841], [-122.207988, 37.841834], [-122.208026, 37.841833], [-122.208313, 37.841799], [-122.208585, 37.841751], [-122.208702, 37.841719], [-122.20891, 37.841645], [-122.208941, 37.841633], [-122.20908, 37.84291], [-122.20905, 37.84379], [-122.20873, 37.84511], [-122.20812, 37.84626], [-122.20691, 37.8477], [-122.20607, 37.84899], [-122.20501, 37.85051], [-122.20394, 37.85121], [-122.203782, 37.851326], [-122.2031, 37.851192], [-122.202657, 37.85048], [-122.202368, 37.850019], [-122.201529, 37.848727], [-122.201216, 37.848212], [-122.200997, 37.847878], [-122.200863, 37.847662], [-122.200842, 37.847616], [-122.200761, 37.847445], [-122.20017, 37.847183], [-122.199982, 37.847101], [-122.199754, 37.846992], [-122.199667, 37.846975], [-122.199614, 37.846965], [-122.199346, 37.846846], [-122.199101, 37.846689], [-122.198816, 37.846488], [-122.198718, 37.846419], [-122.198634, 37.846349], [-122.197897, 37.845734], [-122.197542, 37.845458], [-122.197445, 37.845383], [-122.19699, 37.845031], [-122.19698, 37.84495]]], [[[-122.21115, 37.83754], [-122.2109, 37.8388], [-122.21047, 37.8399], [-122.20994, 37.8403], [-122.20944, 37.8412], [-122.209353, 37.841273], [-122.209365, 37.841237], [-122.209393, 37.841106], [-122.209482, 37.840802], [-122.209532, 37.840687], [-122.20954, 37.84067], [-122.209641, 37.840479], [-122.209829, 37.840206], [-122.210045, 37.839893], [-122.210377, 37.839421], [-122.210396, 37.839388], [-122.210461, 37.839281], [-122.210547, 37.839094], [-122.210573, 37.839027], [-122.210655, 37.838826], [-122.210683, 37.83876], [-122.210751, 37.83856], [-122.210959, 37.837961], [-122.211029, 37.837762], [-122.211131, 37.837511], [-122.211213, 37.837314], [-122.211244, 37.837238], [-122.21115, 37.83754]]]]}}, {"type": "Feature", "properties": {"grade": "B", "cat": "Still Desirable", "city": "Oakland", "label": "B13"}, "geometry": {"type": "MultiPolygon", "coordinates": [[[[-122.19811, 37.84286], [-122.19817, 37.84237], [-122.19802, 37.84192], [-122.19814, 37.84167], [-122.19853, 37.84143], [-122.19859, 37.84124], [-122.19859, 37.84106], [-122.19811, 37.8408], [-122.1979, 37.84031], [-122.19826, 37.83991], [-122.19862, 37.83941], [-122.19872, 37.83878], [-122.1991, 37.83835], [-122.19972, 37.83818], [-122.20039, 37.83831], [-122.20079, 37.83831], [-122.20096, 37.8382], [-122.20105, 37.83803], [-122.20105, 37.83764], [-122.20179, 37.83739], [-122.20224, 37.83711], [-122.20241, 37.8369], [-122.20234, 37.83657], [-122.20217, 37.83611], [-122.202, 37.83572], [-122.20227, 37.83506], [-122.20279, 37.83471], [-122.20334, 37.83452], [-122.20422, 37.83441], [-122.20495, 37.83443], [-122.20564, 37.83414], [-122.20593, 37.83375], [-122.20671, 37.83332], [-122.20719, 37.83321], [-122.20742, 37.83277], [-122.2074, 37.83245], [-122.20716, 37.8323], [-122.20688, 37.83208], [-122.20702, 37.83178], [-122.20771, 37.83144], [-122.20821, 37.8311], [-122.2084, 37.83043], [-122.20856, 37.83013], [-122.20928, 37.82998], [-122.20954, 37.82951], [-122.21047, 37.82951], [-122.21125, 37.82979], [-122.21177, 37.83054], [-122.21258, 37.83097], [-122.21344, 37.8315], [-122.21425, 37.83221], [-122.21467, 37.83238], [-122.214812, 37.832343], [-122.214677, 37.832572], [-122.214548, 37.832793], [-122.214407, 37.832918], [-122.213983, 37.833296], [-122.213843, 37.833422], [-122.213638, 37.833557], [-122.213435, 37.833702], [-122.213358, 37.833759], [-122.212823, 37.834085], [-122.212732, 37.834142], [-122.212517, 37.834286], [-122.212419, 37.834363], [-122.212328, 37.834442], [-122.212239, 37.834563], [-122.21221, 37.834604], [-122.212161, 37.834704], [-122.212043, 37.835016], [-122.211937, 37.835312], [-122.211902, 37.835412], [-122.21144, 37.83661], [-122.211244, 37.837238], [-122.211213, 37.837314], [-122.211131, 37.837511], [-122.211029, 37.837762], [-122.210959, 37.837961], [-122.210751, 37.83856], [-122.210683, 37.83876], [-122.210655, 37.838826], [-122.210573, 37.839027], [-122.210547, 37.839094], [-122.210461, 37.839281], [-122.210396, 37.839388], [-122.210377, 37.839421], [-122.210045, 37.839893], [-122.209829, 37.840206], [-122.209641, 37.840479], [-122.20954, 37.84067], [-122.209532, 37.840687], [-122.209482, 37.840802], [-122.209393, 37.841106], [-122.209365, 37.841237], [-122.209353, 37.841273], [-122.20894, 37.84162], [-122.208941, 37.841633], [-122.20891, 37.841645], [-122.208702, 37.841719], [-122.208585, 37.841751], [-122.208313, 37.841799], [-122.208026, 37.841833], [-122.207988, 37.841834], [-122.207749, 37.841841], [-122.207597, 37.841834], [-122.207275, 37.841804], [-122.207118, 37.841781], [-122.206989, 37.841768], [-122.206854, 37.841765], [-122.206704, 37.841774], [-122.206577, 37.841795], [-122.206348, 37.841872], [-122.205945, 37.84203], [-122.205762, 37.842093], [-122.205291, 37.842269], [-122.205248, 37.842285], [-122.20514, 37.842327], [-122.205056, 37.842354], [-122.204962, 37.842378], [-122.204781, 37.842408], [-122.204703, 37.842432], [-122.204635, 37.842468], [-122.204583, 37.842506], [-122.204527, 37.842559], [-122.204482, 37.842613], [-122.204436, 37.84269], [-122.204346, 37.842751], [-122.204285, 37.842794], [-122.204205, 37.842842], [-122.20414, 37.842875], [-122.204067, 37.842917], [-122.204057, 37.842923], [-122.204016, 37.842942], [-122.203967, 37.842957], [-122.203837, 37.843022], [-122.203759, 37.843063], [-122.203441, 37.8432], [-122.203408, 37.843215], [-122.203305, 37.843249], [-122.203192, 37.84328], [-122.203057, 37.843308], [-122.202982, 37.843326], [-122.202619, 37.843419], [-122.20249, 37.843454], [-122.202338, 37.843472], [-122.202291, 37.843476], [-122.202087, 37.843463], [-122.202004, 37.843455], [-122.201674, 37.843423], [-122.201617, 37.843408], [-122.201539, 37.843373], [-122.201399, 37.8433], [-122.201309, 37.843257], [-122.201257, 37.843237], [-122.201164, 37.843215], [-122.201063, 37.843207], [-122.200937, 37.843213], [-122.200565, 37.843287], [-122.200518, 37.843294], [-122.200221, 37.843343], [-122.200021, 37.843451], [-122.199938, 37.843492], [-122.199902, 37.843511], [-122.199744, 37.843561], [-122.1997, 37.843572], [-122.199527, 37.84359], [-122.199403, 37.843595], [-122.198993, 37.843601], [-122.198939, 37.843602], [-122.19874, 37.843601], [-122.198718, 37.843594], [-122.198688, 37.843563], [-122.198006, 37.843413], [-122.195966, 37.842966], [-122.195694, 37.842906], [-122.19811, 37.84286]]]]}}, {"type": "Feature", "properties": {"grade": "B", "cat": "Still Desirable", "city": "Oakland", "label": "B13"}, "geometry": {"type": "MultiPolygon", "coordinates": [[[[-122.20307, 37.85185], [-122.20218, 37.85117], [-122.20165, 37.85006], [-122.20138, 37.84913], [-122.20135, 37.84868], [-122.20064, 37.84835], [-122.19942, 37.84812], [-122.19823, 37.84777], [-122.19758, 37.8472], [-122.19725, 37.84678], [-122.1971, 37.84589], [-122.19699, 37.845031], [-122.197445, 37.845383], [-122.197542, 37.845458], [-122.197897, 37.845734], [-122.198634, 37.846349], [-122.198718, 37.846419], [-122.198816, 37.846488], [-122.199101, 37.846689], [-122.199346, 37.846846], [-122.199614, 37.846965], [-122.199667, 37.846975], [-122.199754, 37.846992], [-122.199982, 37.847101], [-122.20017, 37.847183], [-122.200761, 37.847445], [-122.200842, 37.847616], [-122.200863, 37.847662], [-122.200997, 37.847878], [-122.201216, 37.848212], [-122.201529, 37.848727], [-122.202368, 37.850019], [-122.202657, 37.85048], [-122.2031, 37.851192], [-122.203782, 37.851326], [-122.20307, 37.85185]]]]}}, {"type": "Feature", "properties": {"grade": "B", "cat": "Still Desirable", "city": "Oakland", "label": "B14"}, "geometry": {"type": "MultiPolygon", "coordinates": [[[[-122.247584, 37.821566], [-122.247573, 37.821569], [-122.247502, 37.821526], [-122.247398, 37.821457], [-122.24667, 37.820848], [-122.246486, 37.820694], [-122.246456, 37.820704], [-122.246421, 37.820645], [-122.246395, 37.820602], [-122.246322, 37.820499], [-122.246294, 37.820459], [-122.247584, 37.821566]]]]}}, {"type": "Feature", "properties": {"grade": "B", "cat": "Still Desirable", "city": "Oakland", "label": "B14"}, "geometry": {"type": "MultiPolygon", "coordinates": [[[[-122.248754, 37.823365], [-122.248677, 37.823317], [-122.249084, 37.823048], [-122.249154, 37.823001], [-122.248754, 37.823365]]], [[[-122.2476, 37.82158], [-122.247639, 37.821614], [-122.247573, 37.821569], [-122.247584, 37.821566], [-122.2476, 37.82158]]]]}}, {"type": "Feature", "properties": {"grade": "B", "cat": "Still Desirable", "city": "Oakland", "label": "B14"}, "geometry": {"type": "MultiPolygon", "coordinates": [[[[-122.24346, 37.82983], [-122.243397, 37.829863], [-122.243358, 37.829833], [-122.243453, 37.829757], [-122.24349, 37.829789], [-122.24346, 37.82983]]], [[[-122.244, 37.82908], [-122.243563, 37.829687], [-122.243476, 37.82961], [-122.24345, 37.829593], [-122.243357, 37.829543], [-122.243492, 37.829524], [-122.2436, 37.829498], [-122.243673, 37.829462], [-122.243719, 37.829426], [-122.24378, 37.829361], [-122.243826, 37.829267], [-122.243881, 37.829067], [-122.243958, 37.828883], [-122.244055, 37.828764], [-122.244106, 37.828722], [-122.244132, 37.828655], [-122.244178, 37.828464], [-122.244222, 37.828364], [-122.24426, 37.828317], [-122.244417, 37.828205], [-122.244638, 37.828089], [-122.244702, 37.828047], [-122.244, 37.82908]]], [[[-122.246056, 37.827175], [-122.247236, 37.826496], [-122.24768, 37.826241], [-122.247604, 37.826484], [-122.247599, 37.826504], [-122.247593, 37.826583], [-122.246056, 37.827175]]]]}}, {"type": "Feature", "properties": {"grade": "B", "cat": "Still Desirable", "city": "Oakland", "label": "B14"}, "geometry": {"type": "MultiPolygon", "coordinates": [[[[-122.24768, 37.82655], [-122.247593, 37.826583], [-122.247599, 37.826504], [-122.247604, 37.826484], [-122.24768, 37.826241], [-122.247704, 37.826166], [-122.24768, 37.82655]]]]}}, {"type": "Feature", "properties": {"grade": "B", "cat": "Still Desirable", "city": "Oakland", "label": "B14"}, "geometry": {"type": "MultiPolygon", "coordinates": [[[[-122.22612, 37.83223], [-122.22523, 37.83141], [-122.22461, 37.83047], [-122.224614, 37.83047], [-122.224757, 37.830668], [-122.224906, 37.830869], [-122.225043, 37.83099], [-122.225156, 37.831085], [-122.225391, 37.831283], [-122.225448, 37.83133], [-122.225879, 37.831691], [-122.225981, 37.831633], [-122.226001, 37.831661], [-122.226085, 37.831758], [-122.226113, 37.83179], [-122.226229, 37.831895], [-122.22628, 37.831929], [-122.22638, 37.831972], [-122.226382, 37.83205], [-122.226552, 37.832191], [-122.226532, 37.832207], [-122.226802, 37.832444], [-122.226952, 37.832575], [-122.226981, 37.83263], [-122.22701, 37.832664], [-122.227067, 37.832723], [-122.227222, 37.832886], [-122.22612, 37.83223]]], [[[-122.24293, 37.83011], [-122.24097, 37.83065], [-122.23847, 37.83112], [-122.23598, 37.83185], [-122.23428, 37.83206], [-122.23369, 37.83209], [-122.23339, 37.83216], [-122.23327, 37.83244], [-122.23315, 37.83262], [-122.23214, 37.83295], [-122.22862, 37.83386], [-122.2279, 37.83329], [-122.227248, 37.832902], [-122.227312, 37.832872], [-122.227272, 37.83281], [-122.227516, 37.832698], [-122.227517, 37.832685], [-122.227518, 37.832665], [-122.227517, 37.832647], [-122.227512, 37.832615], [-122.227506, 37.832592], [-122.227484, 37.832541], [-122.227461, 37.832506], [-122.227432, 37.832472], [-122.227401, 37.832445], [-122.227391, 37.832438], [-122.227376, 37.832427], [-122.22734, 37.832406], [-122.22731, 37.832395], [-122.227278, 37.832379], [-122.227318, 37.832387], [-122.227353, 37.832391], [-122.227397, 37.832392], [-122.227439, 37.83239], [-122.227492, 37.83238], [-122.227548, 37.832364], [-122.227636, 37.832336], [-122.227662, 37.832328], [-122.227688, 37.832327], [-122.22771, 37.832328], [-122.227753, 37.832336], [-122.227817, 37.832364], [-122.227921, 37.832415], [-122.228466, 37.832682], [-122.228494, 37.83276], [-122.228509, 37.832769], [-122.228647, 37.83285], [-122.228795, 37.832936], [-122.229148, 37.833144], [-122.230793, 37.832716], [-122.230749, 37.832557], [-122.23101, 37.832118], [-122.231236, 37.831727], [-122.231275, 37.831661], [-122.23168, 37.83164], [-122.231941, 37.831446], [-122.232046, 37.831444], [-122.232162, 37.831431], [-122.232196, 37.831418], [-122.232274, 37.831346], [-122.232377, 37.831457], [-122.232425, 37.831551], [-122.232494, 37.831686], [-122.232609, 37.831665], [-122.233519, 37.831393], [-122.234245, 37.831282], [-122.235042, 37.831169], [-122.23521, 37.831148], [-122.235227, 37.831182], [-122.235257, 37.83126], [-122.235339, 37.831473], [-122.235883, 37.83134], [-122.236112, 37.831284], [-122.236372, 37.83122], [-122.236678, 37.831145], [-122.237127, 37.831032], [-122.237072, 37.830883], [-122.237048, 37.830823], [-122.237151, 37.830842], [-122.237251, 37.830836], [-122.237299, 37.830817], [-122.237327, 37.830807], [-122.237552, 37.830696], [-122.237723, 37.830656], [-122.237892, 37.830623], [-122.238227, 37.830596], [-122.238456, 37.830581], [-122.238596, 37.830572], [-122.238852, 37.830537], [-122.239064, 37.830503], [-122.239668, 37.830479], [-122.239748, 37.830478], [-122.240781, 37.830466], [-122.240935, 37.830458], [-122.241087, 37.830439], [-122.241229, 37.830406], [-122.242351, 37.830107], [-122.242402, 37.830094], [-122.242715, 37.830021], [-122.242825, 37.830009], [-122.242901, 37.830007], [-122.242915, 37.830007], [-122.243025, 37.830012], [-122.243089, 37.830024], [-122.24293, 37.83011]]]]}}, {"type": "Feature", "properties": {"grade": "B", "cat": "Still Desirable", "city": "Oakland", "label": "B14"}, "geometry": {"type": "MultiPolygon", "coordinates": [[[[-122.227222, 37.832886], [-122.227067, 37.832723], [-122.22701, 37.832664], [-122.226981, 37.83263], [-122.226952, 37.832575], [-122.226802, 37.832444], [-122.226532, 37.832207], [-122.226552, 37.832191], [-122.226382, 37.83205], [-122.22638, 37.831972], [-122.22628, 37.831929], [-122.226229, 37.831895], [-122.226113, 37.83179], [-122.226085, 37.831758], [-122.226001, 37.831661], [-122.225981, 37.831633], [-122.225879, 37.831691], [-122.225448, 37.83133], [-122.225391, 37.831283], [-122.225156, 37.831085], [-122.225043, 37.83099], [-122.224906, 37.830869], [-122.224757, 37.830668], [-122.224614, 37.83047], [-122.22581, 37.83051], [-122.22697, 37.83053], [-122.22797, 37.83096], [-122.22933, 37.83147], [-122.23051, 37.8317], [-122.231275, 37.831661], [-122.231236, 37.831727], [-122.23101, 37.832118], [-122.230749, 37.832557], [-122.230793, 37.832716], [-122.229148, 37.833144], [-122.228795, 37.832936], [-122.228647, 37.83285], [-122.228509, 37.832769], [-122.228494, 37.83276], [-122.228466, 37.832682], [-122.227921, 37.832415], [-122.227817, 37.832364], [-122.227753, 37.832336], [-122.22771, 37.832328], [-122.227688, 37.832327], [-122.227662, 37.832328], [-122.227636, 37.832336], [-122.227548, 37.832364], [-122.227492, 37.83238], [-122.227439, 37.83239], [-122.227397, 37.832392], [-122.227353, 37.832391], [-122.227318, 37.832387], [-122.227278, 37.832379], [-122.22731, 37.832395], [-122.22734, 37.832406], [-122.227376, 37.832427], [-122.227391, 37.832438], [-122.227401, 37.832445], [-122.227432, 37.832472], [-122.227461, 37.832506], [-122.227484, 37.832541], [-122.227506, 37.832592], [-122.227512, 37.832615], [-122.227517, 37.832647], [-122.227518, 37.832665], [-122.227517, 37.832685], [-122.227516, 37.832698], [-122.227272, 37.83281], [-122.227312, 37.832872], [-122.227248, 37.832902], [-122.227222, 37.832886]]], [[[-122.23203, 37.83138], [-122.23429, 37.8306], [-122.235243, 37.830513], [-122.235254, 37.830534], [-122.235515, 37.830541], [-122.236297, 37.830564], [-122.236559, 37.830572], [-122.236631, 37.83061], [-122.236749, 37.830672], [-122.236858, 37.830725], [-122.236921, 37.830761], [-122.236966, 37.830786], [-122.237048, 37.830823], [-122.237072, 37.830883], [-122.237127, 37.831032], [-122.236678, 37.831145], [-122.236372, 37.83122], [-122.236112, 37.831284], [-122.235883, 37.83134], [-122.235339, 37.831473], [-122.235257, 37.83126], [-122.235227, 37.831182], [-122.23521, 37.831148], [-122.235042, 37.831169], [-122.234245, 37.831282], [-122.233519, 37.831393], [-122.232609, 37.831665], [-122.232494, 37.831686], [-122.232425, 37.831551], [-122.232377, 37.831457], [-122.232274, 37.831346], [-122.232196, 37.831418], [-122.232162, 37.831431], [-122.232046, 37.831444], [-122.231941, 37.831446], [-122.23203, 37.83138]]]]}}, {"type": "Feature", "properties": {"grade": "B", "cat": "Still Desirable", "city": "Oakland", "label": "B14"}, "geometry": {"type": "MultiPolygon", "coordinates": [[[[-122.24319, 37.82997], [-122.243089, 37.830024], [-122.243025, 37.830012], [-122.242915, 37.830007], [-122.242901, 37.830007], [-122.242825, 37.830009], [-122.242715, 37.830021], [-122.242402, 37.830094], [-122.242351, 37.830107], [-122.241229, 37.830406], [-122.241087, 37.830439], [-122.240935, 37.830458], [-122.240781, 37.830466], [-122.239748, 37.830478], [-122.239668, 37.830479], [-122.239064, 37.830503], [-122.238852, 37.830537], [-122.238596, 37.830572], [-122.238456, 37.830581], [-122.238227, 37.830596], [-122.237892, 37.830623], [-122.237723, 37.830656], [-122.237552, 37.830696], [-122.237327, 37.830807], [-122.237299, 37.830817], [-122.237251, 37.830836], [-122.237151, 37.830842], [-122.237048, 37.830823], [-122.236966, 37.830786], [-122.236921, 37.830761], [-122.236858, 37.830725], [-122.236749, 37.830672], [-122.236631, 37.83061], [-122.236559, 37.830572], [-122.236297, 37.830564], [-122.235515, 37.830541], [-122.235254, 37.830534], [-122.235243, 37.830513], [-122.23583, 37.83046], [-122.23818, 37.82975], [-122.24005, 37.82966], [-122.24097, 37.82968], [-122.24243, 37.82945], [-122.24195, 37.82855], [-122.24243, 37.82837], [-122.24201, 37.82745], [-122.2416, 37.82616], [-122.24282, 37.82583], [-122.24288, 37.82449], [-122.24386, 37.8218], [-122.24445, 37.81935], [-122.24527, 37.81958], [-122.246294, 37.820459], [-122.246322, 37.820499], [-122.246395, 37.820602], [-122.246421, 37.820645], [-122.246456, 37.820704], [-122.246486, 37.820694], [-122.24667, 37.820848], [-122.247398, 37.821457], [-122.247502, 37.821526], [-122.247573, 37.821569], [-122.247639, 37.821614], [-122.2492, 37.82296], [-122.249154, 37.823001], [-122.249084, 37.823048], [-122.248677, 37.823317], [-122.248754, 37.823365], [-122.24866, 37.82345], [-122.24896, 37.82399], [-122.24804, 37.82488], [-122.24788, 37.82527], [-122.24774, 37.82561], [-122.247704, 37.826166], [-122.24768, 37.826241], [-122.247236, 37.826496], [-122.246056, 37.827175], [-122.24542, 37.82742], [-122.24489, 37.82777], [-122.244702, 37.828047], [-122.244638, 37.828089], [-122.244417, 37.828205], [-122.24426, 37.828317], [-122.244222, 37.828364], [-122.244178, 37.828464], [-122.244132, 37.828655], [-122.244106, 37.828722], [-122.244055, 37.828764], [-122.243958, 37.828883], [-122.243881, 37.829067], [-122.243826, 37.829267], [-122.24378, 37.829361], [-122.243719, 37.829426], [-122.243673, 37.829462], [-122.2436, 37.829498], [-122.243492, 37.829524], [-122.243357, 37.829543], [-122.24345, 37.829593], [-122.243476, 37.82961], [-122.243563, 37.829687], [-122.24349, 37.829789], [-122.243453, 37.829757], [-122.243358, 37.829833], [-122.243397, 37.829863], [-122.24319, 37.82997]]]]}}, {"type": "Feature", "properties": {"grade": "B", "cat": "Still Desirable", "city": "Oakland", "label": "B15"}, "geometry": {"type": "MultiPolygon", "coordinates": [[[[-122.2342, 37.82036], [-122.23379, 37.82019], [-122.23387, 37.81955], [-122.23303, 37.81917], [-122.23251, 37.81859], [-122.23244, 37.81801], [-122.23203, 37.81724], [-122.23154, 37.81645], [-122.23212, 37.81658], [-122.238954, 37.818077], [-122.238928, 37.818095], [-122.238889, 37.818115], [-122.238544, 37.818212], [-122.238227, 37.818298], [-122.237952, 37.818364], [-122.237874, 37.818383], [-122.237601, 37.818474], [-122.237603, 37.818505], [-122.237612, 37.8186], [-122.237615, 37.818632], [-122.237594, 37.818715], [-122.237574, 37.81886], [-122.2342, 37.82036]]], [[[-122.237566, 37.818923], [-122.237564, 37.818938], [-122.23755, 37.819013], [-122.237538, 37.819087], [-122.237503, 37.819177], [-122.237422, 37.819311], [-122.237279, 37.819482], [-122.237004, 37.819784], [-122.237566, 37.818923]]], [[[-122.23622, 37.82293], [-122.23605, 37.82216], [-122.23584, 37.82188], [-122.23589, 37.82049], [-122.23657, 37.82045], [-122.236677, 37.820287], [-122.236802, 37.820405], [-122.236851, 37.820452], [-122.236981, 37.820582], [-122.237093, 37.820677], [-122.237211, 37.820777], [-122.237293, 37.820807], [-122.237404, 37.820803], [-122.237511, 37.820779], [-122.238004, 37.820573], [-122.238048, 37.820555], [-122.238135, 37.820528], [-122.238328, 37.820516], [-122.238365, 37.820629], [-122.238368, 37.820734], [-122.238375, 37.820974], [-122.23835, 37.8211], [-122.23829, 37.821194], [-122.238213, 37.821288], [-122.238173, 37.821351], [-122.238055, 37.821542], [-122.238026, 37.821605], [-122.238009, 37.821645], [-122.237939, 37.821737], [-122.2379, 37.821767], [-122.237846, 37.821811], [-122.237785, 37.821845], [-122.237603, 37.821947], [-122.237543, 37.821982], [-122.237418, 37.822069], [-122.237211, 37.822215], [-122.237046, 37.822332], [-122.236922, 37.82242], [-122.236834, 37.822492], [-122.236573, 37.82271], [-122.236486, 37.822784], [-122.23648, 37.822842], [-122.236471, 37.822937], [-122.236446, 37.823015], [-122.236431, 37.823067], [-122.23622, 37.82293]]], [[[-122.23429, 37.8306], [-122.23203, 37.83138], [-122.23196, 37.83057], [-122.23085, 37.82897], [-122.23044, 37.82832], [-122.23063, 37.82787], [-122.23182, 37.82774], [-122.233579, 37.827493], [-122.233608, 37.827547], [-122.233657, 37.827634], [-122.233805, 37.827898], [-122.233855, 37.827986], [-122.233944, 37.828146], [-122.234212, 37.828626], [-122.234302, 37.828786], [-122.234492, 37.829135], [-122.235063, 37.830184], [-122.235243, 37.830513], [-122.23429, 37.8306]]]]}}, {"type": "Feature", "properties": {"grade": "B", "cat": "Still Desirable", "city": "Oakland", "label": "B15"}, "geometry": {"type": "MultiPolygon", "coordinates": [[[[-122.23762, 37.81884], [-122.237574, 37.81886], [-122.237594, 37.818715], [-122.237615, 37.818632], [-122.237612, 37.8186], [-122.237603, 37.818505], [-122.237601, 37.818474], [-122.237874, 37.818383], [-122.237952, 37.818364], [-122.238227, 37.818298], [-122.238544, 37.818212], [-122.238889, 37.818115], [-122.238928, 37.818095], [-122.238954, 37.818077], [-122.23915, 37.81812], [-122.24222, 37.81879], [-122.24445, 37.81935], [-122.24386, 37.8218], [-122.24288, 37.82449], [-122.24282, 37.82583], [-122.2416, 37.82616], [-122.24201, 37.82745], [-122.24243, 37.82837], [-122.24195, 37.82855], [-122.24243, 37.82945], [-122.24097, 37.82968], [-122.24005, 37.82966], [-122.23818, 37.82975], [-122.23583, 37.83046], [-122.235243, 37.830513], [-122.235063, 37.830184], [-122.234492, 37.829135], [-122.234302, 37.828786], [-122.234212, 37.828626], [-122.233944, 37.828146], [-122.233855, 37.827986], [-122.233805, 37.827898], [-122.233657, 37.827634], [-122.233608, 37.827547], [-122.233579, 37.827493], [-122.23467, 37.82734], [-122.23541, 37.82708], [-122.23655, 37.82698], [-122.23722, 37.8264], [-122.23732, 37.82672], [-122.23776, 37.82726], [-122.23813, 37.82793], [-122.23822, 37.82879], [-122.23885, 37.82879], [-122.23978, 37.82748], [-122.23889, 37.82618], [-122.23874, 37.82606], [-122.23824, 37.82558], [-122.23783, 37.82453], [-122.23757, 37.82404], [-122.23679, 37.8233], [-122.236431, 37.823067], [-122.236446, 37.823015], [-122.236471, 37.822937], [-122.23648, 37.822842], [-122.236486, 37.822784], [-122.236573, 37.82271], [-122.236834, 37.822492], [-122.236922, 37.82242], [-122.237046, 37.822332], [-122.237211, 37.822215], [-122.237418, 37.822069], [-122.237543, 37.821982], [-122.237603, 37.821947], [-122.237785, 37.821845], [-122.237846, 37.821811], [-122.2379, 37.821767], [-122.237939, 37.821737], [-122.238009, 37.821645], [-122.238026, 37.821605], [-122.238055, 37.821542], [-122.238173, 37.821351], [-122.238213, 37.821288], [-122.23829, 37.821194], [-122.23835, 37.8211], [-122.238375, 37.820974], [-122.238368, 37.820734], [-122.238365, 37.820629], [-122.238328, 37.820516], [-122.238135, 37.820528], [-122.238048, 37.820555], [-122.238004, 37.820573], [-122.237511, 37.820779], [-122.237404, 37.820803], [-122.237293, 37.820807], [-122.237211, 37.820777], [-122.237093, 37.820677], [-122.236981, 37.820582], [-122.236851, 37.820452], [-122.236802, 37.820405], [-122.236677, 37.820287], [-122.237004, 37.819784], [-122.237279, 37.819482], [-122.237422, 37.819311], [-122.237503, 37.819177], [-122.237538, 37.819087], [-122.23755, 37.819013], [-122.237564, 37.818938], [-122.237566, 37.818923], [-122.23762, 37.81884]]]]}}, {"type": "Feature", "properties": {"grade": "B", "cat": "Still Desirable", "city": "Oakland", "label": "B16"}, "geometry": {"type": "MultiPolygon", "coordinates": [[[[-122.24842, 37.82124], [-122.2483, 37.82102], [-122.24717, 37.81992], [-122.24889, 37.8184], [-122.251599, 37.820378], [-122.251459, 37.820418], [-122.251216, 37.820494], [-122.251046, 37.820548], [-122.250487, 37.82072], [-122.250245, 37.820795], [-122.250179, 37.820813], [-122.24998, 37.820867], [-122.249915, 37.820886], [-122.249618, 37.820967], [-122.249117, 37.821106], [-122.248731, 37.821228], [-122.248438, 37.821322], [-122.248321, 37.821355], [-122.24842, 37.82124]]]]}}, {"type": "Feature", "properties": {"grade": "B", "cat": "Still Desirable", "city": "Oakland", "label": "B16"}, "geometry": {"type": "MultiPolygon", "coordinates": [[[[-122.25178, 37.82051], [-122.25276, 37.82204], [-122.25302, 37.82246], [-122.25267, 37.82255], [-122.25139, 37.82311], [-122.250991, 37.823415], [-122.250981, 37.823407], [-122.250834, 37.8233], [-122.250396, 37.822981], [-122.25025, 37.822875], [-122.250074, 37.823029], [-122.249549, 37.823493], [-122.249374, 37.823649], [-122.249295, 37.823722], [-122.249103, 37.823587], [-122.248767, 37.823373], [-122.248754, 37.823365], [-122.249154, 37.823001], [-122.249294, 37.822909], [-122.24939, 37.822846], [-122.248272, 37.822058], [-122.247713, 37.821664], [-122.247697, 37.821653], [-122.247639, 37.821614], [-122.2476, 37.82158], [-122.24824, 37.82145], [-122.248321, 37.821355], [-122.248438, 37.821322], [-122.248731, 37.821228], [-122.249117, 37.821106], [-122.249618, 37.820967], [-122.249915, 37.820886], [-122.24998, 37.820867], [-122.250179, 37.820813], [-122.250245, 37.820795], [-122.250487, 37.82072], [-122.251046, 37.820548], [-122.251216, 37.820494], [-122.251459, 37.820418], [-122.251599, 37.820378], [-122.25178, 37.82051]]]]}}, {"type": "Feature", "properties": {"grade": "B", "cat": "Still Desirable", "city": "Oakland", "label": "B16"}, "geometry": {"type": "MultiPolygon", "coordinates": [[[[-122.2508, 37.82356], [-122.25056, 37.82412], [-122.24987, 37.82433], [-122.24931, 37.82483], [-122.24916, 37.82541], [-122.24916, 37.82607], [-122.247981, 37.825333], [-122.248022, 37.825211], [-122.24804, 37.825131], [-122.248098, 37.824894], [-122.248118, 37.824815], [-122.248324, 37.824632], [-122.248373, 37.824586], [-122.249123, 37.823883], [-122.249295, 37.823722], [-122.249374, 37.823649], [-122.249549, 37.823493], [-122.250074, 37.823029], [-122.25025, 37.822875], [-122.250396, 37.822981], [-122.250834, 37.8233], [-122.250981, 37.823407], [-122.250991, 37.823415], [-122.2508, 37.82356]]]]}}, {"type": "Feature", "properties": {"grade": "B", "cat": "Still Desirable", "city": "Oakland", "label": "B16"}, "geometry": {"type": "MultiPolygon", "coordinates": [[[[-122.24788, 37.82527], [-122.24804, 37.82488], [-122.24896, 37.82399], [-122.24866, 37.82345], [-122.248754, 37.823365], [-122.248767, 37.823373], [-122.249103, 37.823587], [-122.249295, 37.823722], [-122.249123, 37.823883], [-122.248373, 37.824586], [-122.248324, 37.824632], [-122.248118, 37.824815], [-122.248098, 37.824894], [-122.24804, 37.825131], [-122.248022, 37.825211], [-122.247981, 37.825333], [-122.24788, 37.82527]]], [[[-122.2492, 37.82296], [-122.247639, 37.821614], [-122.247697, 37.821653], [-122.247713, 37.821664], [-122.248272, 37.822058], [-122.24939, 37.822846], [-122.249294, 37.822909], [-122.249154, 37.823001], [-122.2492, 37.82296]]]]}}, {"type": "Feature", "properties": {"grade": "B", "cat": "Still Desirable", "city": "Oakland", "label": "B17"}, "geometry": {"type": "MultiPolygon", "coordinates": [[[[-122.25482, 37.82041], [-122.25563, 37.82089], [-122.25565, 37.81995], [-122.25586, 37.81952], [-122.25636, 37.81915], [-122.2571, 37.81892], [-122.25798, 37.81847], [-122.25926, 37.8178], [-122.26017, 37.81847], [-122.25988, 37.81866], [-122.25924, 37.81913], [-122.25886, 37.81971], [-122.25862, 37.82029], [-122.25729, 37.82102], [-122.25689, 37.82157], [-122.2562, 37.82228], [-122.255407, 37.822426], [-122.25518, 37.822268], [-122.25506, 37.822185], [-122.254946, 37.82208], [-122.254938, 37.822071], [-122.254838, 37.821967], [-122.254732, 37.821838], [-122.25465, 37.821711], [-122.254635, 37.821679], [-122.254566, 37.821528], [-122.254529, 37.821417], [-122.254499, 37.821292], [-122.254332, 37.820577], [-122.254277, 37.820339], [-122.254168, 37.819958], [-122.25482, 37.82041]]]]}}, {"type": "Feature", "properties": {"grade": "B", "cat": "Still Desirable", "city": "Oakland", "label": "B17"}, "geometry": {"type": "MultiPolygon", "coordinates": [[[[-122.24058, 37.81716], [-122.24096, 37.81684], [-122.24127, 37.81646], [-122.24125, 37.81618], [-122.2412, 37.81586], [-122.24132, 37.81554], [-122.24182, 37.81517], [-122.24244, 37.81479], [-122.24291, 37.81474], [-122.24324, 37.81496], [-122.24343, 37.81522], [-122.24336, 37.81558], [-122.24305, 37.81622], [-122.24362, 37.81609], [-122.24461, 37.81609], [-122.245, 37.81609], [-122.245645, 37.816208], [-122.24564, 37.816223], [-122.2456, 37.816354], [-122.245589, 37.816386], [-122.245582, 37.816408], [-122.245558, 37.816485], [-122.245548, 37.816518], [-122.245077, 37.818002], [-122.245079, 37.818327], [-122.244953, 37.818398], [-122.244818, 37.818825], [-122.244789, 37.818912], [-122.244722, 37.819119], [-122.244585, 37.819099], [-122.244521, 37.819089], [-122.244361, 37.819065], [-122.244339, 37.819059], [-122.244318, 37.819057], [-122.24422, 37.819025], [-122.244206, 37.819034], [-122.244186, 37.81903], [-122.244023, 37.818993], [-122.244004, 37.818989], [-122.243742, 37.818931], [-122.243672, 37.818857], [-122.243662, 37.818847], [-122.243481, 37.818659], [-122.243351, 37.818753], [-122.243238, 37.81884], [-122.243204, 37.818814], [-122.243091, 37.818786], [-122.243034, 37.818723], [-122.243015, 37.818734], [-122.243008, 37.818725], [-122.242946, 37.81875], [-122.242927, 37.818745], [-122.24279, 37.818711], [-122.242765, 37.818705], [-122.242692, 37.818577], [-122.24267, 37.818533], [-122.242596, 37.818552], [-122.24253, 37.818569], [-122.242406, 37.818594], [-122.24235, 37.818606], [-122.242175, 37.818629], [-122.242146, 37.818541], [-122.24185, 37.818475], [-122.241683, 37.818437], [-122.24171, 37.818348], [-122.241744, 37.818239], [-122.241278, 37.818153], [-122.241175, 37.818226], [-122.241069, 37.818299], [-122.240736, 37.818224], [-122.24061, 37.818096], [-122.240492, 37.818171], [-122.240471, 37.818185], [-122.240308, 37.818037], [-122.24011, 37.817857], [-122.239953, 37.817967], [-122.239871, 37.818024], [-122.239813, 37.818009], [-122.239715, 37.81792], [-122.239683, 37.817892], [-122.23966, 37.817909], [-122.239594, 37.817953], [-122.239451, 37.817918], [-122.24058, 37.81716]]]]}}, {"type": "Feature", "properties": {"grade": "B", "cat": "Still Desirable", "city": "Oakland", "label": "B17"}, "geometry": {"type": "MultiPolygon", "coordinates": [[[[-122.24593, 37.81626], [-122.24636, 37.81597], [-122.24655, 37.81594], [-122.24676, 37.81534], [-122.24693, 37.8144], [-122.24733, 37.81398], [-122.2484, 37.81351], [-122.24919, 37.815], [-122.24933, 37.81584], [-122.24945, 37.81652], [-122.24971, 37.81703], [-122.25002, 37.81744], [-122.25042, 37.81772], [-122.25109, 37.81806], [-122.25237, 37.8186], [-122.25308, 37.81909], [-122.253319, 37.819301], [-122.253266, 37.819338], [-122.252673, 37.819749], [-122.252476, 37.819886], [-122.252283, 37.820013], [-122.251931, 37.820247], [-122.251764, 37.820323], [-122.25168, 37.820351], [-122.251621, 37.820371], [-122.251599, 37.820378], [-122.24889, 37.8184], [-122.24717, 37.81992], [-122.2483, 37.82102], [-122.24842, 37.82124], [-122.248321, 37.821355], [-122.248244, 37.821377], [-122.24821, 37.821387], [-122.247662, 37.821543], [-122.247605, 37.82156], [-122.247584, 37.821566], [-122.246294, 37.820459], [-122.246123, 37.820215], [-122.245992, 37.820079], [-122.245841, 37.819942], [-122.245788, 37.819901], [-122.245753, 37.819874], [-122.245534, 37.819694], [-122.245427, 37.819596], [-122.245205, 37.819394], [-122.245153, 37.819383], [-122.245164, 37.819354], [-122.245044, 37.819247], [-122.244957, 37.819171], [-122.244759, 37.819124], [-122.244722, 37.819119], [-122.244789, 37.818912], [-122.244818, 37.818825], [-122.244953, 37.818398], [-122.245079, 37.818327], [-122.245077, 37.818002], [-122.245548, 37.816518], [-122.245558, 37.816485], [-122.245582, 37.816408], [-122.245589, 37.816386], [-122.2456, 37.816354], [-122.24564, 37.816223], [-122.245645, 37.816208], [-122.24593, 37.81626]]]]}}, {"type": "Feature", "properties": {"grade": "B", "cat": "Still Desirable", "city": "Oakland", "label": "B17"}, "geometry": {"type": "MultiPolygon", "coordinates": [[[[-122.25517, 37.82247], [-122.25472, 37.82211], [-122.25411, 37.82196], [-122.25276, 37.82204], [-122.25178, 37.82051], [-122.251599, 37.820378], [-122.251621, 37.820371], [-122.25168, 37.820351], [-122.251764, 37.820323], [-122.251931, 37.820247], [-122.252283, 37.820013], [-122.252476, 37.819886], [-122.252673, 37.819749], [-122.253266, 37.819338], [-122.253319, 37.819301], [-122.25368, 37.81962], [-122.254168, 37.819958], [-122.254277, 37.820339], [-122.254332, 37.820577], [-122.254499, 37.821292], [-122.254529, 37.821417], [-122.254566, 37.821528], [-122.254635, 37.821679], [-122.25465, 37.821711], [-122.254732, 37.821838], [-122.254838, 37.821967], [-122.254938, 37.822071], [-122.254946, 37.82208], [-122.25506, 37.822185], [-122.25518, 37.822268], [-122.255407, 37.822426], [-122.25517, 37.82247]]], [[[-122.24824, 37.82145], [-122.2476, 37.82158], [-122.247584, 37.821566], [-122.247605, 37.82156], [-122.247662, 37.821543], [-122.24821, 37.821387], [-122.248244, 37.821377], [-122.248321, 37.821355], [-122.24824, 37.82145]]]]}}, {"type": "Feature", "properties": {"grade": "B", "cat": "Still Desirable", "city": "Oakland", "label": "B17"}, "geometry": {"type": "MultiPolygon", "coordinates": [[[[-122.24527, 37.81958], [-122.24445, 37.81935], [-122.24222, 37.81879], [-122.23915, 37.81812], [-122.239451, 37.817918], [-122.239594, 37.817953], [-122.23966, 37.817909], [-122.239683, 37.817892], [-122.239715, 37.81792], [-122.239813, 37.818009], [-122.239871, 37.818024], [-122.239953, 37.817967], [-122.24011, 37.817857], [-122.240308, 37.818037], [-122.240471, 37.818185], [-122.240492, 37.818171], [-122.24061, 37.818096], [-122.240736, 37.818224], [-122.241069, 37.818299], [-122.241175, 37.818226], [-122.241278, 37.818153], [-122.241744, 37.818239], [-122.24171, 37.818348], [-122.241683, 37.818437], [-122.24185, 37.818475], [-122.242146, 37.818541], [-122.242175, 37.818629], [-122.24235, 37.818606], [-122.242406, 37.818594], [-122.24253, 37.818569], [-122.242596, 37.818552], [-122.24267, 37.818533], [-122.242692, 37.818577], [-122.242765, 37.818705], [-122.24279, 37.818711], [-122.242927, 37.818745], [-122.242946, 37.81875], [-122.243008, 37.818725], [-122.243015, 37.818734], [-122.243034, 37.818723], [-122.243091, 37.818786], [-122.243204, 37.818814], [-122.243238, 37.81884], [-122.243351, 37.818753], [-122.243481, 37.818659], [-122.243662, 37.818847], [-122.243672, 37.818857], [-122.243742, 37.818931], [-122.244004, 37.818989], [-122.244023, 37.818993], [-122.244186, 37.81903], [-122.244206, 37.819034], [-122.24422, 37.819025], [-122.244318, 37.819057], [-122.244339, 37.819059], [-122.244361, 37.819065], [-122.244521, 37.819089], [-122.244585, 37.819099], [-122.244722, 37.819119], [-122.244759, 37.819124], [-122.244957, 37.819171], [-122.245044, 37.819247], [-122.245164, 37.819354], [-122.245153, 37.819383], [-122.245205, 37.819394], [-122.245427, 37.819596], [-122.245534, 37.819694], [-122.245753, 37.819874], [-122.245788, 37.819901], [-122.245841, 37.819942], [-122.245992, 37.820079], [-122.246123, 37.820215], [-122.246294, 37.820459], [-122.24527, 37.81958]]]]}}, {"type": "Feature", "properties": {"grade": "B", "cat": "Still Desirable", "city": "Oakland", "label": "B18"}, "geometry": {"type": "MultiPolygon", "coordinates": [[[[-122.2582, 37.81417], [-122.25865, 37.81394], [-122.25904, 37.81441], [-122.25939, 37.81483], [-122.25902, 37.81488], [-122.25838, 37.8149], [-122.25793, 37.81508], [-122.25707, 37.8155], [-122.25664, 37.81558], [-122.2562, 37.81555], [-122.25583, 37.81552], [-122.25291, 37.81728], [-122.252811, 37.8172], [-122.252807, 37.817194], [-122.253174, 37.816992], [-122.253254, 37.816959], [-122.253389, 37.81689], [-122.253557, 37.816783], [-122.253685, 37.816707], [-122.253785, 37.816642], [-122.253887, 37.816564], [-122.254145, 37.81639], [-122.256049, 37.815327], [-122.258086, 37.814175], [-122.258145, 37.814137], [-122.2582, 37.81417]]]]}}, {"type": "Feature", "properties": {"grade": "B", "cat": "Still Desirable", "city": "Oakland", "label": "B18"}, "geometry": {"type": "MultiPolygon", "coordinates": [[[[-122.25265, 37.81707], [-122.25251, 37.8168], [-122.25241, 37.81644], [-122.25205, 37.81635], [-122.251592, 37.81646], [-122.251528, 37.816331], [-122.251501, 37.81627], [-122.251475, 37.816213], [-122.251451, 37.816157], [-122.251152, 37.815207], [-122.251129, 37.815135], [-122.251063, 37.814919], [-122.251039, 37.814849], [-122.251002, 37.814717], [-122.250897, 37.814347], [-122.250858, 37.814208], [-122.250385, 37.813264], [-122.250301, 37.813141], [-122.25019, 37.813009], [-122.250064, 37.812898], [-122.249932, 37.81279], [-122.249791, 37.812706], [-122.24962, 37.812625], [-122.249464, 37.812538], [-122.249236, 37.812411], [-122.248979, 37.81222], [-122.248877, 37.812145], [-122.248853, 37.812127], [-122.24928, 37.81188], [-122.249994, 37.811681], [-122.250014, 37.811709], [-122.250061, 37.811785], [-122.250283, 37.811688], [-122.250468, 37.811608], [-122.250626, 37.811538], [-122.250597, 37.81148], [-122.250568, 37.811437], [-122.25071, 37.81129], [-122.25108, 37.81104], [-122.251716, 37.81078], [-122.252134, 37.810681], [-122.25298, 37.81054], [-122.2535, 37.810516], [-122.253655, 37.810526], [-122.254001, 37.810553], [-122.255023, 37.810633], [-122.2552, 37.81074], [-122.25517, 37.8116], [-122.2556, 37.81228], [-122.25617, 37.81291], [-122.25713, 37.81344], [-122.2578, 37.81393], [-122.258145, 37.814137], [-122.258086, 37.814175], [-122.256049, 37.815327], [-122.254145, 37.81639], [-122.253887, 37.816564], [-122.253785, 37.816642], [-122.253685, 37.816707], [-122.253557, 37.816783], [-122.253389, 37.81689], [-122.253254, 37.816959], [-122.253174, 37.816992], [-122.252807, 37.817194], [-122.252811, 37.8172], [-122.25265, 37.81707]]]]}}, {"type": "Feature", "properties": {"grade": "B", "cat": "Still Desirable", "city": "Oakland", "label": "B18"}, "geometry": {"type": "MultiPolygon", "coordinates": [[[[-122.25383, 37.8105], [-122.25497, 37.8106], [-122.255023, 37.810633], [-122.254001, 37.810553], [-122.253655, 37.810526], [-122.2535, 37.810516], [-122.25383, 37.8105]]], [[[-122.25184, 37.81073], [-122.252134, 37.810681], [-122.251716, 37.81078], [-122.25184, 37.81073]]], [[[-122.25007, 37.81166], [-122.25038, 37.81163], [-122.250568, 37.811437], [-122.250597, 37.81148], [-122.250626, 37.811538], [-122.250468, 37.811608], [-122.250283, 37.811688], [-122.250061, 37.811785], [-122.250014, 37.811709], [-122.249994, 37.811681], [-122.25007, 37.81166]]]]}}, {"type": "Feature", "properties": {"grade": "B", "cat": "Still Desirable", "city": "Oakland", "label": "B18"}, "geometry": {"type": "MultiPolygon", "coordinates": [[[[-122.25155, 37.81647], [-122.25117, 37.81666], [-122.25104, 37.8171], [-122.25091, 37.81742], [-122.25042, 37.81772], [-122.25002, 37.81744], [-122.24971, 37.81703], [-122.24945, 37.81652], [-122.24933, 37.81584], [-122.24919, 37.815], [-122.2484, 37.81351], [-122.2485, 37.81288], [-122.24871, 37.81221], [-122.248853, 37.812127], [-122.248877, 37.812145], [-122.248979, 37.81222], [-122.249236, 37.812411], [-122.249464, 37.812538], [-122.24962, 37.812625], [-122.249791, 37.812706], [-122.249932, 37.81279], [-122.250064, 37.812898], [-122.25019, 37.813009], [-122.250301, 37.813141], [-122.250385, 37.813264], [-122.250858, 37.814208], [-122.250897, 37.814347], [-122.251002, 37.814717], [-122.251039, 37.814849], [-122.251063, 37.814919], [-122.251129, 37.815135], [-122.251152, 37.815207], [-122.251451, 37.816157], [-122.251475, 37.816213], [-122.251501, 37.81627], [-122.251528, 37.816331], [-122.251592, 37.81646], [-122.25155, 37.81647]]]]}}, {"type": "Feature", "properties": {"grade": "B", "cat": "Still Desirable", "city": "Oakland", "label": "B19"}, "geometry": {"type": "MultiPolygon", "coordinates": [[[[-122.24246, 37.81159], [-122.24298, 37.81203], [-122.24493, 37.8115], [-122.2463, 37.81096], [-122.2471, 37.81137], [-122.24638, 37.81224], [-122.24564, 37.81342], [-122.24522, 37.81448], [-122.24497, 37.81539], [-122.24461, 37.81609], [-122.24362, 37.81609], [-122.24305, 37.81622], [-122.24336, 37.81558], [-122.24343, 37.81522], [-122.24324, 37.81496], [-122.24291, 37.81474], [-122.24244, 37.81479], [-122.24182, 37.81517], [-122.24132, 37.81554], [-122.2412, 37.81586], [-122.24125, 37.81618], [-122.24127, 37.81646], [-122.24096, 37.81684], [-122.24058, 37.81716], [-122.239451, 37.817918], [-122.239376, 37.8179], [-122.23931, 37.817841], [-122.239222, 37.81777], [-122.239164, 37.817723], [-122.239054, 37.817625], [-122.239021, 37.817592], [-122.23868, 37.817686], [-122.238103, 37.817545], [-122.238173, 37.817424], [-122.238178, 37.817414], [-122.23819, 37.817396], [-122.238181, 37.817381], [-122.237843, 37.817481], [-122.237615, 37.817549], [-122.237551, 37.817502], [-122.237435, 37.817417], [-122.237332, 37.817397], [-122.237205, 37.817372], [-122.237062, 37.817344], [-122.236771, 37.817288], [-122.236554, 37.817239], [-122.23636, 37.817186], [-122.236205, 37.817144], [-122.235719, 37.817134], [-122.235713, 37.817042], [-122.235694, 37.816952], [-122.235251, 37.817008], [-122.235199, 37.816949], [-122.235137, 37.816892], [-122.235126, 37.816885], [-122.23507, 37.816849], [-122.234981, 37.816852], [-122.234958, 37.816853], [-122.234903, 37.816864], [-122.234659, 37.816799], [-122.233938, 37.816644], [-122.233919, 37.81652], [-122.233508, 37.816551], [-122.233369, 37.816521], [-122.233296, 37.816492], [-122.233413, 37.816135], [-122.233001, 37.816115], [-122.232903, 37.816087], [-122.23287, 37.816051], [-122.232838, 37.815974], [-122.232658, 37.815651], [-122.232598, 37.815544], [-122.23239, 37.815128], [-122.232252, 37.81487], [-122.23214, 37.814672], [-122.232133, 37.81466], [-122.232065, 37.814531], [-122.232027, 37.814434], [-122.232012, 37.81433], [-122.232211, 37.814381], [-122.232231, 37.814386], [-122.232817, 37.814507], [-122.23302, 37.814549], [-122.233118, 37.814572], [-122.233249, 37.814593], [-122.233337, 37.8146], [-122.233435, 37.814601], [-122.233723, 37.814587], [-122.233851, 37.814577], [-122.233893, 37.814575], [-122.234337, 37.814536], [-122.234681, 37.814505], [-122.235614, 37.814437], [-122.235827, 37.814434], [-122.236049, 37.814454], [-122.236347, 37.814518], [-122.236917, 37.814642], [-122.237167, 37.814684], [-122.237377, 37.814732], [-122.237465, 37.814753], [-122.237566, 37.814783], [-122.237644, 37.814813], [-122.237739, 37.814861], [-122.237961, 37.815002], [-122.238074, 37.815075], [-122.238109, 37.8151], [-122.238144, 37.815118], [-122.238178, 37.815084], [-122.23828, 37.814986], [-122.238315, 37.814953], [-122.238455, 37.814816], [-122.238841, 37.814442], [-122.238879, 37.814408], [-122.239028, 37.814281], [-122.239075, 37.814241], [-122.239142, 37.814187], [-122.23922, 37.814126], [-122.23927, 37.814089], [-122.239416, 37.81399], [-122.239854, 37.813694], [-122.240001, 37.813596], [-122.240124, 37.813513], [-122.240494, 37.813265], [-122.240618, 37.813183], [-122.240773, 37.813069], [-122.240862, 37.812995], [-122.241101, 37.81276], [-122.242087, 37.811737], [-122.242243, 37.811595], [-122.24246, 37.81159]]]]}}, {"type": "Feature", "properties": {"grade": "B", "cat": "Still Desirable", "city": "Oakland", "label": "B19"}, "geometry": {"type": "MultiPolygon", "coordinates": [[[[-122.23221, 37.81602], [-122.2321, 37.81563], [-122.23185, 37.8153], [-122.23147, 37.81508], [-122.23132, 37.81458], [-122.23143, 37.8144], [-122.2318, 37.81413], [-122.2318, 37.81375], [-122.23155, 37.81315], [-122.23115, 37.81267], [-122.23033, 37.81225], [-122.23071, 37.81207], [-122.23195, 37.81197], [-122.23318, 37.81173], [-122.2344, 37.81126], [-122.23508, 37.81078], [-122.236, 37.81072], [-122.23739, 37.81045], [-122.23837, 37.81043], [-122.23961, 37.81057], [-122.24064, 37.81093], [-122.24159, 37.81161], [-122.242243, 37.811595], [-122.242087, 37.811737], [-122.241101, 37.81276], [-122.240862, 37.812995], [-122.240773, 37.813069], [-122.240618, 37.813183], [-122.240494, 37.813265], [-122.240124, 37.813513], [-122.240001, 37.813596], [-122.239854, 37.813694], [-122.239416, 37.81399], [-122.23927, 37.814089], [-122.23922, 37.814126], [-122.239142, 37.814187], [-122.239075, 37.814241], [-122.239028, 37.814281], [-122.238879, 37.814408], [-122.238841, 37.814442], [-122.238455, 37.814816], [-122.238315, 37.814953], [-122.23828, 37.814986], [-122.238178, 37.815084], [-122.238144, 37.815118], [-122.238109, 37.8151], [-122.238074, 37.815075], [-122.237961, 37.815002], [-122.237739, 37.814861], [-122.237644, 37.814813], [-122.237566, 37.814783], [-122.237465, 37.814753], [-122.237377, 37.814732], [-122.237167, 37.814684], [-122.236917, 37.814642], [-122.236347, 37.814518], [-122.236049, 37.814454], [-122.235827, 37.814434], [-122.235614, 37.814437], [-122.234681, 37.814505], [-122.234337, 37.814536], [-122.233893, 37.814575], [-122.233851, 37.814577], [-122.233723, 37.814587], [-122.233435, 37.814601], [-122.233337, 37.8146], [-122.233249, 37.814593], [-122.233118, 37.814572], [-122.23302, 37.814549], [-122.232817, 37.814507], [-122.232231, 37.814386], [-122.232211, 37.814381], [-122.232012, 37.81433], [-122.232027, 37.814434], [-122.232065, 37.814531], [-122.232133, 37.81466], [-122.23214, 37.814672], [-122.232252, 37.81487], [-122.23239, 37.815128], [-122.232598, 37.815544], [-122.232658, 37.815651], [-122.232838, 37.815974], [-122.23287, 37.816051], [-122.232903, 37.816087], [-122.233001, 37.816115], [-122.233413, 37.816135], [-122.233296, 37.816492], [-122.233163, 37.816439], [-122.233109, 37.816436], [-122.233066, 37.816424], [-122.232872, 37.81637], [-122.232803, 37.81635], [-122.232773, 37.816342], [-122.232678, 37.816314], [-122.232597, 37.81629], [-122.232561, 37.81628], [-122.232401, 37.816231], [-122.232292, 37.816198], [-122.232245, 37.816194], [-122.232222, 37.816185], [-122.232201, 37.816183], [-122.232184, 37.816184], [-122.23221, 37.81602]]]]}}, {"type": "Feature", "properties": {"grade": "B", "cat": "Still Desirable", "city": "Oakland", "label": "B19"}, "geometry": {"type": "MultiPolygon", "coordinates": [[[[-122.23212, 37.81658], [-122.232184, 37.816184], [-122.232201, 37.816183], [-122.232222, 37.816185], [-122.232245, 37.816194], [-122.232292, 37.816198], [-122.232401, 37.816231], [-122.232561, 37.81628], [-122.232597, 37.81629], [-122.232678, 37.816314], [-122.232773, 37.816342], [-122.232803, 37.81635], [-122.232872, 37.81637], [-122.233066, 37.816424], [-122.233109, 37.816436], [-122.233163, 37.816439], [-122.233296, 37.816492], [-122.233369, 37.816521], [-122.233508, 37.816551], [-122.233919, 37.81652], [-122.233938, 37.816644], [-122.234659, 37.816799], [-122.234903, 37.816864], [-122.234958, 37.816853], [-122.234981, 37.816852], [-122.23507, 37.816849], [-122.235126, 37.816885], [-122.235137, 37.816892], [-122.235199, 37.816949], [-122.235251, 37.817008], [-122.235694, 37.816952], [-122.235713, 37.817042], [-122.235719, 37.817134], [-122.236205, 37.817144], [-122.23636, 37.817186], [-122.236554, 37.817239], [-122.236771, 37.817288], [-122.237062, 37.817344], [-122.237205, 37.817372], [-122.237332, 37.817397], [-122.237435, 37.817417], [-122.237551, 37.817502], [-122.237615, 37.817549], [-122.237843, 37.817481], [-122.238181, 37.817381], [-122.23819, 37.817396], [-122.238178, 37.817414], [-122.238173, 37.817424], [-122.238103, 37.817545], [-122.23868, 37.817686], [-122.239021, 37.817592], [-122.239054, 37.817625], [-122.239164, 37.817723], [-122.239222, 37.81777], [-122.23931, 37.817841], [-122.239003, 37.818044], [-122.238954, 37.818077], [-122.23212, 37.81658]]]]}}, {"type": "Feature", "properties": {"grade": "B", "cat": "Still Desirable", "city": "Oakland", "label": "B19"}, "geometry": {"type": "MultiPolygon", "coordinates": [[[[-122.23915, 37.81812], [-122.238954, 37.818077], [-122.239003, 37.818044], [-122.23931, 37.817841], [-122.239376, 37.8179], [-122.239451, 37.817918], [-122.23915, 37.81812]]]]}}, {"type": "Feature", "properties": {"grade": "B", "cat": "Still Desirable", "city": "Oakland", "label": "B2"}, "geometry": {"type": "MultiPolygon", "coordinates": [[[[-122.28819, 37.89775], [-122.28769, 37.89803], [-122.28739, 37.89833], [-122.287314, 37.898388], [-122.287151, 37.898368], [-122.28702, 37.898352], [-122.28697, 37.898377], [-122.286854, 37.898434], [-122.28716, 37.89146], [-122.293537, 37.891062], [-122.293544, 37.891086], [-122.293834, 37.891979], [-122.2941, 37.89285], [-122.294208, 37.893184], [-122.29437, 37.893682], [-122.294533, 37.894186], [-122.294641, 37.894521], [-122.294853, 37.895169], [-122.295037, 37.895732], [-122.295218, 37.896312], [-122.295397, 37.896857], [-122.295482, 37.897117], [-122.295557, 37.897346], [-122.295703, 37.897763], [-122.295794, 37.897999], [-122.295882, 37.898223], [-122.2961, 37.898695], [-122.296177, 37.898861], [-122.295553, 37.898868], [-122.295176, 37.898818], [-122.294884, 37.898779], [-122.294554, 37.898735], [-122.29448, 37.898725], [-122.293908, 37.898368], [-122.293675, 37.898465], [-122.293544, 37.89852], [-122.293322, 37.898481], [-122.293291, 37.898418], [-122.292828, 37.898367], [-122.29271, 37.898347], [-122.292655, 37.898338], [-122.292526, 37.898316], [-122.292346, 37.898286], [-122.291979, 37.898225], [-122.291911, 37.898202], [-122.291815, 37.89817], [-122.291644, 37.898113], [-122.291605, 37.8981], [-122.291468, 37.898054], [-122.290763, 37.897756], [-122.290733, 37.897747], [-122.290602, 37.897693], [-122.290105, 37.897596], [-122.289884, 37.897553], [-122.289568, 37.89749], [-122.289227, 37.897519], [-122.289019, 37.897539], [-122.288437, 37.897597], [-122.288296, 37.897722], [-122.28819, 37.89775]], [[-122.29169, 37.89659], [-122.29181, 37.89484], [-122.29017, 37.89475], [-122.29005, 37.89647], [-122.29169, 37.89659]]]]}}, {"type": "Feature", "properties": {"grade": "B", "cat": "Still Desirable", "city": "Oakland", "label": "B2"}, "geometry": {"type": "MultiPolygon", "coordinates": [[[[-122.29469, 37.89099], [-122.29566, 37.89395], [-122.29581, 37.89458], [-122.29635, 37.89637], [-122.29682, 37.89761], [-122.29712, 37.8988], [-122.29623, 37.89886], [-122.296177, 37.898861], [-122.2961, 37.898695], [-122.295882, 37.898223], [-122.295794, 37.897999], [-122.295703, 37.897763], [-122.295557, 37.897346], [-122.295482, 37.897117], [-122.295397, 37.896857], [-122.295218, 37.896312], [-122.295037, 37.895732], [-122.294853, 37.895169], [-122.294641, 37.894521], [-122.294533, 37.894186], [-122.29437, 37.893682], [-122.294208, 37.893184], [-122.2941, 37.89285], [-122.293834, 37.891979], [-122.293544, 37.891086], [-122.293537, 37.891062], [-122.29469, 37.89099]]]]}}, {"type": "Feature", "properties": {"grade": "B", "cat": "Still Desirable", "city": "Oakland", "label": "B2"}, "geometry": {"type": "MultiPolygon", "coordinates": [[[[-122.29315, 37.89845], [-122.292652, 37.898376], [-122.292655, 37.898338], [-122.29271, 37.898347], [-122.292828, 37.898367], [-122.293291, 37.898418], [-122.293322, 37.898481], [-122.29315, 37.89845]]], [[[-122.29541, 37.89887], [-122.29464, 37.89877], [-122.29399, 37.8986], [-122.293544, 37.89852], [-122.293675, 37.898465], [-122.293908, 37.898368], [-122.29448, 37.898725], [-122.294554, 37.898735], [-122.294884, 37.898779], [-122.295176, 37.898818], [-122.295553, 37.898868], [-122.29541, 37.89887]]]]}}, {"type": "Feature", "properties": {"grade": "B", "cat": "Still Desirable", "city": "Oakland", "label": "B2"}, "geometry": {"type": "MultiPolygon", "coordinates": [[[[-122.29214, 37.8983], [-122.29135, 37.89809], [-122.29072, 37.89788], [-122.29022, 37.89769], [-122.28975, 37.89764], [-122.28916, 37.89758], [-122.28861, 37.89764], [-122.288296, 37.897722], [-122.288437, 37.897597], [-122.289019, 37.897539], [-122.289227, 37.897519], [-122.289568, 37.89749], [-122.289884, 37.897553], [-122.290105, 37.897596], [-122.290602, 37.897693], [-122.290733, 37.897747], [-122.290763, 37.897756], [-122.291468, 37.898054], [-122.291605, 37.8981], [-122.291644, 37.898113], [-122.291815, 37.89817], [-122.291911, 37.898202], [-122.291979, 37.898225], [-122.292346, 37.898286], [-122.292526, 37.898316], [-122.292655, 37.898338], [-122.292652, 37.898376], [-122.29214, 37.8983]]]]}}, {"type": "Feature", "properties": {"grade": "B", "cat": "Still Desirable", "city": "Oakland", "label": "B2"}, "geometry": {"type": "MultiPolygon", "coordinates": [[[[-122.28684, 37.89875], [-122.286854, 37.898434], [-122.28697, 37.898377], [-122.28702, 37.898352], [-122.287151, 37.898368], [-122.287314, 37.898388], [-122.28684, 37.89875]]]]}}, {"type": "Feature", "properties": {"grade": "B", "cat": "Still Desirable", "city": "Oakland", "label": "B20"}, "geometry": {"type": "MultiPolygon", "coordinates": [[[[-122.2466, 37.80281], [-122.24715, 37.80272], [-122.24677, 37.80395], [-122.24887, 37.80478], [-122.2482, 37.80508], [-122.24735, 37.80568], [-122.24583, 37.80731], [-122.24394, 37.80816], [-122.24387, 37.80788], [-122.24598, 37.80515], [-122.24467, 37.80474], [-122.24175, 37.80673], [-122.23752, 37.80532], [-122.23804, 37.80499], [-122.23827, 37.8047], [-122.23814, 37.8043], [-122.2384, 37.80372], [-122.2384, 37.80356], [-122.23829, 37.80321], [-122.23829, 37.802939], [-122.23839, 37.802907], [-122.23851, 37.802875], [-122.238574, 37.802859], [-122.238834, 37.802813], [-122.239025, 37.802774], [-122.239599, 37.802659], [-122.239632, 37.802652], [-122.239791, 37.802621], [-122.240163, 37.802553], [-122.240188, 37.802549], [-122.2406, 37.802491], [-122.241293, 37.802431], [-122.241671, 37.802399], [-122.241753, 37.80239], [-122.242, 37.802365], [-122.242083, 37.802357], [-122.242352, 37.80232], [-122.242471, 37.802292], [-122.242562, 37.802272], [-122.242912, 37.802175], [-122.242925, 37.80217], [-122.24424, 37.80191], [-122.24498, 37.80182], [-122.245553, 37.801653], [-122.245598, 37.801647], [-122.245863, 37.80159], [-122.246011, 37.801548], [-122.246022, 37.801545], [-122.2466, 37.80281]]]]}}, {"type": "Feature", "properties": {"grade": "B", "cat": "Still Desirable", "city": "Oakland", "label": "B20"}, "geometry": {"type": "MultiPolygon", "coordinates": [[[[-122.24601, 37.80152], [-122.246022, 37.801545], [-122.246011, 37.801548], [-122.245863, 37.80159], [-122.245598, 37.801647], [-122.245553, 37.801653], [-122.24601, 37.80152]]], [[[-122.24257, 37.80224], [-122.242925, 37.80217], [-122.242912, 37.802175], [-122.242562, 37.802272], [-122.242471, 37.802292], [-122.242352, 37.80232], [-122.242083, 37.802357], [-122.242, 37.802365], [-122.241753, 37.80239], [-122.241671, 37.802399], [-122.241669, 37.802338], [-122.241669, 37.802334], [-122.24257, 37.80224]]]]}}, {"type": "Feature", "properties": {"grade": "B", "cat": "Still Desirable", "city": "Oakland", "label": "B20"}, "geometry": {"type": "MultiPolygon", "coordinates": [[[[-122.23829, 37.80288], [-122.23854, 37.80266], [-122.241669, 37.802334], [-122.241669, 37.802338], [-122.241671, 37.802399], [-122.241293, 37.802431], [-122.2406, 37.802491], [-122.240188, 37.802549], [-122.240163, 37.802553], [-122.239791, 37.802621], [-122.239632, 37.802652], [-122.239599, 37.802659], [-122.239025, 37.802774], [-122.238834, 37.802813], [-122.238574, 37.802859], [-122.23851, 37.802875], [-122.23839, 37.802907], [-122.23829, 37.802939], [-122.23829, 37.80288]]]]}}, {"type": "Feature", "properties": {"grade": "B", "cat": "Still Desirable", "city": "Oakland", "label": "B21"}, "geometry": {"type": "MultiPolygon", "coordinates": [[[[-122.242765, 37.811273], [-122.242843, 37.81123], [-122.242901, 37.811199], [-122.243033, 37.811144], [-122.243175, 37.811094], [-122.243289, 37.811055], [-122.24357, 37.810969], [-122.243882, 37.810862], [-122.244066, 37.810799], [-122.242765, 37.811273]]]]}}, {"type": "Feature", "properties": {"grade": "B", "cat": "Still Desirable", "city": "Oakland", "label": "B21"}, "geometry": {"type": "MultiPolygon", "coordinates": [[[[-122.24318, 37.80916], [-122.24351, 37.80931], [-122.24503, 37.8098], [-122.24582, 37.81016], [-122.244066, 37.810799], [-122.243882, 37.810862], [-122.24357, 37.810969], [-122.243289, 37.811055], [-122.24327, 37.811019], [-122.243241, 37.810994], [-122.24323, 37.810985], [-122.24302, 37.810808], [-122.24294, 37.810758], [-122.242812, 37.810646], [-122.242799, 37.810635], [-122.242412, 37.810332], [-122.242279, 37.810228], [-122.24214, 37.810127], [-122.241726, 37.809824], [-122.241589, 37.809724], [-122.241461, 37.809636], [-122.241077, 37.809374], [-122.24095, 37.809287], [-122.240619, 37.809057], [-122.240271, 37.808836], [-122.240208, 37.8088], [-122.239864, 37.808602], [-122.239532, 37.808417], [-122.239441, 37.808371], [-122.23934, 37.808328], [-122.239199, 37.80828], [-122.238917, 37.808197], [-122.238816, 37.808171], [-122.238721, 37.808164], [-122.238597, 37.808141], [-122.238481, 37.808104], [-122.238339, 37.808042], [-122.238145, 37.807919], [-122.237927, 37.807751], [-122.237839, 37.807666], [-122.23762, 37.807452], [-122.237424, 37.807252], [-122.2372, 37.807052], [-122.237022, 37.807047], [-122.236817, 37.807048], [-122.236757, 37.807053], [-122.236514, 37.807075], [-122.235432, 37.807158], [-122.235304, 37.807168], [-122.234992, 37.8072], [-122.234858, 37.807188], [-122.234764, 37.807173], [-122.234149, 37.807075], [-122.234086, 37.807062], [-122.233862, 37.807017], [-122.23369, 37.806994], [-122.233262, 37.806937], [-122.233177, 37.80692], [-122.233008, 37.806888], [-122.232897, 37.80697], [-122.232798, 37.807026], [-122.232658, 37.807077], [-122.232295, 37.807167], [-122.232066, 37.807208], [-122.231949, 37.807214], [-122.231727, 37.807204], [-122.231534, 37.807171], [-122.231461, 37.807164], [-122.231356, 37.807165], [-122.231204, 37.807176], [-122.23106, 37.807199], [-122.230713, 37.807229], [-122.230549, 37.807248], [-122.230479, 37.807259], [-122.230397, 37.807274], [-122.230165, 37.807329], [-122.229833, 37.807423], [-122.229697, 37.807472], [-122.229533, 37.80755], [-122.229294, 37.807652], [-122.229177, 37.807708], [-122.229049, 37.807756], [-122.228827, 37.807826], [-122.228745, 37.807853], [-122.228472, 37.807901], [-122.228253, 37.807927], [-122.227693, 37.808099], [-122.227573, 37.808152], [-122.227496, 37.808197], [-122.22728, 37.808362], [-122.227175, 37.808458], [-122.226983, 37.808649], [-122.226899, 37.808716], [-122.226818, 37.808774], [-122.226681, 37.808863], [-122.226477, 37.808968], [-122.226323, 37.809039], [-122.226238, 37.809087], [-122.226066, 37.809186], [-122.226005, 37.809224], [-122.225967, 37.809262], [-122.22593, 37.809313], [-122.225894, 37.809349], [-122.225765, 37.809427], [-122.225683, 37.809498], [-122.225616, 37.809557], [-122.225508, 37.809642], [-122.225427, 37.809695], [-122.225337, 37.809755], [-122.225212, 37.809849], [-122.225168, 37.809876], [-122.225047, 37.809952], [-122.224898, 37.810027], [-122.224695, 37.810114], [-122.224607, 37.810143], [-122.224534, 37.810169], [-122.224409, 37.810204], [-122.224099, 37.810272], [-122.223956, 37.810298], [-122.223843, 37.810325], [-122.22364, 37.810382], [-122.223494, 37.810433], [-122.223435, 37.810457], [-122.223271, 37.810526], [-122.22311, 37.810613], [-122.22298, 37.810691], [-122.222829, 37.810789], [-122.222658, 37.810909], [-122.222502, 37.81103], [-122.222406, 37.811113], [-122.222199, 37.811312], [-122.222088, 37.811449], [-122.221973, 37.811633], [-122.221921, 37.811727], [-122.221891, 37.811794], [-122.221873, 37.811851], [-122.221851, 37.81192], [-122.221801, 37.812186], [-122.221791, 37.812253], [-122.221787, 37.812319], [-122.221789, 37.812409], [-122.221777, 37.812492], [-122.221746, 37.812571], [-122.221698, 37.81267], [-122.221681, 37.812695], [-122.221637, 37.812762], [-122.221571, 37.812842], [-122.221502, 37.812916], [-122.221307, 37.813082], [-122.221184, 37.813169], [-122.221035, 37.813256], [-122.220905, 37.813316], [-122.220811, 37.813349], [-122.220756, 37.813364], [-122.220565, 37.813419], [-122.22048, 37.813428], [-122.220433, 37.813439], [-122.220211, 37.813407], [-122.219885, 37.813333], [-122.219329, 37.813207], [-122.218709, 37.813066], [-122.218121, 37.812939], [-122.218073, 37.813017], [-122.218018, 37.812996], [-122.218064, 37.81292], [-122.217935, 37.812891], [-122.21786, 37.812824], [-122.217753, 37.812835], [-122.217711, 37.812839], [-122.217677, 37.812831], [-122.21877, 37.81209], [-122.22067, 37.81089], [-122.22198, 37.81034], [-122.22262, 37.81038], [-122.22305, 37.81014], [-122.22419, 37.80939], [-122.22497, 37.80878], [-122.2255, 37.808], [-122.22602, 37.80766], [-122.22668, 37.80743], [-122.22723, 37.80711], [-122.22778, 37.80661], [-122.22821, 37.80627], [-122.22899, 37.8061], [-122.22989, 37.80621], [-122.23084, 37.80659], [-122.23111, 37.80659], [-122.23134, 37.80642], [-122.23184, 37.80627], [-122.23234, 37.8064], [-122.23343, 37.80674], [-122.23403, 37.80671], [-122.23503, 37.80666], [-122.23629, 37.80666], [-122.23702, 37.80679], [-122.237934, 37.80679], [-122.238384, 37.806998], [-122.239619, 37.807569], [-122.240213, 37.807845], [-122.240333, 37.807898], [-122.240467, 37.807959], [-122.24099, 37.808183], [-122.241053, 37.808208], [-122.241243, 37.808285], [-122.241307, 37.808311], [-122.241982, 37.808552], [-122.243348, 37.80894], [-122.24318, 37.80916]]]]}}, {"type": "Feature", "properties": {"grade": "B", "cat": "Still Desirable", "city": "Oakland", "label": "B21"}, "geometry": {"type": "MultiPolygon", "coordinates": [[[[-122.2425, 37.81137], [-122.24228, 37.81115], [-122.24133, 37.81058], [-122.2401, 37.80993], [-122.23907, 37.80927], [-122.23848, 37.80897], [-122.23774, 37.80885], [-122.23682, 37.80835], [-122.23606, 37.80814], [-122.23468, 37.80805], [-122.23368, 37.80854], [-122.23285, 37.8091], [-122.23249, 37.80938], [-122.23171, 37.80936], [-122.23026, 37.80962], [-122.22926, 37.81], [-122.2285, 37.81051], [-122.22736, 37.81081], [-122.22629, 37.81105], [-122.22541, 37.81175], [-122.22465, 37.8121], [-122.22367, 37.81261], [-122.22324, 37.81312], [-122.222347, 37.813903], [-122.221664, 37.813729], [-122.221714, 37.813669], [-122.221609, 37.813701], [-122.221156, 37.813599], [-122.220993, 37.813548], [-122.220808, 37.813507], [-122.220627, 37.813466], [-122.220433, 37.813439], [-122.22048, 37.813428], [-122.220565, 37.813419], [-122.220756, 37.813364], [-122.220811, 37.813349], [-122.220905, 37.813316], [-122.221035, 37.813256], [-122.221184, 37.813169], [-122.221307, 37.813082], [-122.221502, 37.812916], [-122.221571, 37.812842], [-122.221637, 37.812762], [-122.221681, 37.812695], [-122.221698, 37.81267], [-122.221746, 37.812571], [-122.221777, 37.812492], [-122.221789, 37.812409], [-122.221787, 37.812319], [-122.221791, 37.812253], [-122.221801, 37.812186], [-122.221851, 37.81192], [-122.221873, 37.811851], [-122.221891, 37.811794], [-122.221921, 37.811727], [-122.221973, 37.811633], [-122.222088, 37.811449], [-122.222199, 37.811312], [-122.222406, 37.811113], [-122.222502, 37.81103], [-122.222658, 37.810909], [-122.222829, 37.810789], [-122.22298, 37.810691], [-122.22311, 37.810613], [-122.223271, 37.810526], [-122.223435, 37.810457], [-122.223494, 37.810433], [-122.22364, 37.810382], [-122.223843, 37.810325], [-122.223956, 37.810298], [-122.224099, 37.810272], [-122.224409, 37.810204], [-122.224534, 37.810169], [-122.224607, 37.810143], [-122.224695, 37.810114], [-122.224898, 37.810027], [-122.225047, 37.809952], [-122.225168, 37.809876], [-122.225212, 37.809849], [-122.225337, 37.809755], [-122.225427, 37.809695], [-122.225508, 37.809642], [-122.225616, 37.809557], [-122.225683, 37.809498], [-122.225765, 37.809427], [-122.225894, 37.809349], [-122.22593, 37.809313], [-122.225967, 37.809262], [-122.226005, 37.809224], [-122.226066, 37.809186], [-122.226238, 37.809087], [-122.226323, 37.809039], [-122.226477, 37.808968], [-122.226681, 37.808863], [-122.226818, 37.808774], [-122.226899, 37.808716], [-122.226983, 37.808649], [-122.227175, 37.808458], [-122.22728, 37.808362], [-122.227496, 37.808197], [-122.227573, 37.808152], [-122.227693, 37.808099], [-122.228253, 37.807927], [-122.228472, 37.807901], [-122.228745, 37.807853], [-122.228827, 37.807826], [-122.229049, 37.807756], [-122.229177, 37.807708], [-122.229294, 37.807652], [-122.229533, 37.80755], [-122.229697, 37.807472], [-122.229833, 37.807423], [-122.230165, 37.807329], [-122.230397, 37.807274], [-122.230479, 37.807259], [-122.230549, 37.807248], [-122.230713, 37.807229], [-122.23106, 37.807199], [-122.231204, 37.807176], [-122.231356, 37.807165], [-122.231461, 37.807164], [-122.231534, 37.807171], [-122.231727, 37.807204], [-122.231949, 37.807214], [-122.232066, 37.807208], [-122.232295, 37.807167], [-122.232658, 37.807077], [-122.232798, 37.807026], [-122.232897, 37.80697], [-122.233008, 37.806888], [-122.233177, 37.80692], [-122.233262, 37.806937], [-122.23369, 37.806994], [-122.233862, 37.807017], [-122.234086, 37.807062], [-122.234149, 37.807075], [-122.234764, 37.807173], [-122.234858, 37.807188], [-122.234992, 37.8072], [-122.235304, 37.807168], [-122.235432, 37.807158], [-122.236514, 37.807075], [-122.236757, 37.807053], [-122.236817, 37.807048], [-122.237022, 37.807047], [-122.2372, 37.807052], [-122.237424, 37.807252], [-122.23762, 37.807452], [-122.237839, 37.807666], [-122.237927, 37.807751], [-122.238145, 37.807919], [-122.238339, 37.808042], [-122.238481, 37.808104], [-122.238597, 37.808141], [-122.238721, 37.808164], [-122.238816, 37.808171], [-122.238917, 37.808197], [-122.239199, 37.80828], [-122.23934, 37.808328], [-122.239441, 37.808371], [-122.239532, 37.808417], [-122.239864, 37.808602], [-122.240208, 37.8088], [-122.240271, 37.808836], [-122.240619, 37.809057], [-122.24095, 37.809287], [-122.241077, 37.809374], [-122.241461, 37.809636], [-122.241589, 37.809724], [-122.241726, 37.809824], [-122.24214, 37.810127], [-122.242279, 37.810228], [-122.242412, 37.810332], [-122.242799, 37.810635], [-122.242812, 37.810646], [-122.24294, 37.810758], [-122.24302, 37.810808], [-122.24323, 37.810985], [-122.243241, 37.810994], [-122.24327, 37.811019], [-122.243289, 37.811055], [-122.243175, 37.811094], [-122.243033, 37.811144], [-122.242901, 37.811199], [-122.242843, 37.81123], [-122.242765, 37.811273], [-122.2425, 37.81137]]]]}}, {"type": "Feature", "properties": {"grade": "B", "cat": "Still Desirable", "city": "Oakland", "label": "B21"}, "geometry": {"type": "MultiPolygon", "coordinates": [[[[-122.23835, 37.80679], [-122.23902, 37.80709], [-122.23997, 37.80764], [-122.24092, 37.80798], [-122.24161, 37.80811], [-122.24204, 37.80796], [-122.24228, 37.80753], [-122.24323, 37.80741], [-122.24382, 37.80766], [-122.24387, 37.80788], [-122.24394, 37.80816], [-122.243348, 37.80894], [-122.241982, 37.808552], [-122.241307, 37.808311], [-122.241243, 37.808285], [-122.241053, 37.808208], [-122.24099, 37.808183], [-122.240467, 37.807959], [-122.240333, 37.807898], [-122.240213, 37.807845], [-122.239619, 37.807569], [-122.238384, 37.806998], [-122.237934, 37.80679], [-122.23835, 37.80679]]]]}}, {"type": "Feature", "properties": {"grade": "B", "cat": "Still Desirable", "city": "Oakland", "label": "B21"}, "geometry": {"type": "MultiPolygon", "coordinates": [[[[-122.22194, 37.81426], [-122.21728, 37.8131], [-122.217677, 37.812831], [-122.217711, 37.812839], [-122.217753, 37.812835], [-122.21786, 37.812824], [-122.217935, 37.812891], [-122.218064, 37.81292], [-122.218018, 37.812996], [-122.218073, 37.813017], [-122.218121, 37.812939], [-122.218709, 37.813066], [-122.219329, 37.813207], [-122.219885, 37.813333], [-122.220211, 37.813407], [-122.220433, 37.813439], [-122.220627, 37.813466], [-122.220808, 37.813507], [-122.220993, 37.813548], [-122.221156, 37.813599], [-122.221609, 37.813701], [-122.221714, 37.813669], [-122.221664, 37.813729], [-122.222347, 37.813903], [-122.22194, 37.81426]]]]}}, {"type": "Feature", "properties": {"grade": "B", "cat": "Still Desirable", "city": "Oakland", "label": "B22"}, "geometry": {"type": "MultiPolygon", "coordinates": [[[[-122.21186, 37.81131], [-122.21098, 37.81146], [-122.21077, 37.81144], [-122.21025, 37.81112], [-122.20958, 37.8107], [-122.20903, 37.81059], [-122.20854, 37.81072], [-122.20784, 37.81049], [-122.20722, 37.81055], [-122.20672, 37.81077], [-122.20639, 37.81087], [-122.2063, 37.81085], [-122.20625, 37.81074], [-122.20627, 37.81047], [-122.20703, 37.80974], [-122.20601, 37.80922], [-122.20575, 37.80929], [-122.20383, 37.808543], [-122.204802, 37.808045], [-122.205359, 37.807761], [-122.205889, 37.807403], [-122.20605, 37.80733], [-122.20742, 37.80653], [-122.20842, 37.8071], [-122.20892, 37.8071], [-122.20949, 37.807], [-122.20949, 37.80713], [-122.20955, 37.80748], [-122.209628, 37.807618], [-122.209628, 37.807618], [-122.209618, 37.807682], [-122.209615, 37.807805], [-122.209645, 37.807895], [-122.209692, 37.807954], [-122.209856, 37.808158], [-122.209893, 37.808261], [-122.209873, 37.808347], [-122.20986, 37.808377], [-122.209846, 37.808395], [-122.209805, 37.808455], [-122.209796, 37.808505], [-122.209806, 37.808552], [-122.209856, 37.808614], [-122.209937, 37.808679], [-122.210058, 37.808748], [-122.210139, 37.80878], [-122.210166, 37.808786], [-122.210206, 37.808786], [-122.21028, 37.808776], [-122.210358, 37.808757], [-122.210417, 37.808755], [-122.210508, 37.808764], [-122.210559, 37.808786], [-122.21062, 37.808819], [-122.2107, 37.808934], [-122.210732, 37.80897], [-122.210891, 37.809084], [-122.211076, 37.809177], [-122.211184, 37.809222], [-122.211241, 37.809248], [-122.211373, 37.80931], [-122.211413, 37.809331], [-122.211469, 37.809362], [-122.211539, 37.80942], [-122.211592, 37.809474], [-122.211943, 37.809834], [-122.21206, 37.809955], [-122.211814, 37.810063], [-122.21177, 37.810083], [-122.211513, 37.810181], [-122.211308, 37.810278], [-122.211181, 37.810358], [-122.211103, 37.810425], [-122.211006, 37.810509], [-122.21091, 37.81061], [-122.211047, 37.810611], [-122.211084, 37.810612], [-122.211282, 37.810623], [-122.211374, 37.810634], [-122.211467, 37.810664], [-122.211554, 37.810705], [-122.211585, 37.810728], [-122.211726, 37.810832], [-122.211711, 37.810878], [-122.211714, 37.810925], [-122.211738, 37.810973], [-122.211751, 37.810998], [-122.211794, 37.811052], [-122.211904, 37.811153], [-122.212048, 37.811299], [-122.212091, 37.811357], [-122.21213, 37.81142], [-122.21186, 37.81131]]]]}}, {"type": "Feature", "properties": {"grade": "B", "cat": "Still Desirable", "city": "Oakland", "label": "B22"}, "geometry": {"type": "MultiPolygon", "coordinates": [[[[-122.20972, 37.80778], [-122.20993, 37.80811], [-122.21023, 37.80838], [-122.21097, 37.80742], [-122.21162, 37.80677], [-122.21249, 37.80637], [-122.21329, 37.80625], [-122.21365, 37.8063], [-122.21388, 37.80634], [-122.21544, 37.80674], [-122.21567, 37.80773], [-122.2155, 37.80869], [-122.21517, 37.80949], [-122.21483, 37.8099], [-122.21443, 37.81024], [-122.21346, 37.81071], [-122.21318, 37.81081], [-122.21322, 37.81143], [-122.21284, 37.81171], [-122.21213, 37.81142], [-122.212091, 37.811357], [-122.212048, 37.811299], [-122.211904, 37.811153], [-122.211794, 37.811052], [-122.211751, 37.810998], [-122.211738, 37.810973], [-122.211714, 37.810925], [-122.211711, 37.810878], [-122.211726, 37.810832], [-122.211585, 37.810728], [-122.211554, 37.810705], [-122.211467, 37.810664], [-122.211374, 37.810634], [-122.211282, 37.810623], [-122.211084, 37.810612], [-122.211047, 37.810611], [-122.21091, 37.81061], [-122.211006, 37.810509], [-122.211103, 37.810425], [-122.211181, 37.810358], [-122.211308, 37.810278], [-122.211513, 37.810181], [-122.21177, 37.810083], [-122.211814, 37.810063], [-122.21206, 37.809955], [-122.211943, 37.809834], [-122.211592, 37.809474], [-122.211539, 37.80942], [-122.211469, 37.809362], [-122.211413, 37.809331], [-122.211373, 37.80931], [-122.211241, 37.809248], [-122.211184, 37.809222], [-122.211076, 37.809177], [-122.210891, 37.809084], [-122.210732, 37.80897], [-122.2107, 37.808934], [-122.21062, 37.808819], [-122.210559, 37.808786], [-122.210508, 37.808764], [-122.210417, 37.808755], [-122.210358, 37.808757], [-122.21028, 37.808776], [-122.210206, 37.808786], [-122.210166, 37.808786], [-122.210139, 37.80878], [-122.210058, 37.808748], [-122.209937, 37.808679], [-122.209856, 37.808614], [-122.209806, 37.808552], [-122.209796, 37.808505], [-122.209805, 37.808455], [-122.209846, 37.808395], [-122.20986, 37.808377], [-122.209873, 37.808347], [-122.209893, 37.808261], [-122.209856, 37.808158], [-122.209692, 37.807954], [-122.209645, 37.807895], [-122.209615, 37.807805], [-122.209618, 37.807682], [-122.209628, 37.807618], [-122.209628, 37.807618], [-122.20972, 37.80778]]]]}}, {"type": "Feature", "properties": {"grade": "B", "cat": "Still Desirable", "city": "Oakland", "label": "B22"}, "geometry": {"type": "MultiPolygon", "coordinates": [[[[-122.20359, 37.80845], [-122.205889, 37.807403], [-122.205359, 37.807761], [-122.204802, 37.808045], [-122.20383, 37.808543], [-122.20359, 37.80845]]]]}}, {"type": "Feature", "properties": {"grade": "B", "cat": "Still Desirable", "city": "Oakland", "label": "B23"}, "geometry": {"type": "MultiPolygon", "coordinates": [[[[-122.21284, 37.81171], [-122.21322, 37.81143], [-122.21318, 37.81081], [-122.21346, 37.81071], [-122.21443, 37.81024], [-122.21483, 37.8099], [-122.21517, 37.80949], [-122.2155, 37.80869], [-122.21567, 37.80773], [-122.21544, 37.80674], [-122.2157, 37.8065], [-122.215713, 37.806475], [-122.215716, 37.806519], [-122.215689, 37.806717], [-122.215717, 37.806925], [-122.215772, 37.807151], [-122.215793, 37.807343], [-122.215793, 37.807461], [-122.215793, 37.807541], [-122.215772, 37.807728], [-122.215731, 37.808013], [-122.215641, 37.808596], [-122.215572, 37.808931], [-122.215461, 37.809222], [-122.215302, 37.80959], [-122.215177, 37.809854], [-122.215087, 37.81003], [-122.215011, 37.810151], [-122.214908, 37.810277], [-122.214819, 37.810362], [-122.214769, 37.810409], [-122.214582, 37.810502], [-122.214485, 37.810563], [-122.214381, 37.810645], [-122.214326, 37.810739], [-122.214146, 37.811024], [-122.214028, 37.811222], [-122.213758, 37.811695], [-122.213599, 37.811947], [-122.213546, 37.812004], [-122.21284, 37.81171]]], [[[-122.21607, 37.80492], [-122.2165, 37.80417], [-122.21655, 37.8039], [-122.21637, 37.80366], [-122.21621, 37.80348], [-122.21685, 37.80204], [-122.21733, 37.80069], [-122.21642, 37.80049], [-122.216467, 37.800379], [-122.216739, 37.800471], [-122.21709, 37.80057], [-122.217226, 37.800609], [-122.217311, 37.800629], [-122.217498, 37.800674], [-122.218069, 37.800814], [-122.218248, 37.800859], [-122.218242, 37.800881], [-122.218226, 37.800916], [-122.218201, 37.800972], [-122.218193, 37.800991], [-122.218083, 37.801123], [-122.217957, 37.801246], [-122.217944, 37.80126], [-122.217884, 37.801344], [-122.217834, 37.801414], [-122.217778, 37.801519], [-122.217695, 37.801755], [-122.217684, 37.80179], [-122.217598, 37.80209], [-122.217481, 37.80226], [-122.217384, 37.802365], [-122.217218, 37.80264], [-122.217149, 37.802788], [-122.217044, 37.803099], [-122.217038, 37.803118], [-122.216989, 37.803249], [-122.216941, 37.803332], [-122.216851, 37.803464], [-122.216799, 37.803521], [-122.216726, 37.803601], [-122.216588, 37.803887], [-122.216546, 37.804052], [-122.216512, 37.804392], [-122.216457, 37.804651], [-122.216422, 37.804711], [-122.216166, 37.805008], [-122.216015, 37.805135], [-122.215997, 37.80515], [-122.21607, 37.80492]]], [[[-122.21583, 37.80568], [-122.215865, 37.805569], [-122.215875, 37.805607], [-122.215882, 37.8057], [-122.215848, 37.805827], [-122.215812, 37.805919], [-122.21583, 37.80568]]]]}}, {"type": "Feature", "properties": {"grade": "B", "cat": "Still Desirable", "city": "Oakland", "label": "B23"}, "geometry": {"type": "MultiPolygon", "coordinates": [[[[-122.21452, 37.81241], [-122.213546, 37.812004], [-122.213599, 37.811947], [-122.213758, 37.811695], [-122.214028, 37.811222], [-122.214146, 37.811024], [-122.214326, 37.810739], [-122.214381, 37.810645], [-122.214485, 37.810563], [-122.214582, 37.810502], [-122.214769, 37.810409], [-122.214819, 37.810362], [-122.214908, 37.810277], [-122.215011, 37.810151], [-122.215087, 37.81003], [-122.215177, 37.809854], [-122.215302, 37.80959], [-122.215461, 37.809222], [-122.215572, 37.808931], [-122.215641, 37.808596], [-122.215731, 37.808013], [-122.215772, 37.807728], [-122.215793, 37.807541], [-122.215793, 37.807461], [-122.215793, 37.807343], [-122.215772, 37.807151], [-122.215717, 37.806925], [-122.215689, 37.806717], [-122.215716, 37.806519], [-122.215713, 37.806475], [-122.21578, 37.80635], [-122.215812, 37.805919], [-122.215848, 37.805827], [-122.215882, 37.8057], [-122.215875, 37.805607], [-122.215865, 37.805569], [-122.215997, 37.80515], [-122.216015, 37.805135], [-122.216166, 37.805008], [-122.216422, 37.804711], [-122.216457, 37.804651], [-122.216512, 37.804392], [-122.216546, 37.804052], [-122.216588, 37.803887], [-122.216726, 37.803601], [-122.216799, 37.803521], [-122.216851, 37.803464], [-122.216941, 37.803332], [-122.216989, 37.803249], [-122.217038, 37.803118], [-122.217044, 37.803099], [-122.217149, 37.802788], [-122.217218, 37.80264], [-122.217384, 37.802365], [-122.217481, 37.80226], [-122.217598, 37.80209], [-122.217684, 37.80179], [-122.217695, 37.801755], [-122.217778, 37.801519], [-122.217834, 37.801414], [-122.217884, 37.801344], [-122.217944, 37.80126], [-122.217957, 37.801246], [-122.218083, 37.801123], [-122.218193, 37.800991], [-122.218201, 37.800972], [-122.218226, 37.800916], [-122.218242, 37.800881], [-122.218248, 37.800859], [-122.218069, 37.800814], [-122.217498, 37.800674], [-122.217311, 37.800629], [-122.217226, 37.800609], [-122.21709, 37.80057], [-122.216739, 37.800471], [-122.216467, 37.800379], [-122.21725, 37.79853], [-122.217275, 37.79847], [-122.217297, 37.798476], [-122.218259, 37.798722], [-122.2183, 37.798733], [-122.218581, 37.798803], [-122.219028, 37.798913], [-122.219657, 37.79907], [-122.220329, 37.799227], [-122.220372, 37.799236], [-122.220789, 37.799325], [-122.22066, 37.79993], [-122.22451, 37.80055], [-122.224688, 37.800102], [-122.224818, 37.80013], [-122.224981, 37.800166], [-122.225199, 37.800213], [-122.226243, 37.800439], [-122.22611, 37.80083], [-122.229889, 37.801649], [-122.23016, 37.801828], [-122.230551, 37.802115], [-122.23117, 37.802605], [-122.231096, 37.802665], [-122.230876, 37.802845], [-122.230803, 37.802906], [-122.230692, 37.80299], [-122.230359, 37.803244], [-122.230249, 37.803329], [-122.230045, 37.803505], [-122.229206, 37.804159], [-122.229042, 37.804288], [-122.228842, 37.804437], [-122.228892, 37.804571], [-122.2285, 37.804649], [-122.228338, 37.804699], [-122.228081, 37.804819], [-122.227745, 37.804969], [-122.227082, 37.80525], [-122.225931, 37.805809], [-122.225707, 37.805918], [-122.224827, 37.806307], [-122.222484, 37.807412], [-122.22174, 37.807758], [-122.221474, 37.807877], [-122.219044, 37.80881], [-122.218702, 37.808936], [-122.218398, 37.809058], [-122.218192, 37.809146], [-122.218107, 37.809193], [-122.217915, 37.809322], [-122.217755, 37.809454], [-122.21762, 37.809588], [-122.21754, 37.809684], [-122.217433, 37.809803], [-122.217336, 37.809926], [-122.217247, 37.810034], [-122.217092, 37.810192], [-122.217014, 37.810257], [-122.216866, 37.810367], [-122.21668, 37.810494], [-122.216279, 37.810806], [-122.216194, 37.810869], [-122.215879, 37.811132], [-122.215798, 37.811215], [-122.215646, 37.811405], [-122.215582, 37.811513], [-122.215329, 37.811984], [-122.215297, 37.812042], [-122.215204, 37.812217], [-122.215174, 37.812276], [-122.215068, 37.812237], [-122.214976, 37.812379], [-122.214934, 37.81244], [-122.21488, 37.8125], [-122.21452, 37.81241]]]]}}, {"type": "Feature", "properties": {"grade": "B", "cat": "Still Desirable", "city": "Oakland", "label": "B23"}, "geometry": {"type": "MultiPolygon", "coordinates": [[[[-122.22947, 37.80449], [-122.22961, 37.80494], [-122.22989, 37.80525], [-122.23043, 37.80542], [-122.23132, 37.80551], [-122.23196, 37.80537], [-122.23239, 37.80506], [-122.23332, 37.80435], [-122.23429, 37.80515], [-122.23441, 37.80566], [-122.23436, 37.80611], [-122.23403, 37.80671], [-122.23343, 37.80674], [-122.23234, 37.8064], [-122.23184, 37.80627], [-122.23134, 37.80642], [-122.23111, 37.80659], [-122.23084, 37.80659], [-122.22989, 37.80621], [-122.22899, 37.8061], [-122.22821, 37.80627], [-122.22778, 37.80661], [-122.22723, 37.80711], [-122.22668, 37.80743], [-122.22602, 37.80766], [-122.2255, 37.808], [-122.22497, 37.80878], [-122.22419, 37.80939], [-122.22305, 37.81014], [-122.22262, 37.81038], [-122.22198, 37.81034], [-122.22067, 37.81089], [-122.21877, 37.81209], [-122.217677, 37.812831], [-122.217185, 37.81272], [-122.216766, 37.812625], [-122.216266, 37.812512], [-122.215932, 37.812436], [-122.215734, 37.812391], [-122.215174, 37.812276], [-122.215204, 37.812217], [-122.215297, 37.812042], [-122.215329, 37.811984], [-122.215582, 37.811513], [-122.215646, 37.811405], [-122.215798, 37.811215], [-122.215879, 37.811132], [-122.216194, 37.810869], [-122.216279, 37.810806], [-122.21668, 37.810494], [-122.216866, 37.810367], [-122.217014, 37.810257], [-122.217092, 37.810192], [-122.217247, 37.810034], [-122.217336, 37.809926], [-122.217433, 37.809803], [-122.21754, 37.809684], [-122.21762, 37.809588], [-122.217755, 37.809454], [-122.217915, 37.809322], [-122.218107, 37.809193], [-122.218192, 37.809146], [-122.218398, 37.809058], [-122.218702, 37.808936], [-122.219044, 37.80881], [-122.221474, 37.807877], [-122.22174, 37.807758], [-122.222484, 37.807412], [-122.224827, 37.806307], [-122.225707, 37.805918], [-122.225931, 37.805809], [-122.227082, 37.80525], [-122.227745, 37.804969], [-122.228081, 37.804819], [-122.228338, 37.804699], [-122.2285, 37.804649], [-122.228892, 37.804571], [-122.228842, 37.804437], [-122.229042, 37.804288], [-122.229206, 37.804159], [-122.230045, 37.803505], [-122.230249, 37.803329], [-122.230359, 37.803244], [-122.230692, 37.80299], [-122.230803, 37.802906], [-122.230876, 37.802845], [-122.231096, 37.802665], [-122.23117, 37.802605], [-122.231469, 37.802861], [-122.22947, 37.80449]], [[-122.22305, 37.8083], [-122.22553, 37.80706], [-122.22489, 37.80629], [-122.22237, 37.8076], [-122.22305, 37.8083]]]]}}, {"type": "Feature", "properties": {"grade": "B", "cat": "Still Desirable", "city": "Oakland", "label": "B23"}, "geometry": {"type": "MultiPolygon", "coordinates": [[[[-122.23339, 37.80114], [-122.23492, 37.80004], [-122.23599, 37.8006], [-122.23674, 37.80021], [-122.23806, 37.80156], [-122.23806, 37.80173], [-122.23717, 37.80213], [-122.2366, 37.80213], [-122.23585, 37.80204], [-122.23517, 37.80187], [-122.23463, 37.80224], [-122.23389, 37.80184], [-122.23253, 37.80283], [-122.23196, 37.80246], [-122.231469, 37.802861], [-122.23117, 37.802605], [-122.231233, 37.802556], [-122.231257, 37.802536], [-122.231331, 37.802478], [-122.23152, 37.802331], [-122.231609, 37.802264], [-122.232352, 37.801683], [-122.233082, 37.801109], [-122.233105, 37.801091], [-122.23339, 37.80114]]]]}}, {"type": "Feature", "properties": {"grade": "B", "cat": "Still Desirable", "city": "Oakland", "label": "B23"}, "geometry": {"type": "MultiPolygon", "coordinates": [[[[-122.23068, 37.80182], [-122.23096, 37.80072], [-122.233105, 37.801091], [-122.233082, 37.801109], [-122.232352, 37.801683], [-122.231609, 37.802264], [-122.23152, 37.802331], [-122.231331, 37.802478], [-122.231257, 37.802536], [-122.231233, 37.802556], [-122.23117, 37.802605], [-122.230551, 37.802115], [-122.23016, 37.801828], [-122.229889, 37.801649], [-122.23068, 37.80182]]], [[[-122.22537, 37.79838], [-122.22686, 37.79863], [-122.226243, 37.800439], [-122.225199, 37.800213], [-122.224981, 37.800166], [-122.224818, 37.80013], [-122.224688, 37.800102], [-122.22537, 37.79838]]]]}}, {"type": "Feature", "properties": {"grade": "B", "cat": "Still Desirable", "city": "Oakland", "label": "B23"}, "geometry": {"type": "MultiPolygon", "coordinates": [[[[-122.21892, 37.79451], [-122.22016, 37.7948], [-122.21995, 37.79511], [-122.21959, 37.79638], [-122.21945, 37.79739], [-122.2197, 37.79782], [-122.22105, 37.7981], [-122.220789, 37.799325], [-122.220372, 37.799236], [-122.220329, 37.799227], [-122.219657, 37.79907], [-122.219028, 37.798913], [-122.218581, 37.798803], [-122.2183, 37.798733], [-122.218259, 37.798722], [-122.217297, 37.798476], [-122.217275, 37.79847], [-122.21892, 37.79451]]]]}}, {"type": "Feature", "properties": {"grade": "B", "cat": "Still Desirable", "city": "Oakland", "label": "B23"}, "geometry": {"type": "MultiPolygon", "coordinates": [[[[-122.21728, 37.8131], [-122.21488, 37.8125], [-122.214934, 37.81244], [-122.214976, 37.812379], [-122.215068, 37.812237], [-122.215174, 37.812276], [-122.215734, 37.812391], [-122.215932, 37.812436], [-122.216266, 37.812512], [-122.216766, 37.812625], [-122.217185, 37.81272], [-122.217677, 37.812831], [-122.21728, 37.8131]]]]}}, {"type": "Feature", "properties": {"grade": "B", "cat": "Still Desirable", "city": "Oakland", "label": "B24"}, "geometry": {"type": "MultiPolygon", "coordinates": [[[[-122.22451, 37.80055], [-122.22066, 37.79993], [-122.220789, 37.799325], [-122.220823, 37.799332], [-122.220854, 37.799338], [-122.220949, 37.799356], [-122.220981, 37.799362], [-122.221363, 37.799432], [-122.221871, 37.799527], [-122.222508, 37.799648], [-122.22289, 37.799722], [-122.223096, 37.799762], [-122.223146, 37.799772], [-122.223914, 37.799925], [-122.22417, 37.799977], [-122.224252, 37.800008], [-122.224329, 37.800024], [-122.224688, 37.800102], [-122.22451, 37.80055]]]]}}, {"type": "Feature", "properties": {"grade": "B", "cat": "Still Desirable", "city": "Oakland", "label": "B24"}, "geometry": {"type": "MultiPolygon", "coordinates": [[[[-122.22537, 37.79838], [-122.224688, 37.800102], [-122.224329, 37.800024], [-122.224252, 37.800008], [-122.22417, 37.799977], [-122.224201, 37.799926], [-122.224262, 37.799825], [-122.224305, 37.799752], [-122.224317, 37.799733], [-122.22436, 37.799639], [-122.224478, 37.799297], [-122.224568, 37.79901], [-122.224647, 37.79876], [-122.224697, 37.798622], [-122.224714, 37.798577], [-122.224844, 37.798308], [-122.224893, 37.798227], [-122.224935, 37.798171], [-122.224985, 37.798117], [-122.225181, 37.797923], [-122.225213, 37.797886], [-122.22537, 37.79838]]]]}}, {"type": "Feature", "properties": {"grade": "B", "cat": "Still Desirable", "city": "Oakland", "label": "B24"}, "geometry": {"type": "MultiPolygon", "coordinates": [[[[-122.22105, 37.7981], [-122.22132, 37.79796], [-122.22107, 37.79714], [-122.22107, 37.79661], [-122.22134, 37.79586], [-122.22171, 37.79523], [-122.22275, 37.7953], [-122.22308, 37.79495], [-122.22423, 37.79568], [-122.22466, 37.79625], [-122.22499, 37.79718], [-122.225213, 37.797886], [-122.225181, 37.797923], [-122.224985, 37.798117], [-122.224935, 37.798171], [-122.224893, 37.798227], [-122.224844, 37.798308], [-122.224714, 37.798577], [-122.224697, 37.798622], [-122.224647, 37.79876], [-122.224568, 37.79901], [-122.224478, 37.799297], [-122.22436, 37.799639], [-122.224317, 37.799733], [-122.224305, 37.799752], [-122.224262, 37.799825], [-122.224201, 37.799926], [-122.22417, 37.799977], [-122.223914, 37.799925], [-122.223146, 37.799772], [-122.223096, 37.799762], [-122.22289, 37.799722], [-122.222508, 37.799648], [-122.221871, 37.799527], [-122.221363, 37.799432], [-122.220981, 37.799362], [-122.220949, 37.799356], [-122.220854, 37.799338], [-122.220823, 37.799332], [-122.220789, 37.799325], [-122.22105, 37.7981]]]]}}, {"type": "Feature", "properties": {"grade": "B", "cat": "Still Desirable", "city": "Oakland", "label": "B25"}, "geometry": {"type": "MultiPolygon", "coordinates": [[[[-122.22168, 37.78803], [-122.22299, 37.78854], [-122.22235, 37.78984], [-122.22216, 37.79045], [-122.222438, 37.791416], [-122.222411, 37.791401], [-122.222348, 37.791367], [-122.222242, 37.79131], [-122.222147, 37.791259], [-122.221926, 37.79114], [-122.221821, 37.791084], [-122.221772, 37.791055], [-122.221694, 37.791011], [-122.221623, 37.790974], [-122.221573, 37.790949], [-122.221454, 37.790888], [-122.221343, 37.790845], [-122.221278, 37.790829], [-122.220563, 37.790653], [-122.22168, 37.78803]]]]}}, {"type": "Feature", "properties": {"grade": "B", "cat": "Still Desirable", "city": "Oakland", "label": "B25"}, "geometry": {"type": "MultiPolygon", "coordinates": [[[[-122.22248, 37.79156], [-122.22214, 37.79184], [-122.22166, 37.79306], [-122.22157, 37.79417], [-122.22115, 37.79454], [-122.22081, 37.79455], [-122.22016, 37.7948], [-122.21892, 37.79451], [-122.220563, 37.790653], [-122.221278, 37.790829], [-122.221343, 37.790845], [-122.221454, 37.790888], [-122.221573, 37.790949], [-122.221623, 37.790974], [-122.221694, 37.791011], [-122.221772, 37.791055], [-122.221821, 37.791084], [-122.221926, 37.79114], [-122.222147, 37.791259], [-122.222242, 37.79131], [-122.222348, 37.791367], [-122.222411, 37.791401], [-122.222438, 37.791416], [-122.22248, 37.79156]]]]}}, {"type": "Feature", "properties": {"grade": "B", "cat": "Still Desirable", "city": "Oakland", "label": "B26"}, "geometry": {"type": "MultiPolygon", "coordinates": [[[[-122.21276, 37.80142], [-122.21388, 37.8016], [-122.215, 37.80188], [-122.21553, 37.80215], [-122.21523, 37.80291], [-122.21472, 37.80391], [-122.21348, 37.8037], [-122.21234, 37.80539], [-122.21148, 37.80502], [-122.21243, 37.80389], [-122.2126, 37.80346], [-122.21205, 37.80325], [-122.211216, 37.802661], [-122.211486, 37.802397], [-122.211605, 37.802282], [-122.211663, 37.802223], [-122.211841, 37.802048], [-122.2119, 37.80199], [-122.211952, 37.801939], [-122.21211, 37.801789], [-122.212163, 37.801739], [-122.212253, 37.801651], [-122.212523, 37.801389], [-122.212566, 37.801348], [-122.21276, 37.80142]]]]}}, {"type": "Feature", "properties": {"grade": "B", "cat": "Still Desirable", "city": "Oakland", "label": "B26"}, "geometry": {"type": "MultiPolygon", "coordinates": [[[[-122.2112, 37.80265], [-122.20927, 37.80445], [-122.20716, 37.80303], [-122.20497, 37.80228], [-122.20671, 37.80057], [-122.20816, 37.8016], [-122.20977, 37.79993], [-122.2121, 37.80158], [-122.21241, 37.80129], [-122.212566, 37.801348], [-122.212523, 37.801389], [-122.212253, 37.801651], [-122.212163, 37.801739], [-122.21211, 37.801789], [-122.211952, 37.801939], [-122.2119, 37.80199], [-122.211841, 37.802048], [-122.211663, 37.802223], [-122.211605, 37.802282], [-122.211486, 37.802397], [-122.211216, 37.802661], [-122.2112, 37.80265]]]]}}, {"type": "Feature", "properties": {"grade": "B", "cat": "Still Desirable", "city": "Oakland", "label": "B27"}, "geometry": {"type": "MultiPolygon", "coordinates": [[[[-122.20835, 37.79838], [-122.20811, 37.79803], [-122.20659, 37.79735], [-122.20537, 37.79695], [-122.20868, 37.79372], [-122.21218, 37.79506], [-122.212174, 37.795109], [-122.211927, 37.795347], [-122.211883, 37.795399], [-122.211392, 37.7959], [-122.210969, 37.796305], [-122.2109, 37.796374], [-122.210772, 37.796504], [-122.210697, 37.796587], [-122.210632, 37.79666], [-122.210559, 37.796727], [-122.210342, 37.796928], [-122.210301, 37.796967], [-122.210272, 37.796998], [-122.210164, 37.797104], [-122.209841, 37.797425], [-122.209734, 37.797532], [-122.209576, 37.797698], [-122.209251, 37.798028], [-122.209087, 37.79818], [-122.20892, 37.798337], [-122.208894, 37.798365], [-122.208819, 37.798449], [-122.208794, 37.798478], [-122.20872, 37.798476], [-122.208653, 37.79848], [-122.208578, 37.798489], [-122.20853, 37.798496], [-122.20835, 37.79838]]]]}}, {"type": "Feature", "properties": {"grade": "B", "cat": "Still Desirable", "city": "Oakland", "label": "B27"}, "geometry": {"type": "MultiPolygon", "coordinates": [[[[-122.21203, 37.79624], [-122.21261, 37.7966], [-122.211807, 37.79923], [-122.211774, 37.799222], [-122.211575, 37.79917], [-122.21098, 37.799014], [-122.210782, 37.798963], [-122.210605, 37.798918], [-122.210077, 37.798786], [-122.209901, 37.798742], [-122.20974, 37.798705], [-122.209679, 37.798689], [-122.209299, 37.798589], [-122.209019, 37.79851], [-122.208986, 37.798501], [-122.208794, 37.798478], [-122.208819, 37.798449], [-122.208894, 37.798365], [-122.20892, 37.798337], [-122.209087, 37.79818], [-122.209251, 37.798028], [-122.209576, 37.797698], [-122.209734, 37.797532], [-122.209841, 37.797425], [-122.210164, 37.797104], [-122.210272, 37.796998], [-122.210301, 37.796967], [-122.210342, 37.796928], [-122.210559, 37.796727], [-122.210632, 37.79666], [-122.210697, 37.796587], [-122.210772, 37.796504], [-122.2109, 37.796374], [-122.210969, 37.796305], [-122.211392, 37.7959], [-122.211883, 37.795399], [-122.211927, 37.795347], [-122.212174, 37.795109], [-122.21203, 37.79624]]]]}}, {"type": "Feature", "properties": {"grade": "B", "cat": "Still Desirable", "city": "Oakland", "label": "B27"}, "geometry": {"type": "MultiPolygon", "coordinates": [[[[-122.21178, 37.79932], [-122.20877, 37.79865], [-122.20853, 37.798496], [-122.208578, 37.798489], [-122.208653, 37.79848], [-122.20872, 37.798476], [-122.208794, 37.798478], [-122.208986, 37.798501], [-122.209019, 37.79851], [-122.209299, 37.798589], [-122.209679, 37.798689], [-122.20974, 37.798705], [-122.209901, 37.798742], [-122.210077, 37.798786], [-122.210605, 37.798918], [-122.210782, 37.798963], [-122.21098, 37.799014], [-122.211575, 37.79917], [-122.211774, 37.799222], [-122.211807, 37.79923], [-122.21178, 37.79932]]]]}}, {"type": "Feature", "properties": {"grade": "B", "cat": "Still Desirable", "city": "Oakland", "label": "B28"}, "geometry": {"type": "MultiPolygon", "coordinates": [[[[-122.20416, 37.79696], [-122.20483, 37.79754], [-122.20106, 37.80123], [-122.20014, 37.80052], [-122.20045, 37.79954], [-122.199569, 37.798694], [-122.199638, 37.798515], [-122.199732, 37.798277], [-122.199789, 37.798126], [-122.199942, 37.797732], [-122.200251, 37.797199], [-122.2004, 37.797035], [-122.200506, 37.79692], [-122.200677, 37.797069], [-122.201193, 37.797516], [-122.201365, 37.797665], [-122.201512, 37.79755], [-122.201956, 37.797205], [-122.202104, 37.797091], [-122.202226, 37.796994], [-122.202592, 37.796707], [-122.202715, 37.796611], [-122.202845, 37.796507], [-122.203238, 37.796197], [-122.203274, 37.79617], [-122.20416, 37.79696]]]]}}, {"type": "Feature", "properties": {"grade": "B", "cat": "Still Desirable", "city": "Oakland", "label": "B28"}, "geometry": {"type": "MultiPolygon", "coordinates": [[[[-122.19945, 37.79858], [-122.199942, 37.797732], [-122.199789, 37.798126], [-122.199732, 37.798277], [-122.199638, 37.798515], [-122.199569, 37.798694], [-122.19945, 37.79858]]], [[[-122.20134, 37.79532], [-122.20184, 37.79489], [-122.203274, 37.79617], [-122.203238, 37.796197], [-122.202845, 37.796507], [-122.202715, 37.796611], [-122.202592, 37.796707], [-122.202226, 37.796994], [-122.202104, 37.797091], [-122.201956, 37.797205], [-122.201512, 37.79755], [-122.201365, 37.797665], [-122.201193, 37.797516], [-122.200677, 37.797069], [-122.200506, 37.79692], [-122.2004, 37.797035], [-122.200251, 37.797199], [-122.20134, 37.79532]]]]}}, {"type": "Feature", "properties": {"grade": "B", "cat": "Still Desirable", "city": "Oakland", "label": "B29"}, "geometry": {"type": "MultiPolygon", "coordinates": [[[[-122.20045, 37.79954], [-122.20014, 37.80052], [-122.20106, 37.80123], [-122.19974, 37.80252], [-122.19974, 37.80269], [-122.19993, 37.8028], [-122.20048, 37.80286], [-122.20081, 37.80306], [-122.20079, 37.8034], [-122.20029, 37.80374], [-122.1991, 37.80455], [-122.19879, 37.80494], [-122.19879, 37.80524], [-122.19893, 37.80552], [-122.19929, 37.80581], [-122.2007, 37.80683], [-122.2005, 37.80711], [-122.20004, 37.80724], [-122.1995, 37.80735], [-122.19862, 37.80731], [-122.19826, 37.80715], [-122.19783, 37.80696], [-122.19679, 37.80677], [-122.19598, 37.80658], [-122.19534, 37.80664], [-122.19496, 37.80662], [-122.19465, 37.80649], [-122.19394, 37.80621], [-122.19328, 37.806118], [-122.193268, 37.806104], [-122.192836, 37.80556], [-122.192806, 37.805514], [-122.192556, 37.805123], [-122.192711, 37.805205], [-122.192837, 37.805263], [-122.193203, 37.805568], [-122.193314, 37.805636], [-122.193436, 37.805694], [-122.193546, 37.805718], [-122.193687, 37.805724], [-122.193835, 37.805725], [-122.194022, 37.805714], [-122.194197, 37.80569], [-122.194302, 37.805664], [-122.194402, 37.80562], [-122.194474, 37.805557], [-122.194499, 37.805509], [-122.194497, 37.805424], [-122.194444, 37.805246], [-122.194314, 37.805024], [-122.194212, 37.80488], [-122.194153, 37.804806], [-122.194023, 37.804714], [-122.193829, 37.804616], [-122.193674, 37.804527], [-122.193579, 37.80443], [-122.193484, 37.804318], [-122.193298, 37.804052], [-122.193232, 37.80397], [-122.193128, 37.803842], [-122.193036, 37.8037], [-122.192972, 37.803545], [-122.192665, 37.803075], [-122.19276, 37.803049], [-122.192887, 37.803042], [-122.193033, 37.803057], [-122.193538, 37.803127], [-122.193619, 37.803131], [-122.193726, 37.80311], [-122.193914, 37.803035], [-122.194085, 37.802956], [-122.194046, 37.80286], [-122.194034, 37.802819], [-122.193879, 37.802565], [-122.193736, 37.802286], [-122.193524, 37.801681], [-122.193431, 37.801461], [-122.193382, 37.801326], [-122.19362, 37.801367], [-122.19394, 37.80168], [-122.194088, 37.801716], [-122.194265, 37.801803], [-122.194345, 37.801825], [-122.194414, 37.801839], [-122.194481, 37.801843], [-122.19454, 37.801838], [-122.194616, 37.801815], [-122.194642, 37.801795], [-122.194663, 37.80177], [-122.194742, 37.801558], [-122.19531, 37.80106], [-122.19531, 37.800915], [-122.195337, 37.800882], [-122.195393, 37.800777], [-122.195485, 37.800555], [-122.19558, 37.8004], [-122.19631, 37.79963], [-122.19631, 37.799592], [-122.196346, 37.799552], [-122.196405, 37.799447], [-122.196416, 37.799404], [-122.196414, 37.799357], [-122.196383, 37.799268], [-122.196323, 37.799192], [-122.19634, 37.79884], [-122.1966, 37.79836], [-122.196802, 37.798189], [-122.196831, 37.798223], [-122.196886, 37.798302], [-122.197029, 37.798461], [-122.197094, 37.798545], [-122.19734, 37.798931], [-122.197363, 37.798984], [-122.197411, 37.799168], [-122.197479, 37.799339], [-122.197532, 37.799359], [-122.19769, 37.79975], [-122.198386, 37.800025], [-122.198397, 37.800064], [-122.19842, 37.800038], [-122.1985, 37.80007], [-122.198635, 37.799858], [-122.199044, 37.799562], [-122.199211, 37.799442], [-122.199244, 37.799408], [-122.199286, 37.799346], [-122.199339, 37.799236], [-122.199343, 37.799225], [-122.199505, 37.798858], [-122.199569, 37.798694], [-122.20045, 37.79954]]]]}}, {"type": "Feature", "properties": {"grade": "B", "cat": "Still Desirable", "city": "Oakland", "label": "B29"}, "geometry": {"type": "MultiPolygon", "coordinates": [[[[-122.18847, 37.80106], [-122.18892, 37.80097], [-122.18994, 37.80097], [-122.19063, 37.80074], [-122.19137, 37.80052], [-122.19208, 37.8002], [-122.1923, 37.79976], [-122.19294, 37.80061], [-122.19348, 37.80123], [-122.19362, 37.801367], [-122.193382, 37.801326], [-122.193431, 37.801461], [-122.193524, 37.801681], [-122.193736, 37.802286], [-122.193879, 37.802565], [-122.194034, 37.802819], [-122.194046, 37.80286], [-122.194085, 37.802956], [-122.193914, 37.803035], [-122.193726, 37.80311], [-122.193619, 37.803131], [-122.193538, 37.803127], [-122.193033, 37.803057], [-122.192887, 37.803042], [-122.19276, 37.803049], [-122.192665, 37.803075], [-122.192972, 37.803545], [-122.193036, 37.8037], [-122.193128, 37.803842], [-122.193232, 37.80397], [-122.193298, 37.804052], [-122.193484, 37.804318], [-122.193579, 37.80443], [-122.193674, 37.804527], [-122.193829, 37.804616], [-122.194023, 37.804714], [-122.194153, 37.804806], [-122.194212, 37.80488], [-122.194314, 37.805024], [-122.194444, 37.805246], [-122.194497, 37.805424], [-122.194499, 37.805509], [-122.194474, 37.805557], [-122.194402, 37.80562], [-122.194302, 37.805664], [-122.194197, 37.80569], [-122.194022, 37.805714], [-122.193835, 37.805725], [-122.193687, 37.805724], [-122.193546, 37.805718], [-122.193436, 37.805694], [-122.193314, 37.805636], [-122.193203, 37.805568], [-122.192837, 37.805263], [-122.192711, 37.805205], [-122.192556, 37.805123], [-122.192806, 37.805514], [-122.192836, 37.80556], [-122.193268, 37.806104], [-122.19328, 37.806118], [-122.19308, 37.80609], [-122.19289, 37.806063], [-122.192194, 37.805243], [-122.191794, 37.804771], [-122.191735, 37.804693], [-122.191174, 37.804005], [-122.190501, 37.803178], [-122.190337, 37.803], [-122.190151, 37.802808], [-122.189693, 37.802376], [-122.189336, 37.802091], [-122.189189, 37.801974], [-122.188642, 37.801539], [-122.188201, 37.801202], [-122.188186, 37.80119], [-122.188108, 37.801125], [-122.18847, 37.80106]]], [[[-122.19945, 37.79858], [-122.199569, 37.798694], [-122.199505, 37.798858], [-122.199343, 37.799225], [-122.199339, 37.799236], [-122.199286, 37.799346], [-122.199244, 37.799408], [-122.199211, 37.799442], [-122.199044, 37.799562], [-122.198635, 37.799858], [-122.19945, 37.79858]]], [[[-122.19842, 37.800038], [-122.198397, 37.800064], [-122.198386, 37.800025], [-122.19842, 37.800038]]], [[[-122.19705, 37.79798], [-122.19745, 37.79853], [-122.1975, 37.79928], [-122.197532, 37.799359], [-122.197479, 37.799339], [-122.197411, 37.799168], [-122.197363, 37.798984], [-122.19734, 37.798931], [-122.197094, 37.798545], [-122.197029, 37.798461], [-122.196886, 37.798302], [-122.196831, 37.798223], [-122.196802, 37.798189], [-122.19705, 37.79798]]], [[[-122.19631, 37.79946], [-122.196323, 37.799192], [-122.196383, 37.799268], [-122.196414, 37.799357], [-122.196416, 37.799404], [-122.196405, 37.799447], [-122.196346, 37.799552], [-122.19631, 37.799592], [-122.19631, 37.79946]]], [[[-122.19531, 37.80084], [-122.195485, 37.800555], [-122.195393, 37.800777], [-122.195337, 37.800882], [-122.19531, 37.800915], [-122.19531, 37.80084]]], [[[-122.19427, 37.80176], [-122.19458, 37.8017], [-122.194742, 37.801558], [-122.194663, 37.80177], [-122.194642, 37.801795], [-122.194616, 37.801815], [-122.19454, 37.801838], [-122.194481, 37.801843], [-122.194414, 37.801839], [-122.194345, 37.801825], [-122.194265, 37.801803], [-122.194088, 37.801716], [-122.19427, 37.80176]]]]}}, {"type": "Feature", "properties": {"grade": "B", "cat": "Still Desirable", "city": "Oakland", "label": "B29"}, "geometry": {"type": "MultiPolygon", "coordinates": [[[[-122.19258, 37.80602], [-122.1923, 37.80587], [-122.19206, 37.80525], [-122.19135, 37.80493], [-122.1902, 37.80448], [-122.18954, 37.80405], [-122.18914, 37.80369], [-122.18899, 37.80333], [-122.18885, 37.80298], [-122.18854, 37.80264], [-122.18809, 37.80243], [-122.18752, 37.8023], [-122.18714, 37.80207], [-122.18695, 37.80177], [-122.18697, 37.80147], [-122.18731, 37.8013], [-122.18797, 37.80115], [-122.188108, 37.801125], [-122.188186, 37.80119], [-122.188201, 37.801202], [-122.188642, 37.801539], [-122.189189, 37.801974], [-122.189336, 37.802091], [-122.189693, 37.802376], [-122.190151, 37.802808], [-122.190337, 37.803], [-122.190501, 37.803178], [-122.191174, 37.804005], [-122.191735, 37.804693], [-122.191794, 37.804771], [-122.192194, 37.805243], [-122.19289, 37.806063], [-122.19258, 37.80602]]]]}}, {"type": "Feature", "properties": {"grade": "B", "cat": "Still Desirable", "city": "Oakland", "label": "B3"}, "geometry": {"type": "MultiPolygon", "coordinates": [[[[-122.29483, 37.88664], [-122.29587, 37.88647], [-122.29626, 37.88783], [-122.2929, 37.88863], [-122.29343, 37.8902], [-122.293261, 37.890212], [-122.293178, 37.889963], [-122.293128, 37.889812], [-122.292997, 37.889389], [-122.292951, 37.88924], [-122.292791, 37.888749], [-122.292593, 37.888123], [-122.292567, 37.888041], [-122.292473, 37.887775], [-122.29245, 37.887705], [-122.292304, 37.887224], [-122.29483, 37.88664]]]]}}, {"type": "Feature", "properties": {"grade": "B", "cat": "Still Desirable", "city": "Oakland", "label": "B3"}, "geometry": {"type": "MultiPolygon", "coordinates": [[[[-122.284755, 37.882391], [-122.284743, 37.88243], [-122.284872, 37.882471], [-122.284956, 37.88247], [-122.285482, 37.882466], [-122.285632, 37.882465], [-122.285746, 37.882469], [-122.286033, 37.88248], [-122.286048, 37.882442], [-122.286074, 37.882374], [-122.286092, 37.882326], [-122.28612, 37.88233], [-122.286172, 37.882338], [-122.28627, 37.882353], [-122.286329, 37.882362], [-122.286423, 37.882377], [-122.28664, 37.88241], [-122.286735, 37.882425], [-122.286788, 37.88243], [-122.287141, 37.882509], [-122.287225, 37.882532], [-122.287281, 37.882548], [-122.287576, 37.88263], [-122.2885, 37.882885], [-122.288567, 37.882905], [-122.28868, 37.882935], [-122.289371, 37.883127], [-122.289452, 37.883141], [-122.28907, 37.88427], [-122.28987, 37.88448], [-122.29023, 37.88535], [-122.29153, 37.88509], [-122.29219, 37.88725], [-122.292304, 37.887224], [-122.29245, 37.887705], [-122.292473, 37.887775], [-122.292567, 37.888041], [-122.292593, 37.888123], [-122.292791, 37.888749], [-122.292951, 37.88924], [-122.292997, 37.889389], [-122.293128, 37.889812], [-122.293178, 37.889963], [-122.293261, 37.890212], [-122.2863, 37.89069], [-122.28555, 37.89081], [-122.28466, 37.89076], [-122.28252, 37.89088], [-122.28166, 37.88844], [-122.2824, 37.88687], [-122.282374, 37.886395], [-122.282398, 37.886328], [-122.282411, 37.886293], [-122.282484, 37.886103], [-122.282545, 37.885946], [-122.282738, 37.885375], [-122.282701, 37.885236], [-122.282654, 37.88506], [-122.282624, 37.884981], [-122.282579, 37.884994], [-122.28243, 37.885024], [-122.282321, 37.88504], [-122.28237, 37.88431], [-122.2827, 37.8838], [-122.28303, 37.88342], [-122.28323, 37.88251], [-122.284055, 37.882446], [-122.284074, 37.882449], [-122.284248, 37.882448], [-122.284346, 37.882423], [-122.284755, 37.882391]]]]}}, {"type": "Feature", "properties": {"grade": "B", "cat": "Still Desirable", "city": "Oakland", "label": "B3"}, "geometry": {"type": "MultiPolygon", "coordinates": [[[[-122.28231, 37.88521], [-122.282321, 37.88504], [-122.28243, 37.885024], [-122.282579, 37.884994], [-122.282624, 37.884981], [-122.282654, 37.88506], [-122.282701, 37.885236], [-122.282738, 37.885375], [-122.282545, 37.885946], [-122.282484, 37.886103], [-122.282411, 37.886293], [-122.282398, 37.886328], [-122.282374, 37.886395], [-122.28231, 37.88521]]]]}}, {"type": "Feature", "properties": {"grade": "B", "cat": "Still Desirable", "city": "Oakland", "label": "B3"}, "geometry": {"type": "MultiPolygon", "coordinates": [[[[-122.2849, 37.88238], [-122.28561, 37.88223], [-122.2862, 37.88217], [-122.28684, 37.88224], [-122.28749, 37.88251], [-122.28808, 37.88249], [-122.28858, 37.88254], [-122.28954, 37.88288], [-122.289452, 37.883141], [-122.289371, 37.883127], [-122.28868, 37.882935], [-122.288567, 37.882905], [-122.2885, 37.882885], [-122.287576, 37.88263], [-122.287281, 37.882548], [-122.287225, 37.882532], [-122.287141, 37.882509], [-122.286788, 37.88243], [-122.286735, 37.882425], [-122.28664, 37.88241], [-122.286423, 37.882377], [-122.286329, 37.882362], [-122.28627, 37.882353], [-122.286172, 37.882338], [-122.28612, 37.88233], [-122.286092, 37.882326], [-122.286074, 37.882374], [-122.286048, 37.882442], [-122.286033, 37.88248], [-122.285746, 37.882469], [-122.285632, 37.882465], [-122.285482, 37.882466], [-122.284956, 37.88247], [-122.284872, 37.882471], [-122.284743, 37.88243], [-122.284755, 37.882391], [-122.2849, 37.88238]]], [[[-122.284346, 37.882423], [-122.284248, 37.882448], [-122.284074, 37.882449], [-122.284055, 37.882446], [-122.284346, 37.882423]]]]}}, {"type": "Feature", "properties": {"grade": "B", "cat": "Still Desirable", "city": "Oakland", "label": "B30"}, "geometry": {"type": "MultiPolygon", "coordinates": [[[[-122.19301, 37.79822], [-122.19253, 37.79864], [-122.1923, 37.79976], [-122.19208, 37.8002], [-122.19137, 37.80052], [-122.19063, 37.80074], [-122.18994, 37.80097], [-122.18892, 37.80097], [-122.18847, 37.80106], [-122.18795, 37.80078], [-122.1875, 37.80035], [-122.18721, 37.79975], [-122.18719, 37.79937], [-122.18728, 37.79899], [-122.18742, 37.79892], [-122.18662, 37.79883], [-122.1859, 37.79871], [-122.185945, 37.798621], [-122.186175, 37.798655], [-122.186309, 37.798659], [-122.186517, 37.798679], [-122.186618, 37.798691], [-122.186654, 37.798694], [-122.186763, 37.798706], [-122.1868, 37.798711], [-122.187007, 37.798732], [-122.187098, 37.798742], [-122.187626, 37.798814], [-122.187682, 37.798822], [-122.187834, 37.79883], [-122.187918, 37.798832], [-122.18817, 37.798839], [-122.188255, 37.798842], [-122.188343, 37.798845], [-122.18861, 37.798855], [-122.188699, 37.798859], [-122.188782, 37.798861], [-122.189033, 37.79887], [-122.189117, 37.798873], [-122.18929, 37.798878], [-122.189613, 37.798889], [-122.189811, 37.798898], [-122.189985, 37.798906], [-122.190835, 37.798934], [-122.191288, 37.79894], [-122.191523, 37.798922], [-122.191568, 37.798911], [-122.191707, 37.798882], [-122.191753, 37.798872], [-122.191889, 37.798819], [-122.1919, 37.798816], [-122.192074, 37.798736], [-122.192275, 37.798609], [-122.192319, 37.798582], [-122.192394, 37.798524], [-122.192443, 37.798491], [-122.192592, 37.798394], [-122.192642, 37.798362], [-122.192728, 37.798304], [-122.192836, 37.798234], [-122.192956, 37.798143], [-122.19301, 37.79822]]], [[[-122.19258, 37.79761], [-122.192587, 37.79762], [-122.192587, 37.79762], [-122.192472, 37.797505], [-122.192457, 37.797365], [-122.19247, 37.79707], [-122.19258, 37.79761]]]]}}, {"type": "Feature", "properties": {"grade": "B", "cat": "Still Desirable", "city": "Oakland", "label": "B30"}, "geometry": {"type": "MultiPolygon", "coordinates": [[[[-122.192956, 37.798143], [-122.192836, 37.798234], [-122.192728, 37.798304], [-122.192642, 37.798362], [-122.192592, 37.798394], [-122.192443, 37.798491], [-122.192394, 37.798524], [-122.192319, 37.798582], [-122.192275, 37.798609], [-122.192074, 37.798736], [-122.1919, 37.798816], [-122.191889, 37.798819], [-122.191753, 37.798872], [-122.191707, 37.798882], [-122.191568, 37.798911], [-122.191523, 37.798922], [-122.191288, 37.79894], [-122.190835, 37.798934], [-122.189985, 37.798906], [-122.189811, 37.798898], [-122.189613, 37.798889], [-122.18929, 37.798878], [-122.189117, 37.798873], [-122.189033, 37.79887], [-122.188782, 37.798861], [-122.188699, 37.798859], [-122.18861, 37.798855], [-122.188343, 37.798845], [-122.188255, 37.798842], [-122.18817, 37.798839], [-122.187918, 37.798832], [-122.187834, 37.79883], [-122.187682, 37.798822], [-122.187626, 37.798814], [-122.187098, 37.798742], [-122.187007, 37.798732], [-122.1868, 37.798711], [-122.186763, 37.798706], [-122.186654, 37.798694], [-122.186618, 37.798691], [-122.186517, 37.798679], [-122.186309, 37.798659], [-122.186175, 37.798655], [-122.185945, 37.798621], [-122.18612, 37.79828], [-122.18662, 37.79766], [-122.187, 37.7973], [-122.18776, 37.79689], [-122.18849, 37.79655], [-122.18975, 37.79618], [-122.19097, 37.79605], [-122.19165, 37.79616], [-122.1922, 37.79652], [-122.19246, 37.79702], [-122.19247, 37.79707], [-122.192457, 37.797365], [-122.192472, 37.797505], [-122.192587, 37.79762], [-122.192587, 37.79762], [-122.192956, 37.798143]]]]}}, {"type": "Feature", "properties": {"grade": "B", "cat": "Still Desirable", "city": "Oakland", "label": "B31"}, "geometry": {"type": "MultiPolygon", "coordinates": [[[[-122.1969, 37.77302], [-122.19805, 37.77311], [-122.19893, 37.77321], [-122.20043, 37.77336], [-122.20116, 37.77349], [-122.20134, 37.77516], [-122.20157, 37.77624], [-122.20229, 37.77742], [-122.2008, 37.77824], [-122.20175, 37.77925], [-122.20175, 37.77944], [-122.20089, 37.78], [-122.20184, 37.78073], [-122.20122, 37.78098], [-122.20033, 37.78145], [-122.19952, 37.78204], [-122.1989, 37.78258], [-122.19745, 37.78131], [-122.196845, 37.781641], [-122.196818, 37.781617], [-122.196644, 37.781465], [-122.196123, 37.78101], [-122.196028, 37.780927], [-122.195924, 37.780924], [-122.196232, 37.780711], [-122.196754, 37.780353], [-122.197149, 37.780063], [-122.197451, 37.779842], [-122.197593, 37.779743], [-122.198022, 37.779449], [-122.198165, 37.779351], [-122.198295, 37.779255], [-122.198688, 37.778968], [-122.198819, 37.778873], [-122.198954, 37.778775], [-122.199361, 37.778483], [-122.199497, 37.778386], [-122.199626, 37.778295], [-122.200014, 37.778026], [-122.200144, 37.777936], [-122.200338, 37.777795], [-122.200921, 37.777376], [-122.201116, 37.777237], [-122.201002, 37.777135], [-122.20066, 37.776832], [-122.200546, 37.776731], [-122.200427, 37.776625], [-122.20007, 37.776309], [-122.199951, 37.776204], [-122.199895, 37.776153], [-122.199729, 37.776], [-122.199674, 37.77595], [-122.199324, 37.775641], [-122.198727, 37.775116], [-122.198571, 37.774969], [-122.198124, 37.774574], [-122.196968, 37.773554], [-122.196391, 37.773044], [-122.1969, 37.77302]]]]}}, {"type": "Feature", "properties": {"grade": "B", "cat": "Still Desirable", "city": "Oakland", "label": "B31"}, "geometry": {"type": "MultiPolygon", "coordinates": [[[[-122.18916, 37.77286], [-122.18965, 37.77291], [-122.19027, 37.77285], [-122.1913, 37.77285], [-122.19232, 37.7729], [-122.19362, 37.773], [-122.19521, 37.77305], [-122.19604, 37.77306], [-122.196391, 37.773044], [-122.196968, 37.773554], [-122.198124, 37.774574], [-122.198571, 37.774969], [-122.198727, 37.775116], [-122.199324, 37.775641], [-122.199674, 37.77595], [-122.199729, 37.776], [-122.199895, 37.776153], [-122.199951, 37.776204], [-122.20007, 37.776309], [-122.200427, 37.776625], [-122.200546, 37.776731], [-122.20066, 37.776832], [-122.201002, 37.777135], [-122.201116, 37.777237], [-122.200921, 37.777376], [-122.200338, 37.777795], [-122.200144, 37.777936], [-122.200014, 37.778026], [-122.199626, 37.778295], [-122.199497, 37.778386], [-122.199361, 37.778483], [-122.198954, 37.778775], [-122.198819, 37.778873], [-122.198688, 37.778968], [-122.198295, 37.779255], [-122.198165, 37.779351], [-122.198022, 37.779449], [-122.197593, 37.779743], [-122.197451, 37.779842], [-122.197149, 37.780063], [-122.196754, 37.780353], [-122.196232, 37.780711], [-122.195924, 37.780924], [-122.195449, 37.78126], [-122.194026, 37.78227], [-122.193629, 37.782553], [-122.193537, 37.782575], [-122.193528, 37.782537], [-122.193494, 37.782473], [-122.193479, 37.782456], [-122.193459, 37.782433], [-122.19318, 37.782186], [-122.193171, 37.782178], [-122.193113, 37.782072], [-122.193081, 37.782024], [-122.19301, 37.781959], [-122.192673, 37.781647], [-122.192561, 37.781543], [-122.192451, 37.781446], [-122.192124, 37.781158], [-122.192015, 37.781062], [-122.191894, 37.781], [-122.191765, 37.780941], [-122.191721, 37.780907], [-122.191675, 37.780866], [-122.190788, 37.780082], [-122.190493, 37.779821], [-122.190367, 37.779709], [-122.18999, 37.779373], [-122.189865, 37.779262], [-122.189763, 37.779171], [-122.189459, 37.778901], [-122.189358, 37.778811], [-122.188809, 37.77834], [-122.188298, 37.777873], [-122.188214, 37.777797], [-122.188017, 37.777613], [-122.187714, 37.77734], [-122.187164, 37.776774], [-122.186601, 37.776302], [-122.185973, 37.775802], [-122.185435, 37.775472], [-122.185408, 37.775455], [-122.18551, 37.77531], [-122.185572, 37.775236], [-122.186196, 37.774669], [-122.186417, 37.774469], [-122.187268, 37.773783], [-122.187414, 37.773669], [-122.187852, 37.77333], [-122.187999, 37.773217], [-122.188071, 37.773165], [-122.188287, 37.77301], [-122.18836, 37.772959], [-122.188432, 37.772908], [-122.188615, 37.772779], [-122.18916, 37.77286]]]]}}, {"type": "Feature", "properties": {"grade": "B", "cat": "Still Desirable", "city": "Oakland", "label": "B31"}, "geometry": {"type": "MultiPolygon", "coordinates": [[[[-122.19599, 37.78211], [-122.19522, 37.78277], [-122.19501, 37.78331], [-122.19513, 37.78364], [-122.19545, 37.78411], [-122.19611, 37.78462], [-122.19551, 37.78514], [-122.19489, 37.7854], [-122.19427, 37.78549], [-122.19362, 37.78549], [-122.19326, 37.78538], [-122.193, 37.78524], [-122.19275, 37.7849], [-122.19242, 37.78456], [-122.19216, 37.78438], [-122.19152, 37.78417], [-122.19116, 37.78398], [-122.19087, 37.78374], [-122.19079, 37.7835], [-122.19038, 37.78331], [-122.18965, 37.78304], [-122.18857, 37.78277], [-122.18862, 37.78235], [-122.18852, 37.78159], [-122.18821, 37.78091], [-122.18797, 37.78051], [-122.18744, 37.78029], [-122.18677, 37.78015], [-122.18672, 37.77958], [-122.18662, 37.77922], [-122.18655, 37.77889], [-122.18659, 37.77874], [-122.18678, 37.77855], [-122.1871, 37.77832], [-122.18772, 37.77797], [-122.18778, 37.77789], [-122.18768, 37.77766], [-122.18719, 37.77712], [-122.1867, 37.77652], [-122.18632, 37.77613], [-122.18596, 37.77581], [-122.18532, 37.77558], [-122.185408, 37.775455], [-122.185435, 37.775472], [-122.185973, 37.775802], [-122.186601, 37.776302], [-122.187164, 37.776774], [-122.187714, 37.77734], [-122.188017, 37.777613], [-122.188214, 37.777797], [-122.188298, 37.777873], [-122.188809, 37.77834], [-122.189358, 37.778811], [-122.189459, 37.778901], [-122.189763, 37.779171], [-122.189865, 37.779262], [-122.18999, 37.779373], [-122.190367, 37.779709], [-122.190493, 37.779821], [-122.190788, 37.780082], [-122.191675, 37.780866], [-122.191721, 37.780907], [-122.191765, 37.780941], [-122.191894, 37.781], [-122.192015, 37.781062], [-122.192124, 37.781158], [-122.192451, 37.781446], [-122.192561, 37.781543], [-122.192673, 37.781647], [-122.19301, 37.781959], [-122.193081, 37.782024], [-122.193113, 37.782072], [-122.193171, 37.782178], [-122.19318, 37.782186], [-122.193459, 37.782433], [-122.193479, 37.782456], [-122.193494, 37.782473], [-122.193528, 37.782537], [-122.193537, 37.782575], [-122.193629, 37.782553], [-122.194026, 37.78227], [-122.195449, 37.78126], [-122.195924, 37.780924], [-122.196028, 37.780927], [-122.196123, 37.78101], [-122.196644, 37.781465], [-122.196818, 37.781617], [-122.196845, 37.781641], [-122.19599, 37.78211]]]]}}, {"type": "Feature", "properties": {"grade": "B", "cat": "Still Desirable", "city": "Oakland", "label": "B31"}, "geometry": {"type": "MultiPolygon", "coordinates": [[[[-122.1861, 37.7746], [-122.18719, 37.77368], [-122.18842, 37.77275], [-122.188615, 37.772779], [-122.188432, 37.772908], [-122.18836, 37.772959], [-122.188287, 37.77301], [-122.188071, 37.773165], [-122.187999, 37.773217], [-122.187852, 37.77333], [-122.187414, 37.773669], [-122.187268, 37.773783], [-122.186417, 37.774469], [-122.186196, 37.774669], [-122.185572, 37.775236], [-122.1861, 37.7746]]]]}}, {"type": "Feature", "properties": {"grade": "B", "cat": "Still Desirable", "city": "Oakland", "label": "B32"}, "geometry": {"type": "MultiPolygon", "coordinates": [[[[-122.18551, 37.77531], [-122.185408, 37.775455], [-122.185397, 37.775449], [-122.185365, 37.775425], [-122.185534, 37.77527], [-122.185572, 37.775236], [-122.18551, 37.77531]]]]}}, {"type": "Feature", "properties": {"grade": "B", "cat": "Still Desirable", "city": "Oakland", "label": "B32"}, "geometry": {"type": "MultiPolygon", "coordinates": [[[[-122.18532, 37.77558], [-122.1849, 37.77619], [-122.18419, 37.77685], [-122.18371, 37.77732], [-122.18294, 37.77782], [-122.18216, 37.77814], [-122.182, 37.77835], [-122.18168, 37.77878], [-122.18132, 37.77927], [-122.18102, 37.77971], [-122.18072, 37.77993], [-122.18043, 37.77964], [-122.180543, 37.779584], [-122.180622, 37.779524], [-122.180792, 37.77936], [-122.180824, 37.77932], [-122.180883, 37.77925], [-122.181348, 37.778639], [-122.181534, 37.778403], [-122.181704, 37.77819], [-122.181787, 37.778112], [-122.181936, 37.777966], [-122.182042, 37.777864], [-122.182402, 37.777549], [-122.182559, 37.777412], [-122.182684, 37.777316], [-122.183059, 37.777029], [-122.183185, 37.776934], [-122.183629, 37.776663], [-122.183845, 37.77654], [-122.183919, 37.776509], [-122.184009, 37.776485], [-122.184198, 37.776426], [-122.184436, 37.776295], [-122.185069, 37.775653], [-122.185312, 37.77547], [-122.185365, 37.775425], [-122.185397, 37.775449], [-122.185408, 37.775455], [-122.18532, 37.77558]]]]}}, {"type": "Feature", "properties": {"grade": "B", "cat": "Still Desirable", "city": "Oakland", "label": "B32"}, "geometry": {"type": "MultiPolygon", "coordinates": [[[[-122.17979, 37.779], [-122.17919, 37.77938], [-122.17763, 37.77799], [-122.17835, 37.77765], [-122.17791, 37.77727], [-122.17864, 37.77682], [-122.17803, 37.77619], [-122.17776, 37.77578], [-122.1771, 37.77517], [-122.1757, 37.77393], [-122.17448, 37.77272], [-122.17512, 37.77237], [-122.17589, 37.77305], [-122.17621, 37.77337], [-122.17964, 37.7749], [-122.180382, 37.774401], [-122.180664, 37.774576], [-122.181167, 37.774877], [-122.181371, 37.774979], [-122.182324, 37.775513], [-122.183126, 37.775967], [-122.184009, 37.776485], [-122.183919, 37.776509], [-122.183845, 37.77654], [-122.183629, 37.776663], [-122.183185, 37.776934], [-122.183059, 37.777029], [-122.182684, 37.777316], [-122.182559, 37.777412], [-122.182402, 37.777549], [-122.182042, 37.777864], [-122.181936, 37.777966], [-122.181787, 37.778112], [-122.181704, 37.77819], [-122.181534, 37.778403], [-122.181348, 37.778639], [-122.180883, 37.77925], [-122.180824, 37.77932], [-122.180792, 37.77936], [-122.180622, 37.779524], [-122.180543, 37.779584], [-122.18043, 37.77964], [-122.17979, 37.779]]]]}}, {"type": "Feature", "properties": {"grade": "B", "cat": "Still Desirable", "city": "Oakland", "label": "B32"}, "geometry": {"type": "MultiPolygon", "coordinates": [[[[-122.18391, 37.77203], [-122.1844, 37.77239], [-122.18488, 37.77199], [-122.18551, 37.77201], [-122.1861, 37.7722], [-122.18711, 37.77244], [-122.18781, 37.77257], [-122.18842, 37.77275], [-122.18719, 37.77368], [-122.1861, 37.7746], [-122.185572, 37.775236], [-122.185534, 37.77527], [-122.185365, 37.775425], [-122.185312, 37.77547], [-122.185069, 37.775653], [-122.184436, 37.776295], [-122.184198, 37.776426], [-122.184009, 37.776485], [-122.183126, 37.775967], [-122.182324, 37.775513], [-122.181371, 37.774979], [-122.181167, 37.774877], [-122.180664, 37.774576], [-122.180382, 37.774401], [-122.18391, 37.77203]]]]}}, {"type": "Feature", "properties": {"grade": "B", "cat": "Still Desirable", "city": "Oakland", "label": "B33"}, "geometry": {"type": "MultiPolygon", "coordinates": [[[[-122.17236, 37.76993], [-122.17257, 37.77007], [-122.17219, 37.77046], [-122.17254, 37.77072], [-122.1736, 37.77115], [-122.17429, 37.77157], [-122.17482, 37.77201], [-122.17512, 37.77237], [-122.17448, 37.77272], [-122.17368, 37.77347], [-122.17363, 37.77317], [-122.17359, 37.77282], [-122.17351, 37.7726], [-122.17325, 37.77238], [-122.17276, 37.77217], [-122.17237, 37.77204], [-122.17189, 37.77189], [-122.17144, 37.77173], [-122.17082, 37.77135], [-122.17032, 37.77094], [-122.16941, 37.77175], [-122.169243, 37.772035], [-122.169597, 37.771358], [-122.169739, 37.77109], [-122.169782, 37.77102], [-122.169872, 37.770879], [-122.169919, 37.770818], [-122.16997, 37.770754], [-122.170045, 37.770678], [-122.170924, 37.769893], [-122.171021, 37.769806], [-122.171262, 37.769609], [-122.171419, 37.769502], [-122.171575, 37.769406], [-122.17236, 37.76993]]]]}}, {"type": "Feature", "properties": {"grade": "B", "cat": "Still Desirable", "city": "Oakland", "label": "B33"}, "geometry": {"type": "MultiPolygon", "coordinates": [[[[-122.16894, 37.77255], [-122.1688, 37.77246], [-122.16864, 37.77228], [-122.16844, 37.772], [-122.16831, 37.77175], [-122.16812, 37.77135], [-122.16786, 37.77119], [-122.16741, 37.77107], [-122.16698, 37.77094], [-122.16661, 37.77067], [-122.16652, 37.77039], [-122.16655, 37.77018], [-122.16678, 37.76991], [-122.16707, 37.76976], [-122.16731, 37.76962], [-122.16779, 37.76942], [-122.16828, 37.76894], [-122.16923, 37.76784], [-122.171575, 37.769406], [-122.171419, 37.769502], [-122.171262, 37.769609], [-122.171021, 37.769806], [-122.170924, 37.769893], [-122.170045, 37.770678], [-122.16997, 37.770754], [-122.169919, 37.770818], [-122.169872, 37.770879], [-122.169782, 37.77102], [-122.169739, 37.77109], [-122.169597, 37.771358], [-122.169243, 37.772035], [-122.16894, 37.77255]]]]}}, {"type": "Feature", "properties": {"grade": "B", "cat": "Still Desirable", "city": "Oakland", "label": "B34"}, "geometry": {"type": "MultiPolygon", "coordinates": [[[[-122.18136, 37.76947], [-122.18057, 37.76917], [-122.18004, 37.76872], [-122.17927, 37.76812], [-122.17948, 37.76792], [-122.18259, 37.76613], [-122.18912, 37.76187], [-122.1904, 37.76311], [-122.18988, 37.76402], [-122.189887, 37.764027], [-122.189437, 37.76443], [-122.189343, 37.764516], [-122.18905, 37.764701], [-122.189024, 37.764717], [-122.187854, 37.765458], [-122.187323, 37.765796], [-122.186738, 37.766172], [-122.184984, 37.767303], [-122.1844, 37.76768], [-122.182925, 37.768622], [-122.182181, 37.769097], [-122.182051, 37.769184], [-122.182006, 37.769222], [-122.18196, 37.769278], [-122.181922, 37.769334], [-122.181876, 37.769456], [-122.181869, 37.769521], [-122.18187, 37.769537], [-122.18136, 37.76947]]]]}}, {"type": "Feature", "properties": {"grade": "B", "cat": "Still Desirable", "city": "Oakland", "label": "B34"}, "geometry": {"type": "MultiPolygon", "coordinates": [[[[-122.19152, 37.76579], [-122.18513, 37.76986], [-122.18296, 37.76966], [-122.18242, 37.76961], [-122.18187, 37.769537], [-122.181869, 37.769521], [-122.181876, 37.769456], [-122.181922, 37.769334], [-122.18196, 37.769278], [-122.182006, 37.769222], [-122.182051, 37.769184], [-122.182181, 37.769097], [-122.182925, 37.768622], [-122.1844, 37.76768], [-122.184984, 37.767303], [-122.186738, 37.766172], [-122.187323, 37.765796], [-122.187854, 37.765458], [-122.189024, 37.764717], [-122.18905, 37.764701], [-122.189343, 37.764516], [-122.189437, 37.76443], [-122.189887, 37.764027], [-122.19152, 37.76579]]]]}}, {"type": "Feature", "properties": {"grade": "B", "cat": "Still Desirable", "city": "Oakland", "label": "B35"}, "geometry": {"type": "MultiPolygon", "coordinates": [[[[-122.17896, 37.7587], [-122.17946, 37.75889], [-122.18083, 37.76015], [-122.18252, 37.76193], [-122.1818, 37.76242], [-122.1813, 37.76277], [-122.17903, 37.76036], [-122.17797, 37.76108], [-122.17695, 37.76127], [-122.17568, 37.76012], [-122.17676, 37.75972], [-122.17896, 37.7587]]]]}}, {"type": "Feature", "properties": {"grade": "B", "cat": "Still Desirable", "city": "Oakland", "label": "B36"}, "geometry": {"type": "MultiPolygon", "coordinates": [[[[-122.17237, 37.76208], [-122.17279, 37.76253], [-122.17139, 37.76328], [-122.16962, 37.76445], [-122.16745, 37.76537], [-122.16604, 37.76353], [-122.16587, 37.76313], [-122.16627, 37.76292], [-122.16642, 37.76274], [-122.166085, 37.762139], [-122.16619, 37.76209], [-122.166332, 37.762021], [-122.16676, 37.761818], [-122.166903, 37.761751], [-122.167047, 37.761682], [-122.16748, 37.761479], [-122.167625, 37.761411], [-122.167692, 37.761379], [-122.16771, 37.76141], [-122.17054, 37.76014], [-122.170628, 37.760101], [-122.170819, 37.76035], [-122.171136, 37.760692], [-122.171291, 37.76083], [-122.171537, 37.761049], [-122.171764, 37.761239], [-122.171924, 37.761374], [-122.172076, 37.76151], [-122.172283, 37.761695], [-122.17236, 37.761765], [-122.172533, 37.76192], [-122.172559, 37.761944], [-122.172582, 37.761966], [-122.17237, 37.76208]]]]}}, {"type": "Feature", "properties": {"grade": "B", "cat": "Still Desirable", "city": "Oakland", "label": "B36"}, "geometry": {"type": "MultiPolygon", "coordinates": [[[[-122.1722, 37.7594], [-122.17376, 37.76133], [-122.172582, 37.761966], [-122.172559, 37.761944], [-122.172533, 37.76192], [-122.17236, 37.761765], [-122.172283, 37.761695], [-122.172076, 37.76151], [-122.171924, 37.761374], [-122.171764, 37.761239], [-122.171537, 37.761049], [-122.171291, 37.76083], [-122.171136, 37.760692], [-122.170819, 37.76035], [-122.170628, 37.760101], [-122.1722, 37.7594]]]]}}, {"type": "Feature", "properties": {"grade": "B", "cat": "Still Desirable", "city": "Oakland", "label": "B36"}, "geometry": {"type": "MultiPolygon", "coordinates": [[[[-122.16589, 37.76179], [-122.16551, 37.76181], [-122.16532, 37.76174], [-122.16496, 37.76132], [-122.1645, 37.76054], [-122.1642, 37.75984], [-122.1648, 37.75979], [-122.16577, 37.75982], [-122.16657, 37.76008], [-122.16716, 37.76045], [-122.16745, 37.76096], [-122.167692, 37.761379], [-122.167625, 37.761411], [-122.16748, 37.761479], [-122.167047, 37.761682], [-122.166903, 37.761751], [-122.16676, 37.761818], [-122.166332, 37.762021], [-122.16619, 37.76209], [-122.166085, 37.762139], [-122.16589, 37.76179]]]]}}, {"type": "Feature", "properties": {"grade": "B", "cat": "Still Desirable", "city": "Oakland", "label": "B37"}, "geometry": {"type": "MultiPolygon", "coordinates": [[[[-122.16478, 37.76283], [-122.16381, 37.76333], [-122.16391, 37.76355], [-122.16419, 37.76409], [-122.16473, 37.76496], [-122.16421, 37.76512], [-122.16385, 37.76518], [-122.16326, 37.76515], [-122.16265, 37.7651], [-122.16232, 37.76525], [-122.16217, 37.76538], [-122.1619, 37.76547], [-122.16145, 37.76543], [-122.16113, 37.7655], [-122.16097, 37.76564], [-122.16073, 37.76588], [-122.1606, 37.76602], [-122.16037, 37.76617], [-122.16003, 37.7662], [-122.15975, 37.76618], [-122.15948, 37.76611], [-122.15916, 37.76604], [-122.15872, 37.76599], [-122.158548, 37.765995], [-122.158548, 37.765995], [-122.158551, 37.765936], [-122.158575, 37.76588], [-122.15861, 37.76584], [-122.158621, 37.765829], [-122.158732, 37.765746], [-122.159057, 37.765578], [-122.159212, 37.765499], [-122.159449, 37.765654], [-122.159487, 37.765676], [-122.159851, 37.765889], [-122.159939, 37.765915], [-122.159986, 37.76592], [-122.160098, 37.765925], [-122.16028, 37.765901], [-122.160402, 37.765875], [-122.160425, 37.765871], [-122.160566, 37.765831], [-122.160714, 37.765776], [-122.160814, 37.765707], [-122.161118, 37.765501], [-122.161219, 37.765433], [-122.161172, 37.765299], [-122.161159, 37.765274], [-122.160926, 37.764821], [-122.160905, 37.764781], [-122.160831, 37.764682], [-122.16094, 37.764629], [-122.161271, 37.76447], [-122.161381, 37.764418], [-122.162533, 37.763865], [-122.163448, 37.763418], [-122.16356, 37.763372], [-122.164202, 37.763043], [-122.164256, 37.76305], [-122.164356, 37.762999], [-122.164763, 37.762796], [-122.16478, 37.76283]]]]}}, {"type": "Feature", "properties": {"grade": "B", "cat": "Still Desirable", "city": "Oakland", "label": "B37"}, "geometry": {"type": "MultiPolygon", "coordinates": [[[[-122.1639, 37.76128], [-122.16431, 37.76175], [-122.164442, 37.762139], [-122.164403, 37.762096], [-122.164301, 37.761981], [-122.163997, 37.761638], [-122.163896, 37.761524], [-122.163802, 37.761416], [-122.163738, 37.761343], [-122.1639, 37.76128]]]]}}, {"type": "Feature", "properties": {"grade": "B", "cat": "Still Desirable", "city": "Oakland", "label": "B37"}, "geometry": {"type": "MultiPolygon", "coordinates": [[[[-122.15839, 37.766], [-122.15787, 37.76555], [-122.15771, 37.76522], [-122.15763, 37.76478], [-122.15768, 37.76419], [-122.15783, 37.76366], [-122.15812, 37.76319], [-122.1585, 37.76275], [-122.15887, 37.76252], [-122.15954, 37.76215], [-122.16009, 37.76196], [-122.16043, 37.76186], [-122.16089, 37.76187], [-122.16118, 37.76196], [-122.16165, 37.76196], [-122.16233, 37.76181], [-122.1631, 37.76159], [-122.163738, 37.761343], [-122.163802, 37.761416], [-122.163896, 37.761524], [-122.163997, 37.761638], [-122.164301, 37.761981], [-122.164403, 37.762096], [-122.164442, 37.762139], [-122.16447, 37.76222], [-122.164763, 37.762796], [-122.164356, 37.762999], [-122.164256, 37.76305], [-122.164202, 37.763043], [-122.16356, 37.763372], [-122.163448, 37.763418], [-122.162533, 37.763865], [-122.161381, 37.764418], [-122.161271, 37.76447], [-122.16094, 37.764629], [-122.160831, 37.764682], [-122.160905, 37.764781], [-122.160926, 37.764821], [-122.161159, 37.765274], [-122.161172, 37.765299], [-122.161219, 37.765433], [-122.161118, 37.765501], [-122.160814, 37.765707], [-122.160714, 37.765776], [-122.160566, 37.765831], [-122.160425, 37.765871], [-122.160402, 37.765875], [-122.16028, 37.765901], [-122.160098, 37.765925], [-122.159986, 37.76592], [-122.159939, 37.765915], [-122.159851, 37.765889], [-122.159487, 37.765676], [-122.159449, 37.765654], [-122.159212, 37.765499], [-122.159057, 37.765578], [-122.158732, 37.765746], [-122.158621, 37.765829], [-122.15861, 37.76584], [-122.158575, 37.76588], [-122.158551, 37.765936], [-122.158548, 37.765995], [-122.158548, 37.765995], [-122.15839, 37.766]]]]}}, {"type": "Feature", "properties": {"grade": "B", "cat": "Still Desirable", "city": "Oakland", "label": "B38"}, "geometry": {"type": "MultiPolygon", "coordinates": [[[[-122.15432, 37.75168], [-122.1561, 37.753], [-122.15638, 37.75343], [-122.15641, 37.75386], [-122.15743, 37.7539], [-122.15743, 37.75427], [-122.1576, 37.75454], [-122.15624, 37.75583], [-122.15658, 37.7562], [-122.15582, 37.75747], [-122.15543, 37.7581], [-122.15484, 37.75827], [-122.15428, 37.75865], [-122.15399, 37.75874], [-122.15367, 37.75874], [-122.15345, 37.75868], [-122.15328, 37.75858], [-122.15312, 37.7585], [-122.15281, 37.75853], [-122.15254, 37.75867], [-122.15211, 37.75882], [-122.15185, 37.75883], [-122.15164, 37.75877], [-122.15155, 37.75874], [-122.15117, 37.7589], [-122.15087, 37.75913], [-122.1505, 37.75944], [-122.15027, 37.75971], [-122.15004, 37.75973], [-122.14932, 37.75936], [-122.14924, 37.76034], [-122.14902, 37.76036], [-122.14867, 37.76029], [-122.14832, 37.76043], [-122.14816, 37.760528], [-122.148141, 37.760488], [-122.148089, 37.760381], [-122.148007, 37.760176], [-122.148001, 37.760158], [-122.147935, 37.759954], [-122.147913, 37.759877], [-122.147877, 37.759753], [-122.147838, 37.759591], [-122.147806, 37.759422], [-122.147759, 37.759115], [-122.147743, 37.758946], [-122.147737, 37.758759], [-122.147737, 37.75856], [-122.147761, 37.758187], [-122.147773, 37.758076], [-122.147801, 37.757925], [-122.147831, 37.757801], [-122.14787, 37.757647], [-122.147913, 37.757533], [-122.147975, 37.757368], [-122.14808, 37.757116], [-122.148141, 37.756988], [-122.148197, 37.756886], [-122.148211, 37.75686], [-122.148245, 37.756802], [-122.148295, 37.75674], [-122.148359, 37.756632], [-122.148432, 37.756542], [-122.148525, 37.756414], [-122.148644, 37.756264], [-122.149013, 37.755854], [-122.149033, 37.755835], [-122.149207, 37.755667], [-122.149443, 37.755454], [-122.149649, 37.755269], [-122.150117, 37.754852], [-122.150163, 37.754811], [-122.150171, 37.754803], [-122.150206, 37.754771], [-122.150337, 37.754654], [-122.150381, 37.754616], [-122.15052, 37.754484], [-122.150562, 37.754434], [-122.150605, 37.754386], [-122.150701, 37.754297], [-122.150758, 37.754245], [-122.150785, 37.754215], [-122.15081, 37.754184], [-122.150829, 37.754166], [-122.150846, 37.754148], [-122.151022, 37.753904], [-122.151058, 37.753849], [-122.151146, 37.753718], [-122.151206, 37.75364], [-122.151398, 37.753714], [-122.151412, 37.75372], [-122.151874, 37.753969], [-122.151937, 37.754017], [-122.151969, 37.754042], [-122.152102, 37.754142], [-122.152185, 37.75409], [-122.152244, 37.754055], [-122.152439, 37.753941], [-122.152524, 37.753892], [-122.152604, 37.753821], [-122.152661, 37.753772], [-122.152735, 37.753693], [-122.152815, 37.75358], [-122.152878, 37.753494], [-122.152989, 37.75332], [-122.15307, 37.753196], [-122.153205, 37.752964], [-122.15331, 37.752793], [-122.153418, 37.752618], [-122.153443, 37.752576], [-122.153521, 37.752451], [-122.153547, 37.75241], [-122.153667, 37.752208], [-122.153687, 37.752175], [-122.153786, 37.752022], [-122.153835, 37.751964], [-122.15391, 37.751886], [-122.154033, 37.75179], [-122.154161, 37.751724], [-122.154164, 37.751722], [-122.15432, 37.75168]]]]}}, {"type": "Feature", "properties": {"grade": "B", "cat": "Still Desirable", "city": "Oakland", "label": "B38"}, "geometry": {"type": "MultiPolygon", "coordinates": [[[[-122.14796, 37.76065], [-122.14755, 37.76073], [-122.14729, 37.76072], [-122.14718, 37.76061], [-122.14698, 37.76049], [-122.14654, 37.7605], [-122.14621, 37.76066], [-122.14582, 37.76077], [-122.14555, 37.76077], [-122.14547, 37.76098], [-122.14548, 37.76133], [-122.14557, 37.76167], [-122.14578, 37.76225], [-122.14608, 37.76292], [-122.14609, 37.7633], [-122.14564, 37.76356], [-122.14595, 37.76426], [-122.14619, 37.76478], [-122.14619, 37.76512], [-122.14557, 37.76553], [-122.14516, 37.7658], [-122.14434, 37.76632], [-122.14354, 37.76672], [-122.14304, 37.76697], [-122.14226, 37.76734], [-122.14158, 37.76773], [-122.14083, 37.76818], [-122.13969, 37.76898], [-122.13873, 37.7692], [-122.13777, 37.76944], [-122.13668, 37.76956], [-122.13567, 37.76968], [-122.13456, 37.76989], [-122.1334, 37.77007], [-122.13235, 37.77025], [-122.1321, 37.77028], [-122.13183, 37.77014], [-122.13141, 37.76989], [-122.13107, 37.76962], [-122.13075, 37.7693], [-122.13044, 37.76893], [-122.12993, 37.76839], [-122.12947, 37.76784], [-122.12902, 37.76722], [-122.12864, 37.76678], [-122.12829, 37.76624], [-122.12834, 37.76597], [-122.12861, 37.7657], [-122.12914, 37.76544], [-122.12939, 37.76535], [-122.12973, 37.76535], [-122.13041, 37.76528], [-122.13092, 37.76514], [-122.13192, 37.76499], [-122.13258, 37.765], [-122.1345, 37.76499], [-122.13522, 37.76497], [-122.13533, 37.76487], [-122.13555, 37.76477], [-122.13597, 37.7647], [-122.13686, 37.76455], [-122.13723, 37.76442], [-122.13759, 37.76442], [-122.13781, 37.76429], [-122.13805, 37.76397], [-122.13818, 37.76354], [-122.13831, 37.76314], [-122.13829, 37.76276], [-122.1385, 37.7627], [-122.13862, 37.76252], [-122.13912, 37.76251], [-122.1402, 37.76234], [-122.14046, 37.76228], [-122.14175, 37.76215], [-122.14234, 37.76206], [-122.14284, 37.76192], [-122.14324, 37.76166], [-122.14349, 37.7614], [-122.14374, 37.76099], [-122.14397, 37.76064], [-122.14415, 37.76025], [-122.14423, 37.76001], [-122.14421, 37.75983], [-122.14396, 37.75928], [-122.14386, 37.75914], [-122.14333, 37.75916], [-122.14271, 37.7592], [-122.14159, 37.75932], [-122.14123, 37.75945], [-122.1408, 37.75983], [-122.14024, 37.7602], [-122.13953, 37.76063], [-122.13939, 37.76078], [-122.13879, 37.76082], [-122.13776, 37.76089], [-122.13699, 37.76092], [-122.13667, 37.76108], [-122.13585, 37.76119], [-122.13567, 37.76126], [-122.13501, 37.76129], [-122.1348, 37.76139], [-122.13458, 37.76139], [-122.13368, 37.76195], [-122.13341, 37.7622], [-122.13193, 37.76249], [-122.1317, 37.76239], [-122.1317, 37.76228], [-122.13159, 37.76206], [-122.13116, 37.76142], [-122.13073, 37.76089], [-122.13046, 37.76047], [-122.13029, 37.76009], [-122.13019, 37.75985], [-122.13013, 37.75956], [-122.13011, 37.75926], [-122.13022, 37.75891], [-122.13043, 37.75864], [-122.13068, 37.75846], [-122.1311, 37.758], [-122.13149, 37.75748], [-122.13182, 37.75694], [-122.13207, 37.75657], [-122.132089, 37.75655], [-122.132723, 37.756583], [-122.132776, 37.756584], [-122.133055, 37.75659], [-122.133153, 37.756611], [-122.133277, 37.756661], [-122.134178, 37.757067], [-122.134335, 37.757138], [-122.134615, 37.757248], [-122.134797, 37.757315], [-122.134867, 37.757338], [-122.135091, 37.757411], [-122.13546, 37.757507], [-122.135632, 37.757544], [-122.135933, 37.757587], [-122.136148, 37.757606], [-122.136723, 37.757629], [-122.13706, 37.757634], [-122.137453, 37.757641], [-122.137553, 37.75765], [-122.137656, 37.757676], [-122.137788, 37.757731], [-122.138002, 37.757847], [-122.138155, 37.757918], [-122.138234, 37.757948], [-122.138324, 37.757965], [-122.138385, 37.75797], [-122.138457, 37.757961], [-122.138522, 37.757941], [-122.138593, 37.757913], [-122.138896, 37.757768], [-122.138993, 37.757728], [-122.139249, 37.757654], [-122.139359, 37.757605], [-122.139718, 37.757351], [-122.13979, 37.757308], [-122.139892, 37.75726], [-122.139984, 37.757226], [-122.140094, 37.757216], [-122.140196, 37.757215], [-122.140301, 37.757224], [-122.140399, 37.757242], [-122.140468, 37.757264], [-122.140509, 37.75728], [-122.140592, 37.757314], [-122.140662, 37.757355], [-122.140855, 37.75746], [-122.140944, 37.757495], [-122.141053, 37.757511], [-122.141208, 37.757525], [-122.141263, 37.757531], [-122.141613, 37.757518], [-122.141674, 37.757506], [-122.141828, 37.757477], [-122.14209, 37.757417], [-122.142799, 37.757258], [-122.142877, 37.757241], [-122.143141, 37.757186], [-122.143181, 37.757177], [-122.143347, 37.757141], [-122.143454, 37.757108], [-122.143614, 37.757048], [-122.143728, 37.756997], [-122.143877, 37.756916], [-122.143988, 37.756857], [-122.14429, 37.756683], [-122.144474, 37.756558], [-122.144664, 37.756393], [-122.144747, 37.75636], [-122.145137, 37.756248], [-122.14526, 37.75619], [-122.145356, 37.756125], [-122.145403, 37.756087], [-122.145471, 37.756002], [-122.14552, 37.755901], [-122.145588, 37.755787], [-122.145651, 37.755702], [-122.145718, 37.755637], [-122.145763, 37.755604], [-122.145881, 37.755523], [-122.146056, 37.755414], [-122.146447, 37.755214], [-122.146586, 37.755138], [-122.147006, 37.754913], [-122.147146, 37.754838], [-122.147454, 37.754679], [-122.147499, 37.754656], [-122.148216, 37.754305], [-122.148334, 37.754254], [-122.148393, 37.754232], [-122.148443, 37.754214], [-122.148501, 37.754201], [-122.148596, 37.754195], [-122.148665, 37.754203], [-122.148732, 37.754183], [-122.148788, 37.754181], [-122.148849, 37.754168], [-122.148902, 37.754143], [-122.148961, 37.754106], [-122.149017, 37.754047], [-122.149025, 37.754032], [-122.149034, 37.754018], [-122.14917, 37.753729], [-122.149221, 37.753609], [-122.149253, 37.753567], [-122.149301, 37.753536], [-122.149356, 37.75352], [-122.149746, 37.753437], [-122.150083, 37.753366], [-122.150142, 37.753354], [-122.150206, 37.753342], [-122.150274, 37.753342], [-122.150306, 37.753345], [-122.150322, 37.753346], [-122.150383, 37.75335], [-122.150409, 37.753352], [-122.150466, 37.753355], [-122.150512, 37.753362], [-122.150562, 37.753371], [-122.150712, 37.75342], [-122.150877, 37.753482], [-122.151047, 37.753563], [-122.151206, 37.75364], [-122.151146, 37.753718], [-122.151058, 37.753849], [-122.151022, 37.753904], [-122.150846, 37.754148], [-122.150829, 37.754166], [-122.15081, 37.754184], [-122.150785, 37.754215], [-122.150758, 37.754245], [-122.150701, 37.754297], [-122.150605, 37.754386], [-122.150562, 37.754434], [-122.15052, 37.754484], [-122.150381, 37.754616], [-122.150337, 37.754654], [-122.150206, 37.754771], [-122.150171, 37.754803], [-122.150163, 37.754811], [-122.150117, 37.754852], [-122.149649, 37.755269], [-122.149443, 37.755454], [-122.149207, 37.755667], [-122.149033, 37.755835], [-122.149013, 37.755854], [-122.148644, 37.756264], [-122.148525, 37.756414], [-122.148432, 37.756542], [-122.148359, 37.756632], [-122.148295, 37.75674], [-122.148245, 37.756802], [-122.148211, 37.75686], [-122.148197, 37.756886], [-122.148141, 37.756988], [-122.14808, 37.757116], [-122.147975, 37.757368], [-122.147913, 37.757533], [-122.14787, 37.757647], [-122.147831, 37.757801], [-122.147801, 37.757925], [-122.147773, 37.758076], [-122.147761, 37.758187], [-122.147737, 37.75856], [-122.147737, 37.758759], [-122.147743, 37.758946], [-122.147759, 37.759115], [-122.147806, 37.759422], [-122.147838, 37.759591], [-122.147877, 37.759753], [-122.147913, 37.759877], [-122.147935, 37.759954], [-122.148001, 37.760158], [-122.148007, 37.760176], [-122.148089, 37.760381], [-122.148141, 37.760488], [-122.14816, 37.760528], [-122.14796, 37.76065]]]]}}, {"type": "Feature", "properties": {"grade": "B", "cat": "Still Desirable", "city": "Oakland", "label": "B38"}, "geometry": {"type": "MultiPolygon", "coordinates": [[[[-122.1324, 37.75622], [-122.13253, 37.75606], [-122.13299, 37.7559], [-122.13382, 37.75579], [-122.13491, 37.75559], [-122.13591, 37.75541], [-122.1366, 37.75527], [-122.13795, 37.75503], [-122.14056, 37.7546], [-122.14186, 37.7544], [-122.14295, 37.7542], [-122.14326, 37.75419], [-122.14366, 37.75435], [-122.14414, 37.75449], [-122.1447, 37.75475], [-122.14521, 37.75499], [-122.1455, 37.75536], [-122.14563, 37.7552], [-122.14603, 37.75498], [-122.14678, 37.75463], [-122.1474, 37.7543], [-122.14791, 37.75403], [-122.14828, 37.75395], [-122.14847, 37.75395], [-122.14865, 37.75381], [-122.14878, 37.75352], [-122.14899, 37.75324], [-122.14916, 37.75308], [-122.14954, 37.75298], [-122.15009, 37.75298], [-122.15059, 37.75303], [-122.15082, 37.75309], [-122.15121, 37.75327], [-122.151366, 37.753323], [-122.151343, 37.753386], [-122.151206, 37.75364], [-122.151047, 37.753563], [-122.150877, 37.753482], [-122.150712, 37.75342], [-122.150562, 37.753371], [-122.150512, 37.753362], [-122.150466, 37.753355], [-122.150409, 37.753352], [-122.150383, 37.75335], [-122.150322, 37.753346], [-122.150306, 37.753345], [-122.150274, 37.753342], [-122.150206, 37.753342], [-122.150142, 37.753354], [-122.150083, 37.753366], [-122.149746, 37.753437], [-122.149356, 37.75352], [-122.149301, 37.753536], [-122.149253, 37.753567], [-122.149221, 37.753609], [-122.14917, 37.753729], [-122.149034, 37.754018], [-122.149025, 37.754032], [-122.149017, 37.754047], [-122.148961, 37.754106], [-122.148902, 37.754143], [-122.148849, 37.754168], [-122.148788, 37.754181], [-122.148732, 37.754183], [-122.148665, 37.754203], [-122.148596, 37.754195], [-122.148501, 37.754201], [-122.148443, 37.754214], [-122.148393, 37.754232], [-122.148334, 37.754254], [-122.148216, 37.754305], [-122.147499, 37.754656], [-122.147454, 37.754679], [-122.147146, 37.754838], [-122.147006, 37.754913], [-122.146586, 37.755138], [-122.146447, 37.755214], [-122.146056, 37.755414], [-122.145881, 37.755523], [-122.145763, 37.755604], [-122.145718, 37.755637], [-122.145651, 37.755702], [-122.145588, 37.755787], [-122.14552, 37.755901], [-122.145471, 37.756002], [-122.145403, 37.756087], [-122.145356, 37.756125], [-122.14526, 37.75619], [-122.145137, 37.756248], [-122.144747, 37.75636], [-122.144664, 37.756393], [-122.144474, 37.756558], [-122.14429, 37.756683], [-122.143988, 37.756857], [-122.143877, 37.756916], [-122.143728, 37.756997], [-122.143614, 37.757048], [-122.143454, 37.757108], [-122.143347, 37.757141], [-122.143181, 37.757177], [-122.143141, 37.757186], [-122.142877, 37.757241], [-122.142799, 37.757258], [-122.14209, 37.757417], [-122.141828, 37.757477], [-122.141674, 37.757506], [-122.141613, 37.757518], [-122.141263, 37.757531], [-122.141208, 37.757525], [-122.141053, 37.757511], [-122.140944, 37.757495], [-122.140855, 37.75746], [-122.140662, 37.757355], [-122.140592, 37.757314], [-122.140509, 37.75728], [-122.140468, 37.757264], [-122.140399, 37.757242], [-122.140301, 37.757224], [-122.140196, 37.757215], [-122.140094, 37.757216], [-122.139984, 37.757226], [-122.139892, 37.75726], [-122.13979, 37.757308], [-122.139718, 37.757351], [-122.139359, 37.757605], [-122.139249, 37.757654], [-122.138993, 37.757728], [-122.138896, 37.757768], [-122.138593, 37.757913], [-122.138522, 37.757941], [-122.138457, 37.757961], [-122.138385, 37.75797], [-122.138324, 37.757965], [-122.138234, 37.757948], [-122.138155, 37.757918], [-122.138002, 37.757847], [-122.137788, 37.757731], [-122.137656, 37.757676], [-122.137553, 37.75765], [-122.137453, 37.757641], [-122.13706, 37.757634], [-122.136723, 37.757629], [-122.136148, 37.757606], [-122.135933, 37.757587], [-122.135632, 37.757544], [-122.13546, 37.757507], [-122.135091, 37.757411], [-122.134867, 37.757338], [-122.134797, 37.757315], [-122.134615, 37.757248], [-122.134335, 37.757138], [-122.134178, 37.757067], [-122.133277, 37.756661], [-122.133153, 37.756611], [-122.133055, 37.75659], [-122.132776, 37.756584], [-122.132723, 37.756583], [-122.132089, 37.75655], [-122.1324, 37.75622]]]]}}, {"type": "Feature", "properties": {"grade": "B", "cat": "Still Desirable", "city": "Oakland", "label": "B38"}, "geometry": {"type": "MultiPolygon", "coordinates": [[[[-122.15165, 37.75342], [-122.15206, 37.75346], [-122.15248, 37.75331], [-122.15277, 37.75311], [-122.15291, 37.75301], [-122.15294, 37.7528], [-122.15301, 37.75259], [-122.15311, 37.75237], [-122.15329, 37.75196], [-122.154164, 37.751722], [-122.154161, 37.751724], [-122.154033, 37.75179], [-122.15391, 37.751886], [-122.153835, 37.751964], [-122.153786, 37.752022], [-122.153687, 37.752175], [-122.153667, 37.752208], [-122.153547, 37.75241], [-122.153521, 37.752451], [-122.153443, 37.752576], [-122.153418, 37.752618], [-122.15331, 37.752793], [-122.153205, 37.752964], [-122.15307, 37.753196], [-122.152989, 37.75332], [-122.152878, 37.753494], [-122.152815, 37.75358], [-122.152735, 37.753693], [-122.152661, 37.753772], [-122.152604, 37.753821], [-122.152524, 37.753892], [-122.152439, 37.753941], [-122.152244, 37.754055], [-122.152185, 37.75409], [-122.152102, 37.754142], [-122.151969, 37.754042], [-122.151937, 37.754017], [-122.151874, 37.753969], [-122.151412, 37.75372], [-122.151398, 37.753714], [-122.151206, 37.75364], [-122.151343, 37.753386], [-122.151366, 37.753323], [-122.15165, 37.75342]]]]}}, {"type": "Feature", "properties": {"grade": "B", "cat": "Still Desirable", "city": "Oakland", "label": "B39"}, "geometry": {"type": "MultiPolygon", "coordinates": [[[[-122.16305, 37.74053], [-122.16038, 37.74124], [-122.15946, 37.74192], [-122.15723, 37.73892], [-122.157103, 37.738525], [-122.158149, 37.738228], [-122.158542, 37.738106], [-122.159284, 37.737913], [-122.160074, 37.737691], [-122.160158, 37.737668], [-122.16029, 37.737634], [-122.160362, 37.737619], [-122.160414, 37.737612], [-122.160429, 37.737611], [-122.160502, 37.737607], [-122.160786, 37.737494], [-122.160875, 37.737459], [-122.16305, 37.74053]]]]}}, {"type": "Feature", "properties": {"grade": "B", "cat": "Still Desirable", "city": "Oakland", "label": "B39"}, "geometry": {"type": "MultiPolygon", "coordinates": [[[[-122.15706, 37.73839], [-122.16079, 37.73734], [-122.160875, 37.737459], [-122.160786, 37.737494], [-122.160502, 37.737607], [-122.160429, 37.737611], [-122.160414, 37.737612], [-122.160362, 37.737619], [-122.16029, 37.737634], [-122.160158, 37.737668], [-122.160074, 37.737691], [-122.159284, 37.737913], [-122.158542, 37.738106], [-122.158149, 37.738228], [-122.157103, 37.738525], [-122.15706, 37.73839]]]]}}, {"type": "Feature", "properties": {"grade": "B", "cat": "Still Desirable", "city": "Oakland", "label": "B4"}, "geometry": {"type": "MultiPolygon", "coordinates": [[[[-122.2824, 37.88687], [-122.28166, 37.88844], [-122.28252, 37.89088], [-122.282384, 37.890884], [-122.282372, 37.89081], [-122.282365, 37.890789], [-122.282313, 37.890623], [-122.282199, 37.890325], [-122.28207, 37.889921], [-122.281991, 37.889699], [-122.281888, 37.889406], [-122.281866, 37.889336], [-122.281824, 37.889201], [-122.281699, 37.888796], [-122.281658, 37.888661], [-122.281639, 37.888487], [-122.281643, 37.888384], [-122.281666, 37.888262], [-122.281672, 37.888242], [-122.281724, 37.8881], [-122.281923, 37.887586], [-122.282128, 37.887059], [-122.282281, 37.886666], [-122.282353, 37.886456], [-122.282374, 37.886395], [-122.2824, 37.88687]]], [[[-122.28323, 37.88251], [-122.28303, 37.88342], [-122.2827, 37.8838], [-122.28237, 37.88431], [-122.282321, 37.88504], [-122.282281, 37.885046], [-122.282171, 37.885054], [-122.282098, 37.885054], [-122.282028, 37.885051], [-122.28196, 37.885043], [-122.281925, 37.885039], [-122.28185, 37.885025], [-122.281857, 37.885001], [-122.28187, 37.884954], [-122.281895, 37.884856], [-122.281907, 37.884813], [-122.281971, 37.884575], [-122.281988, 37.884517], [-122.282028, 37.884368], [-122.282253, 37.883877], [-122.282447, 37.883453], [-122.282918, 37.882511], [-122.28296, 37.882419], [-122.283124, 37.882513], [-122.283239, 37.882486], [-122.28323, 37.88251]]]]}}, {"type": "Feature", "properties": {"grade": "B", "cat": "Still Desirable", "city": "Oakland", "label": "B4"}, "geometry": {"type": "MultiPolygon", "coordinates": [[[[-122.27597, 37.89057], [-122.27472, 37.8906], [-122.27344, 37.89052], [-122.27241, 37.8903], [-122.272193, 37.890258], [-122.272247, 37.890225], [-122.272285, 37.890246], [-122.272314, 37.890255], [-122.272341, 37.890262], [-122.272406, 37.890265], [-122.27246, 37.89026], [-122.272511, 37.890245], [-122.272562, 37.890202], [-122.272577, 37.890164], [-122.272586, 37.890126], [-122.272575, 37.890065], [-122.272538, 37.890015], [-122.272507, 37.889997], [-122.272633, 37.889901], [-122.272724, 37.889857], [-122.272855, 37.889801], [-122.273008, 37.889746], [-122.273334, 37.889655], [-122.273452, 37.889638], [-122.274795, 37.889223], [-122.274962, 37.889169], [-122.275197, 37.889094], [-122.275314, 37.88905], [-122.275399, 37.889008], [-122.275446, 37.888971], [-122.275586, 37.888865], [-122.275788, 37.888872], [-122.275898, 37.888876], [-122.276027, 37.88887], [-122.276124, 37.888854], [-122.276328, 37.888835], [-122.276396, 37.888836], [-122.276526, 37.888857], [-122.276586, 37.888821], [-122.276601, 37.888891], [-122.276636, 37.889066], [-122.276786, 37.889803], [-122.276836, 37.890049], [-122.276898, 37.890328], [-122.27597, 37.89057]]]]}}, {"type": "Feature", "properties": {"grade": "B", "cat": "Still Desirable", "city": "Oakland", "label": "B4"}, "geometry": {"type": "MultiPolygon", "coordinates": [[[[-122.2805, 37.89094], [-122.27718, 37.89111], [-122.27693, 37.89032], [-122.276898, 37.890328], [-122.276836, 37.890049], [-122.276786, 37.889803], [-122.276636, 37.889066], [-122.276601, 37.888891], [-122.276586, 37.888821], [-122.276558, 37.888678], [-122.276474, 37.888249], [-122.276446, 37.888106], [-122.276425, 37.888], [-122.276405, 37.887877], [-122.276392, 37.887793], [-122.276362, 37.887648], [-122.276305, 37.887438], [-122.276243, 37.887231], [-122.276232, 37.887202], [-122.276153, 37.886984], [-122.276083, 37.886808], [-122.276019, 37.886668], [-122.275882, 37.88642], [-122.275808, 37.886302], [-122.275707, 37.886141], [-122.275685, 37.886111], [-122.275622, 37.886023], [-122.275601, 37.885994], [-122.275531, 37.885904], [-122.275484, 37.885853], [-122.27536, 37.88572], [-122.275098, 37.885464], [-122.275, 37.885378], [-122.274963, 37.885341], [-122.275104, 37.885223], [-122.275296, 37.885066], [-122.27553, 37.884872], [-122.275673, 37.884755], [-122.275877, 37.884635], [-122.27634, 37.884365], [-122.276495, 37.884281], [-122.276705, 37.884169], [-122.277061, 37.883989], [-122.277231, 37.883906], [-122.278822, 37.88314], [-122.279353, 37.882885], [-122.279539, 37.882795], [-122.2801, 37.882527], [-122.280287, 37.882438], [-122.280468, 37.882348], [-122.281014, 37.88208], [-122.281196, 37.881991], [-122.281351, 37.881913], [-122.28182, 37.881682], [-122.281976, 37.881606], [-122.282116, 37.881535], [-122.282284, 37.881452], [-122.282537, 37.881321], [-122.282678, 37.881249], [-122.282711, 37.881286], [-122.282839, 37.881418], [-122.282919, 37.881501], [-122.282929, 37.881516], [-122.282983, 37.881598], [-122.283046, 37.88172], [-122.283059, 37.881777], [-122.283065, 37.881878], [-122.283057, 37.881977], [-122.283085, 37.882029], [-122.283139, 37.882063], [-122.282868, 37.882312], [-122.28279, 37.882502], [-122.282918, 37.882511], [-122.282447, 37.883453], [-122.282253, 37.883877], [-122.282028, 37.884368], [-122.281988, 37.884517], [-122.281971, 37.884575], [-122.281907, 37.884813], [-122.281895, 37.884856], [-122.28187, 37.884954], [-122.281857, 37.885001], [-122.28185, 37.885025], [-122.281925, 37.885039], [-122.28196, 37.885043], [-122.282028, 37.885051], [-122.282098, 37.885054], [-122.282171, 37.885054], [-122.282281, 37.885046], [-122.282321, 37.88504], [-122.28231, 37.88521], [-122.282374, 37.886395], [-122.282353, 37.886456], [-122.282281, 37.886666], [-122.282128, 37.887059], [-122.281923, 37.887586], [-122.281724, 37.8881], [-122.281672, 37.888242], [-122.281666, 37.888262], [-122.281643, 37.888384], [-122.281639, 37.888487], [-122.281658, 37.888661], [-122.281699, 37.888796], [-122.281824, 37.889201], [-122.281866, 37.889336], [-122.281888, 37.889406], [-122.281991, 37.889699], [-122.28207, 37.889921], [-122.282199, 37.890325], [-122.282313, 37.890623], [-122.282365, 37.890789], [-122.282372, 37.89081], [-122.282384, 37.890884], [-122.2805, 37.89094]]]]}}, {"type": "Feature", "properties": {"grade": "B", "cat": "Still Desirable", "city": "Oakland", "label": "B4"}, "geometry": {"type": "MultiPolygon", "coordinates": [[[[-122.27194, 37.89021], [-122.27148, 37.88967], [-122.27155, 37.88933], [-122.2724, 37.88877], [-122.27262, 37.8881], [-122.27255, 37.88767], [-122.27198, 37.88722], [-122.27112, 37.88669], [-122.27016, 37.88621], [-122.270074, 37.885591], [-122.270249, 37.885569], [-122.271063, 37.885468], [-122.271209, 37.885451], [-122.271335, 37.885436], [-122.27152, 37.885398], [-122.271536, 37.885395], [-122.272086, 37.88533], [-122.272275, 37.885309], [-122.272367, 37.885416], [-122.272438, 37.885472], [-122.272559, 37.885541], [-122.272698, 37.8856], [-122.27274, 37.885613], [-122.272876, 37.885655], [-122.273017, 37.885591], [-122.273441, 37.8854], [-122.273583, 37.885337], [-122.273775, 37.885249], [-122.274353, 37.884987], [-122.274469, 37.884935], [-122.274543, 37.884895], [-122.274591, 37.884949], [-122.274625, 37.884985], [-122.274878, 37.885252], [-122.274963, 37.885341], [-122.275, 37.885378], [-122.275098, 37.885464], [-122.27536, 37.88572], [-122.275484, 37.885853], [-122.275531, 37.885904], [-122.275601, 37.885994], [-122.275622, 37.886023], [-122.275685, 37.886111], [-122.275707, 37.886141], [-122.275808, 37.886302], [-122.275882, 37.88642], [-122.276019, 37.886668], [-122.276083, 37.886808], [-122.276153, 37.886984], [-122.276232, 37.887202], [-122.276243, 37.887231], [-122.276305, 37.887438], [-122.276362, 37.887648], [-122.276392, 37.887793], [-122.276405, 37.887877], [-122.276425, 37.888], [-122.276446, 37.888106], [-122.276474, 37.888249], [-122.276558, 37.888678], [-122.276586, 37.888821], [-122.276526, 37.888857], [-122.276396, 37.888836], [-122.276328, 37.888835], [-122.276124, 37.888854], [-122.276027, 37.88887], [-122.275898, 37.888876], [-122.275788, 37.888872], [-122.275586, 37.888865], [-122.275446, 37.888971], [-122.275399, 37.889008], [-122.275314, 37.88905], [-122.275197, 37.889094], [-122.274962, 37.889169], [-122.274795, 37.889223], [-122.273452, 37.889638], [-122.273334, 37.889655], [-122.273008, 37.889746], [-122.272855, 37.889801], [-122.272724, 37.889857], [-122.272633, 37.889901], [-122.272507, 37.889997], [-122.272538, 37.890015], [-122.272575, 37.890065], [-122.272586, 37.890126], [-122.272577, 37.890164], [-122.272562, 37.890202], [-122.272511, 37.890245], [-122.27246, 37.89026], [-122.272406, 37.890265], [-122.272341, 37.890262], [-122.272314, 37.890255], [-122.272285, 37.890246], [-122.272247, 37.890225], [-122.272193, 37.890258], [-122.27194, 37.89021]]]]}}, {"type": "Feature", "properties": {"grade": "B", "cat": "Still Desirable", "city": "Oakland", "label": "B4"}, "geometry": {"type": "MultiPolygon", "coordinates": [[[[-122.27007, 37.88556], [-122.26984, 37.88384], [-122.26958, 37.88193], [-122.27053, 37.88185], [-122.27297, 37.88163], [-122.27318, 37.88196], [-122.274208, 37.881891], [-122.274291, 37.882593], [-122.274316, 37.882848], [-122.274318, 37.882861], [-122.274371, 37.883206], [-122.274402, 37.883495], [-122.274408, 37.883548], [-122.274456, 37.883986], [-122.27446, 37.884057], [-122.274474, 37.88425], [-122.274457, 37.884576], [-122.274456, 37.884617], [-122.274455, 37.884734], [-122.274461, 37.88477], [-122.274477, 37.884807], [-122.274503, 37.884847], [-122.274543, 37.884895], [-122.274469, 37.884935], [-122.274353, 37.884987], [-122.273775, 37.885249], [-122.273583, 37.885337], [-122.273441, 37.8854], [-122.273017, 37.885591], [-122.272876, 37.885655], [-122.27274, 37.885613], [-122.272698, 37.8856], [-122.272559, 37.885541], [-122.272438, 37.885472], [-122.272367, 37.885416], [-122.272275, 37.885309], [-122.272086, 37.88533], [-122.271536, 37.885395], [-122.27152, 37.885398], [-122.271335, 37.885436], [-122.271209, 37.885451], [-122.271063, 37.885468], [-122.270249, 37.885569], [-122.270074, 37.885591], [-122.27007, 37.88556]]]]}}, {"type": "Feature", "properties": {"grade": "B", "cat": "Still Desirable", "city": "Oakland", "label": "B4"}, "geometry": {"type": "MultiPolygon", "coordinates": [[[[-122.27526, 37.88182], [-122.27526, 37.88135], [-122.27772, 37.881], [-122.27873, 37.88043], [-122.27823, 37.87921], [-122.2782, 37.87821], [-122.28057, 37.87776], [-122.28063, 37.8772], [-122.28282, 37.876944], [-122.282832, 37.877066], [-122.282842, 37.877168], [-122.282879, 37.877511], [-122.282921, 37.877885], [-122.282931, 37.878031], [-122.282987, 37.878542], [-122.282997, 37.878629], [-122.28305, 37.878818], [-122.283073, 37.878841], [-122.28307, 37.87887], [-122.283094, 37.87907], [-122.283166, 37.87967], [-122.28319, 37.879871], [-122.283206, 37.880082], [-122.283256, 37.880715], [-122.283273, 37.880926], [-122.283199, 37.880969], [-122.283155, 37.880992], [-122.283053, 37.881046], [-122.282797, 37.881184], [-122.282678, 37.881249], [-122.282537, 37.881321], [-122.282284, 37.881452], [-122.282116, 37.881535], [-122.281976, 37.881606], [-122.28182, 37.881682], [-122.281351, 37.881913], [-122.281196, 37.881991], [-122.281014, 37.88208], [-122.280468, 37.882348], [-122.280287, 37.882438], [-122.2801, 37.882527], [-122.279539, 37.882795], [-122.279353, 37.882885], [-122.278822, 37.88314], [-122.277231, 37.883906], [-122.277061, 37.883989], [-122.276705, 37.884169], [-122.276495, 37.884281], [-122.27634, 37.884365], [-122.275877, 37.884635], [-122.275673, 37.884755], [-122.27553, 37.884872], [-122.275296, 37.885066], [-122.275104, 37.885223], [-122.274963, 37.885341], [-122.274878, 37.885252], [-122.274625, 37.884985], [-122.274591, 37.884949], [-122.274543, 37.884895], [-122.274503, 37.884847], [-122.274477, 37.884807], [-122.274461, 37.88477], [-122.274455, 37.884734], [-122.274456, 37.884617], [-122.274457, 37.884576], [-122.274474, 37.88425], [-122.27446, 37.884057], [-122.274456, 37.883986], [-122.274408, 37.883548], [-122.274402, 37.883495], [-122.274371, 37.883206], [-122.274318, 37.882861], [-122.274316, 37.882848], [-122.274291, 37.882593], [-122.274208, 37.881891], [-122.27526, 37.88182]]]]}}, {"type": "Feature", "properties": {"grade": "B", "cat": "Still Desirable", "city": "Oakland", "label": "B4"}, "geometry": {"type": "MultiPolygon", "coordinates": [[[[-122.28285, 37.87694], [-122.28677, 37.87664], [-122.28721, 37.87753], [-122.28475, 37.87844], [-122.283239, 37.882486], [-122.283124, 37.882513], [-122.28296, 37.882419], [-122.282918, 37.882511], [-122.28279, 37.882502], [-122.282868, 37.882312], [-122.283139, 37.882063], [-122.283085, 37.882029], [-122.283057, 37.881977], [-122.283065, 37.881878], [-122.283059, 37.881777], [-122.283046, 37.88172], [-122.282983, 37.881598], [-122.282929, 37.881516], [-122.282919, 37.881501], [-122.282839, 37.881418], [-122.282711, 37.881286], [-122.282678, 37.881249], [-122.282797, 37.881184], [-122.283053, 37.881046], [-122.283155, 37.880992], [-122.283199, 37.880969], [-122.283273, 37.880926], [-122.283256, 37.880715], [-122.283206, 37.880082], [-122.28319, 37.879871], [-122.283166, 37.87967], [-122.283094, 37.87907], [-122.28307, 37.87887], [-122.283073, 37.878841], [-122.28305, 37.878818], [-122.282997, 37.878629], [-122.282987, 37.878542], [-122.282931, 37.878031], [-122.282921, 37.877885], [-122.282879, 37.877511], [-122.282842, 37.877168], [-122.282832, 37.877066], [-122.28282, 37.876944], [-122.28285, 37.87694]]]]}}, {"type": "Feature", "properties": {"grade": "B", "cat": "Still Desirable", "city": "Oakland", "label": "B40"}, "geometry": {"type": "MultiPolygon", "coordinates": [[[[-122.16332, 37.73638], [-122.162752, 37.736596], [-122.163294, 37.736343], [-122.16332, 37.73638]]]]}}, {"type": "Feature", "properties": {"grade": "B", "cat": "Still Desirable", "city": "Oakland", "label": "B40"}, "geometry": {"type": "MultiPolygon", "coordinates": [[[[-122.15498, 37.73904], [-122.15094, 37.73353], [-122.151023, 37.733514], [-122.151063, 37.733566], [-122.151102, 37.733619], [-122.151338, 37.733947], [-122.152163, 37.735093], [-122.152439, 37.735476], [-122.152567, 37.735657], [-122.152638, 37.735757], [-122.152968, 37.736187], [-122.153104, 37.736364], [-122.153184, 37.736473], [-122.153424, 37.7368], [-122.153505, 37.73691], [-122.153637, 37.737088], [-122.154033, 37.737623], [-122.154165, 37.737802], [-122.154353, 37.738059], [-122.154499, 37.738258], [-122.154927, 37.738826], [-122.155067, 37.739013], [-122.15498, 37.73904]]]]}}, {"type": "Feature", "properties": {"grade": "B", "cat": "Still Desirable", "city": "Oakland", "label": "B40"}, "geometry": {"type": "MultiPolygon", "coordinates": [[[[-122.16079, 37.73734], [-122.15706, 37.73839], [-122.155067, 37.739013], [-122.154927, 37.738826], [-122.154499, 37.738258], [-122.154353, 37.738059], [-122.154165, 37.737802], [-122.154033, 37.737623], [-122.153637, 37.737088], [-122.153505, 37.73691], [-122.153424, 37.7368], [-122.153184, 37.736473], [-122.153104, 37.736364], [-122.152968, 37.736187], [-122.152638, 37.735757], [-122.152567, 37.735657], [-122.152439, 37.735476], [-122.152163, 37.735093], [-122.151338, 37.733947], [-122.151102, 37.733619], [-122.151063, 37.733566], [-122.151023, 37.733514], [-122.15388, 37.73296], [-122.15302, 37.72941], [-122.15224, 37.72948], [-122.15171, 37.72929], [-122.15115, 37.72906], [-122.15058, 37.72911], [-122.1499, 37.72934], [-122.14908, 37.72926], [-122.148931, 37.729022], [-122.149002, 37.728976], [-122.149161, 37.728811], [-122.149293, 37.728693], [-122.149441, 37.728563], [-122.14952, 37.72851], [-122.149918, 37.728307], [-122.150006, 37.728284], [-122.150172, 37.728262], [-122.150338, 37.728263], [-122.150552, 37.728279], [-122.15078, 37.728323], [-122.150981, 37.728384], [-122.151299, 37.728422], [-122.151582, 37.728431], [-122.151638, 37.728433], [-122.151894, 37.728461], [-122.152017, 37.728458], [-122.152136, 37.728455], [-122.152371, 37.728433], [-122.152402, 37.728427], [-122.1526, 37.72839], [-122.152994, 37.728335], [-122.153291, 37.72822], [-122.15352, 37.728135], [-122.153706, 37.728067], [-122.15392, 37.72804], [-122.154312, 37.727995], [-122.154371, 37.728], [-122.154613, 37.728028], [-122.155028, 37.728132], [-122.155226, 37.728222], [-122.15551, 37.728307], [-122.155588, 37.72833], [-122.155826, 37.728387], [-122.155906, 37.728407], [-122.155984, 37.728425], [-122.156044, 37.72844], [-122.156211, 37.728435], [-122.156302, 37.72842], [-122.156383, 37.728407], [-122.15645, 37.72836], [-122.156494, 37.72833], [-122.156598, 37.72821], [-122.156646, 37.728111], [-122.156658, 37.727942], [-122.15666, 37.727924], [-122.156706, 37.727796], [-122.15695, 37.72766], [-122.15734, 37.72774], [-122.163294, 37.736343], [-122.162752, 37.736596], [-122.16079, 37.73734]]]]}}, {"type": "Feature", "properties": {"grade": "B", "cat": "Still Desirable", "city": "Oakland", "label": "B40"}, "geometry": {"type": "MultiPolygon", "coordinates": [[[[-122.1547, 37.72795], [-122.1553, 37.728], [-122.15618, 37.72809], [-122.156706, 37.727796], [-122.15666, 37.727924], [-122.156658, 37.727942], [-122.156646, 37.728111], [-122.156598, 37.72821], [-122.156494, 37.72833], [-122.15645, 37.72836], [-122.156383, 37.728407], [-122.156302, 37.72842], [-122.156211, 37.728435], [-122.156044, 37.72844], [-122.155984, 37.728425], [-122.155906, 37.728407], [-122.155826, 37.728387], [-122.155588, 37.72833], [-122.15551, 37.728307], [-122.155226, 37.728222], [-122.155028, 37.728132], [-122.154613, 37.728028], [-122.154371, 37.728], [-122.154312, 37.727995], [-122.1547, 37.72795]]], [[[-122.15007, 37.72823], [-122.15109, 37.72822], [-122.15249, 37.72822], [-122.153706, 37.728067], [-122.15352, 37.728135], [-122.153291, 37.72822], [-122.152994, 37.728335], [-122.1526, 37.72839], [-122.152402, 37.728427], [-122.152371, 37.728433], [-122.152136, 37.728455], [-122.152017, 37.728458], [-122.151894, 37.728461], [-122.151638, 37.728433], [-122.151582, 37.728431], [-122.151299, 37.728422], [-122.150981, 37.728384], [-122.15078, 37.728323], [-122.150552, 37.728279], [-122.150338, 37.728263], [-122.150172, 37.728262], [-122.150006, 37.728284], [-122.149918, 37.728307], [-122.15007, 37.72823]]], [[[-122.14888, 37.72894], [-122.149441, 37.728563], [-122.149293, 37.728693], [-122.149161, 37.728811], [-122.149002, 37.728976], [-122.148931, 37.729022], [-122.14888, 37.72894]]]]}}, {"type": "Feature", "properties": {"grade": "B", "cat": "Still Desirable", "city": "Oakland", "label": "B41"}, "geometry": {"type": "MultiPolygon", "coordinates": [[[[-122.16574, 37.73444], [-122.16416, 37.73497], [-122.16274, 37.73239], [-122.16053, 37.72966], [-122.15816, 37.72667], [-122.15842, 37.72624], [-122.15882, 37.72609], [-122.15952, 37.72609], [-122.16028, 37.72638], [-122.16099, 37.72651], [-122.16177, 37.72671], [-122.16234, 37.72667], [-122.16511, 37.73048], [-122.16721, 37.73367], [-122.16574, 37.73444]]]]}}, {"type": "Feature", "properties": {"grade": "B", "cat": "Still Desirable", "city": "Oakland", "label": "B42"}, "geometry": {"type": "MultiPolygon", "coordinates": [[[[-122.13915, 37.73437], [-122.13919, 37.73412], [-122.13942, 37.73377], [-122.13944, 37.73323], [-122.13936, 37.73285], [-122.13916, 37.73233], [-122.13893, 37.73138], [-122.138937, 37.730935], [-122.138977, 37.730932], [-122.139043, 37.731179], [-122.139065, 37.731243], [-122.139088, 37.731312], [-122.139168, 37.731594], [-122.139501, 37.732854], [-122.139608, 37.733308], [-122.139679, 37.733597], [-122.139752, 37.73391], [-122.139858, 37.734354], [-122.13915, 37.73437]]]]}}, {"type": "Feature", "properties": {"grade": "B", "cat": "Still Desirable", "city": "Oakland", "label": "B42"}, "geometry": {"type": "MultiPolygon", "coordinates": [[[[-122.15094, 37.73353], [-122.14799, 37.73406], [-122.14734, 37.73418], [-122.139858, 37.734354], [-122.139752, 37.73391], [-122.139679, 37.733597], [-122.139608, 37.733308], [-122.139501, 37.732854], [-122.139168, 37.731594], [-122.139088, 37.731312], [-122.139065, 37.731243], [-122.139043, 37.731179], [-122.138977, 37.730932], [-122.139123, 37.730939], [-122.139149, 37.730943], [-122.13925, 37.730959], [-122.13933, 37.730972], [-122.139469, 37.731044], [-122.139595, 37.731104], [-122.139607, 37.73111], [-122.139738, 37.731181], [-122.140022, 37.731291], [-122.140264, 37.731379], [-122.140541, 37.731462], [-122.140658, 37.731479], [-122.141032, 37.731536], [-122.141308, 37.731577], [-122.14155, 37.73161], [-122.141813, 37.731627], [-122.142097, 37.731627], [-122.142304, 37.7316], [-122.14247, 37.731556], [-122.14251, 37.731542], [-122.142733, 37.731468], [-122.142969, 37.731419], [-122.143148, 37.731397], [-122.143584, 37.731446], [-122.143806, 37.731441], [-122.143985, 37.731419], [-122.144442, 37.731392], [-122.144636, 37.73137], [-122.144878, 37.731348], [-122.145348, 37.731288], [-122.14566, 37.731261], [-122.145881, 37.731288], [-122.146102, 37.731332], [-122.146677, 37.731409], [-122.14695, 37.731398], [-122.14726, 37.731393], [-122.14735, 37.73159], [-122.14764, 37.73163], [-122.14794, 37.73166], [-122.14838, 37.73153], [-122.14861, 37.7313], [-122.14842, 37.7306], [-122.14861, 37.73007], [-122.148919, 37.729537], [-122.148931, 37.729562], [-122.148981, 37.729669], [-122.149021, 37.729753], [-122.149144, 37.730007], [-122.149186, 37.730092], [-122.149245, 37.730221], [-122.149424, 37.730608], [-122.149484, 37.730738], [-122.149539, 37.730881], [-122.149719, 37.731307], [-122.14978, 37.73145], [-122.149846, 37.731605], [-122.150047, 37.73207], [-122.150114, 37.732226], [-122.150195, 37.73237], [-122.150248, 37.732463], [-122.150359, 37.732633], [-122.150467, 37.732787], [-122.150563, 37.732923], [-122.150663, 37.733051], [-122.150963, 37.733437], [-122.151023, 37.733514], [-122.15094, 37.73353]]]]}}, {"type": "Feature", "properties": {"grade": "B", "cat": "Still Desirable", "city": "Oakland", "label": "B42"}, "geometry": {"type": "MultiPolygon", "coordinates": [[[[-122.14908, 37.72926], [-122.1499, 37.72934], [-122.15058, 37.72911], [-122.15115, 37.72906], [-122.15171, 37.72929], [-122.15224, 37.72948], [-122.15302, 37.72941], [-122.15388, 37.73296], [-122.151023, 37.733514], [-122.150963, 37.733437], [-122.150663, 37.733051], [-122.150563, 37.732923], [-122.150467, 37.732787], [-122.150359, 37.732633], [-122.150248, 37.732463], [-122.150195, 37.73237], [-122.150114, 37.732226], [-122.150047, 37.73207], [-122.149846, 37.731605], [-122.14978, 37.73145], [-122.149719, 37.731307], [-122.149539, 37.730881], [-122.149484, 37.730738], [-122.149424, 37.730608], [-122.149245, 37.730221], [-122.149186, 37.730092], [-122.149144, 37.730007], [-122.149021, 37.729753], [-122.148981, 37.729669], [-122.148931, 37.729562], [-122.148919, 37.729537], [-122.14908, 37.72926]]]]}}, {"type": "Feature", "properties": {"grade": "B", "cat": "Still Desirable", "city": "Oakland", "label": "B42"}, "geometry": {"type": "MultiPolygon", "coordinates": [[[[-122.13895, 37.73018], [-122.13876, 37.72929], [-122.13855, 37.72854], [-122.14535, 37.72681], [-122.1454, 37.72692], [-122.14568, 37.72757], [-122.14651, 37.72872], [-122.14716, 37.7306], [-122.14724, 37.73135], [-122.14726, 37.731393], [-122.14695, 37.731398], [-122.146677, 37.731409], [-122.146102, 37.731332], [-122.145881, 37.731288], [-122.14566, 37.731261], [-122.145348, 37.731288], [-122.144878, 37.731348], [-122.144636, 37.73137], [-122.144442, 37.731392], [-122.143985, 37.731419], [-122.143806, 37.731441], [-122.143584, 37.731446], [-122.143148, 37.731397], [-122.142969, 37.731419], [-122.142733, 37.731468], [-122.14251, 37.731542], [-122.14247, 37.731556], [-122.142304, 37.7316], [-122.142097, 37.731627], [-122.141813, 37.731627], [-122.14155, 37.73161], [-122.141308, 37.731577], [-122.141032, 37.731536], [-122.140658, 37.731479], [-122.140541, 37.731462], [-122.140264, 37.731379], [-122.140022, 37.731291], [-122.139738, 37.731181], [-122.139607, 37.73111], [-122.139595, 37.731104], [-122.139469, 37.731044], [-122.13933, 37.730972], [-122.13925, 37.730959], [-122.139149, 37.730943], [-122.139123, 37.730939], [-122.138977, 37.730932], [-122.138937, 37.730935], [-122.13895, 37.73018]]]]}}, {"type": "Feature", "properties": {"grade": "B", "cat": "Still Desirable", "city": "Oakland", "label": "B43"}, "geometry": {"type": "MultiPolygon", "coordinates": [[[[-122.26798, 37.76929], [-122.26361, 37.76923], [-122.263533, 37.76923], [-122.263596, 37.767431], [-122.263602, 37.767237], [-122.263623, 37.766655], [-122.26363, 37.766462], [-122.263637, 37.7663], [-122.263661, 37.765814], [-122.263669, 37.765653], [-122.263672, 37.765563], [-122.26395, 37.76567], [-122.26502, 37.76604], [-122.26603, 37.76661], [-122.2666, 37.76702], [-122.267508, 37.767327], [-122.267923, 37.767499], [-122.268059, 37.767562], [-122.268077, 37.767571], [-122.26798, 37.76929]]]]}}, {"type": "Feature", "properties": {"grade": "B", "cat": "Still Desirable", "city": "Oakland", "label": "B43"}, "geometry": {"type": "MultiPolygon", "coordinates": [[[[-122.26262, 37.76923], [-122.26055, 37.76843], [-122.261721, 37.766765], [-122.262055, 37.766906], [-122.262737, 37.767195], [-122.263072, 37.767314], [-122.263196, 37.767349], [-122.263326, 37.767387], [-122.263596, 37.767431], [-122.263533, 37.76923], [-122.26262, 37.76923]]]]}}, {"type": "Feature", "properties": {"grade": "B", "cat": "Still Desirable", "city": "Oakland", "label": "B43"}, "geometry": {"type": "MultiPolygon", "coordinates": [[[[-122.26173, 37.76449], [-122.26211, 37.76487], [-122.26276, 37.76521], [-122.263672, 37.765563], [-122.263669, 37.765653], [-122.263661, 37.765814], [-122.263637, 37.7663], [-122.26363, 37.766462], [-122.263623, 37.766655], [-122.263602, 37.767237], [-122.263596, 37.767431], [-122.263326, 37.767387], [-122.263196, 37.767349], [-122.263072, 37.767314], [-122.262737, 37.767195], [-122.262055, 37.766906], [-122.261721, 37.766765], [-122.26221, 37.76607], [-122.25907, 37.76466], [-122.25914, 37.76436], [-122.25983, 37.76397], [-122.26053, 37.76388], [-122.26143, 37.76407], [-122.261537, 37.76422], [-122.261531, 37.764243], [-122.261627, 37.764381], [-122.261679, 37.764419], [-122.26173, 37.76449]]]]}}, {"type": "Feature", "properties": {"grade": "B", "cat": "Still Desirable", "city": "Oakland", "label": "B43"}, "geometry": {"type": "MultiPolygon", "coordinates": [[[[-122.26808, 37.76752], [-122.268077, 37.767571], [-122.268059, 37.767562], [-122.267923, 37.767499], [-122.267508, 37.767327], [-122.26808, 37.76752]]], [[[-122.261679, 37.764419], [-122.261627, 37.764381], [-122.261531, 37.764243], [-122.261537, 37.76422], [-122.261679, 37.764419]]]]}}, {"type": "Feature", "properties": {"grade": "B", "cat": "Still Desirable", "city": "Oakland", "label": "B44"}, "geometry": {"type": "MultiPolygon", "coordinates": [[[[-122.24206, 37.75486], [-122.24007, 37.7534], [-122.23944, 37.75389], [-122.23725, 37.75239], [-122.23857, 37.75122], [-122.23938, 37.7517], [-122.24007, 37.75183], [-122.24074, 37.75184], [-122.2415, 37.75199], [-122.24206, 37.75238], [-122.24263, 37.75259], [-122.24345, 37.75236], [-122.24412, 37.7525], [-122.24459, 37.75284], [-122.24533, 37.75377], [-122.24706, 37.75487], [-122.24792, 37.75568], [-122.24697, 37.75604], [-122.2464, 37.75613], [-122.24474, 37.7554], [-122.24436, 37.75595], [-122.24206, 37.75486]]]]}}, {"type": "Feature", "properties": {"grade": "B", "cat": "Still Desirable", "city": "Oakland", "label": "B45"}, "geometry": {"type": "MultiPolygon", "coordinates": [[[[-122.23281, 37.7659], [-122.22984, 37.76442], [-122.22927, 37.76367], [-122.22713, 37.76243], [-122.22957, 37.76019], [-122.229707, 37.760279], [-122.229686, 37.7603], [-122.229837, 37.760405], [-122.230293, 37.760721], [-122.230445, 37.760827], [-122.230599, 37.760933], [-122.231061, 37.761252], [-122.231215, 37.761359], [-122.231675, 37.76168], [-122.232257, 37.762087], [-122.232516, 37.76228], [-122.232626, 37.762353], [-122.233004, 37.762534], [-122.233096, 37.76258], [-122.233597, 37.762836], [-122.233708, 37.762896], [-122.234041, 37.763077], [-122.234152, 37.763138], [-122.234301, 37.763212], [-122.23475, 37.763434], [-122.234813, 37.763465], [-122.23281, 37.7659]]]]}}, {"type": "Feature", "properties": {"grade": "B", "cat": "Still Desirable", "city": "Oakland", "label": "B45"}, "geometry": {"type": "MultiPolygon", "coordinates": [[[[-122.23214, 37.76186], [-122.23354, 37.7607], [-122.23449, 37.76134], [-122.2354, 37.76068], [-122.23647, 37.76145], [-122.234813, 37.763465], [-122.23475, 37.763434], [-122.234301, 37.763212], [-122.234152, 37.763138], [-122.234041, 37.763077], [-122.233708, 37.762896], [-122.233597, 37.762836], [-122.233096, 37.76258], [-122.233004, 37.762534], [-122.232626, 37.762353], [-122.232516, 37.76228], [-122.232257, 37.762087], [-122.231675, 37.76168], [-122.231215, 37.761359], [-122.231061, 37.761252], [-122.230599, 37.760933], [-122.230445, 37.760827], [-122.230293, 37.760721], [-122.229837, 37.760405], [-122.229686, 37.7603], [-122.229707, 37.760279], [-122.23214, 37.76186]]]]}}, {"type": "Feature", "properties": {"grade": "B", "cat": "Still Desirable", "city": "Oakland", "label": "B46"}, "geometry": {"type": "MultiPolygon", "coordinates": [[[[-122.22547, 37.75772], [-122.225983, 37.757292], [-122.226033, 37.75735], [-122.226401, 37.757603], [-122.226637, 37.757765], [-122.226729, 37.757832], [-122.22737, 37.758278], [-122.229293, 37.759616], [-122.229799, 37.759968], [-122.22957, 37.76019], [-122.22713, 37.76243], [-122.225367, 37.764074], [-122.225328, 37.764008], [-122.225245, 37.763783], [-122.22524, 37.763768], [-122.225141, 37.76347], [-122.225065, 37.763206], [-122.224982, 37.762888], [-122.224927, 37.762646], [-122.224912, 37.76258], [-122.224878, 37.762393], [-122.224866, 37.762263], [-122.224857, 37.762173], [-122.224832, 37.762035], [-122.224787, 37.761772], [-122.224759, 37.761531], [-122.224753, 37.761351], [-122.224752, 37.761311], [-122.224752, 37.761121], [-122.224752, 37.761003], [-122.224764, 37.760861], [-122.224807, 37.76036], [-122.224826, 37.7603], [-122.224842, 37.760256], [-122.224852, 37.76022], [-122.224863, 37.760184], [-122.224872, 37.76009], [-122.224877, 37.760047], [-122.224886, 37.759831], [-122.22489, 37.759734], [-122.22489, 37.759344], [-122.224911, 37.759091], [-122.224911, 37.759014], [-122.224911, 37.758838], [-122.224897, 37.758668], [-122.224889, 37.7586], [-122.22547, 37.75772]]]]}}, {"type": "Feature", "properties": {"grade": "B", "cat": "Still Desirable", "city": "Oakland", "label": "B46"}, "geometry": {"type": "MultiPolygon", "coordinates": [[[[-122.22693, 37.7565], [-122.23075, 37.75905], [-122.229799, 37.759968], [-122.229293, 37.759616], [-122.22737, 37.758278], [-122.226729, 37.757832], [-122.226637, 37.757765], [-122.226401, 37.757603], [-122.226033, 37.75735], [-122.225983, 37.757292], [-122.22693, 37.7565]]]]}}, {"type": "Feature", "properties": {"grade": "B", "cat": "Still Desirable", "city": "Oakland", "label": "B5"}, "geometry": {"type": "MultiPolygon", "coordinates": [[[[-122.27241, 37.8903], [-122.27238, 37.89077], [-122.27217, 37.89147], [-122.27237, 37.89222], [-122.27188, 37.89227], [-122.27108, 37.89225], [-122.27064, 37.89213], [-122.27034, 37.89186], [-122.27026, 37.89151], [-122.26946, 37.892], [-122.269436, 37.891987], [-122.269633, 37.891883], [-122.269977, 37.891671], [-122.270158, 37.89156], [-122.271164, 37.890899], [-122.272193, 37.890258], [-122.27241, 37.8903]]]]}}, {"type": "Feature", "properties": {"grade": "B", "cat": "Still Desirable", "city": "Oakland", "label": "B5"}, "geometry": {"type": "MultiPolygon", "coordinates": [[[[-122.26879, 37.89163], [-122.26776, 37.89081], [-122.26728, 37.8904], [-122.267164, 37.890348], [-122.267158, 37.8903], [-122.267113, 37.890126], [-122.267098, 37.890086], [-122.266994, 37.889787], [-122.266794, 37.889175], [-122.266762, 37.889088], [-122.26673, 37.888997], [-122.26672, 37.88895], [-122.266713, 37.888859], [-122.266715, 37.888744], [-122.266736, 37.888633], [-122.266763, 37.888492], [-122.266807, 37.888301], [-122.266812, 37.888281], [-122.266838, 37.888193], [-122.266848, 37.888092], [-122.266846, 37.887923], [-122.266839, 37.887781], [-122.266835, 37.887759], [-122.266657, 37.886466], [-122.266638, 37.886322], [-122.266609, 37.886035], [-122.266833, 37.886007], [-122.267505, 37.885925], [-122.26773, 37.885898], [-122.267949, 37.885867], [-122.268608, 37.885776], [-122.26873, 37.88576], [-122.268828, 37.88575], [-122.269057, 37.88572], [-122.269748, 37.885632], [-122.269978, 37.885603], [-122.270074, 37.885591], [-122.27016, 37.88621], [-122.27112, 37.88669], [-122.27198, 37.88722], [-122.27255, 37.88767], [-122.27262, 37.8881], [-122.2724, 37.88877], [-122.27155, 37.88933], [-122.27148, 37.88967], [-122.27194, 37.89021], [-122.272193, 37.890258], [-122.271164, 37.890899], [-122.270158, 37.89156], [-122.269977, 37.891671], [-122.269633, 37.891883], [-122.269436, 37.891987], [-122.26879, 37.89163]]]]}}, {"type": "Feature", "properties": {"grade": "B", "cat": "Still Desirable", "city": "Oakland", "label": "B5"}, "geometry": {"type": "MultiPolygon", "coordinates": [[[[-122.26654, 37.89007], [-122.26591, 37.89001], [-122.26565, 37.88796], [-122.265437, 37.886195], [-122.265503, 37.886186], [-122.265723, 37.886148], [-122.266, 37.886101], [-122.266162, 37.886083], [-122.266386, 37.886059], [-122.266609, 37.886035], [-122.266638, 37.886322], [-122.266657, 37.886466], [-122.266835, 37.887759], [-122.266839, 37.887781], [-122.266846, 37.887923], [-122.266848, 37.888092], [-122.266838, 37.888193], [-122.266812, 37.888281], [-122.266807, 37.888301], [-122.266763, 37.888492], [-122.266736, 37.888633], [-122.266715, 37.888744], [-122.266713, 37.888859], [-122.26672, 37.88895], [-122.26673, 37.888997], [-122.266762, 37.889088], [-122.266794, 37.889175], [-122.266994, 37.889787], [-122.267098, 37.890086], [-122.267113, 37.890126], [-122.267158, 37.8903], [-122.267164, 37.890348], [-122.26654, 37.89007]]], [[[-122.26192, 37.88348], [-122.26172, 37.8832], [-122.261651, 37.883061], [-122.261699, 37.883053], [-122.261753, 37.88312], [-122.261915, 37.883322], [-122.26197, 37.88339], [-122.262125, 37.883569], [-122.262192, 37.883646], [-122.26192, 37.88348]]]]}}, {"type": "Feature", "properties": {"grade": "B", "cat": "Still Desirable", "city": "Oakland", "label": "B5"}, "geometry": {"type": "MultiPolygon", "coordinates": [[[[-122.26468, 37.87896], [-122.264677, 37.878943], [-122.264794, 37.878928], [-122.265512, 37.878836], [-122.265752, 37.878806], [-122.265797, 37.879165], [-122.265926, 37.88018], [-122.265934, 37.880245], [-122.265978, 37.880606], [-122.266017, 37.880968], [-122.26609, 37.881623], [-122.266124, 37.882059], [-122.266153, 37.882423], [-122.266197, 37.882695], [-122.266289, 37.883251], [-122.266314, 37.883458], [-122.266318, 37.883514], [-122.266343, 37.88379], [-122.26635, 37.883863], [-122.266373, 37.884085], [-122.266381, 37.884159], [-122.266401, 37.884357], [-122.266422, 37.884561], [-122.266468, 37.884952], [-122.266492, 37.885151], [-122.266516, 37.885327], [-122.266573, 37.885743], [-122.266587, 37.885857], [-122.266609, 37.886035], [-122.266386, 37.886059], [-122.266162, 37.886083], [-122.266, 37.886101], [-122.265723, 37.886148], [-122.265503, 37.886186], [-122.265437, 37.886195], [-122.26533, 37.88531], [-122.26311, 37.88555], [-122.26307, 37.88504], [-122.26298, 37.8846], [-122.26284, 37.88419], [-122.26246, 37.88381], [-122.262192, 37.883646], [-122.262125, 37.883569], [-122.26197, 37.88339], [-122.261915, 37.883322], [-122.261753, 37.88312], [-122.261699, 37.883053], [-122.261651, 37.883061], [-122.26158, 37.88292], [-122.26001, 37.88312], [-122.25964, 37.88324], [-122.25822, 37.88337], [-122.25749, 37.88362], [-122.25677, 37.88391], [-122.25621, 37.88431], [-122.25578, 37.88437], [-122.25494, 37.88438], [-122.25447, 37.88417], [-122.25418, 37.88385], [-122.25402, 37.88349], [-122.25368, 37.8831], [-122.25349, 37.88304], [-122.25344, 37.88313], [-122.25345, 37.88337], [-122.2535, 37.8836], [-122.25344, 37.88361], [-122.25315, 37.88344], [-122.25262, 37.8827], [-122.25242, 37.88207], [-122.25225, 37.88158], [-122.25201, 37.88142], [-122.25144, 37.88136], [-122.25078, 37.8813], [-122.25063, 37.88116], [-122.25062, 37.8809], [-122.25309, 37.88053], [-122.253422, 37.880464], [-122.254304, 37.880354], [-122.255083, 37.880257], [-122.255493, 37.880206], [-122.255593, 37.880194], [-122.255732, 37.880169], [-122.25615, 37.880093], [-122.25629, 37.880069], [-122.256355, 37.880032], [-122.256374, 37.880023], [-122.256432, 37.879996], [-122.256498, 37.879974], [-122.256567, 37.87996], [-122.256643, 37.879959], [-122.256675, 37.880034], [-122.256861, 37.880261], [-122.257009, 37.880441], [-122.257106, 37.880537], [-122.257154, 37.880553], [-122.257214, 37.880564], [-122.257292, 37.880562], [-122.257415, 37.880543], [-122.257548, 37.880497], [-122.257632, 37.880463], [-122.257768, 37.880453], [-122.257843, 37.88047], [-122.25786, 37.880474], [-122.257923, 37.880499], [-122.258029, 37.880529], [-122.258163, 37.880559], [-122.258205, 37.880573], [-122.258193, 37.880476], [-122.258176, 37.880449], [-122.258114, 37.880412], [-122.258068, 37.880396], [-122.258033, 37.880373], [-122.258002, 37.880344], [-122.257942, 37.880244], [-122.257922, 37.88019], [-122.257892, 37.880129], [-122.257857, 37.880079], [-122.257809, 37.880027], [-122.257758, 37.879984], [-122.257702, 37.879963], [-122.25766, 37.879938], [-122.257621, 37.879893], [-122.257568, 37.879803], [-122.257642, 37.879826], [-122.257735, 37.879833], [-122.257817, 37.879829], [-122.258052, 37.879821], [-122.258176, 37.879804], [-122.258442, 37.879779], [-122.25857, 37.879752], [-122.258612, 37.879744], [-122.258822, 37.879723], [-122.259276, 37.87966], [-122.260481, 37.879496], [-122.26054, 37.87949], [-122.26074, 37.879464], [-122.261098, 37.879422], [-122.261314, 37.879394], [-122.261481, 37.879372], [-122.261966, 37.879311], [-122.262183, 37.879284], [-122.262361, 37.879258], [-122.262444, 37.879246], [-122.26468, 37.87896]]]]}}, {"type": "Feature", "properties": {"grade": "B", "cat": "Still Desirable", "city": "Oakland", "label": "B5"}, "geometry": {"type": "MultiPolygon", "coordinates": [[[[-122.26689, 37.87873], [-122.26596, 37.87887], [-122.26621, 37.88239], [-122.26841, 37.88209], [-122.26958, 37.88193], [-122.26984, 37.88384], [-122.26863, 37.88394], [-122.26881, 37.88571], [-122.27007, 37.88556], [-122.270074, 37.885591], [-122.269978, 37.885603], [-122.269748, 37.885632], [-122.269057, 37.88572], [-122.268828, 37.88575], [-122.26873, 37.88576], [-122.268608, 37.885776], [-122.267949, 37.885867], [-122.26773, 37.885898], [-122.267505, 37.885925], [-122.266833, 37.886007], [-122.266609, 37.886035], [-122.266587, 37.885857], [-122.266573, 37.885743], [-122.266516, 37.885327], [-122.266492, 37.885151], [-122.266468, 37.884952], [-122.266422, 37.884561], [-122.266401, 37.884357], [-122.266381, 37.884159], [-122.266373, 37.884085], [-122.26635, 37.883863], [-122.266343, 37.88379], [-122.266318, 37.883514], [-122.266314, 37.883458], [-122.266289, 37.883251], [-122.266197, 37.882695], [-122.266153, 37.882423], [-122.266124, 37.882059], [-122.26609, 37.881623], [-122.266017, 37.880968], [-122.265978, 37.880606], [-122.265934, 37.880245], [-122.265926, 37.88018], [-122.265797, 37.879165], [-122.265752, 37.878806], [-122.265832, 37.878816], [-122.265976, 37.878797], [-122.266378, 37.878744], [-122.266649, 37.878712], [-122.266874, 37.878685], [-122.266883, 37.878684], [-122.26689, 37.87873]]]]}}, {"type": "Feature", "properties": {"grade": "B", "cat": "Still Desirable", "city": "Oakland", "label": "B5"}, "geometry": {"type": "MultiPolygon", "coordinates": [[[[-122.26646, 37.87569], [-122.266883, 37.878684], [-122.266874, 37.878685], [-122.266649, 37.878712], [-122.266378, 37.878744], [-122.265976, 37.878797], [-122.265832, 37.878816], [-122.265752, 37.878806], [-122.26573, 37.878505], [-122.265667, 37.877605], [-122.265646, 37.877305], [-122.265646, 37.877238], [-122.265648, 37.877037], [-122.26565, 37.876971], [-122.265612, 37.876874], [-122.265447, 37.876515], [-122.265442, 37.876464], [-122.265427, 37.876305], [-122.265457, 37.876146], [-122.265497, 37.875981], [-122.26556, 37.875816], [-122.26646, 37.87569]]]]}}, {"type": "Feature", "properties": {"grade": "B", "cat": "Still Desirable", "city": "Oakland", "label": "B5"}, "geometry": {"type": "MultiPolygon", "coordinates": [[[[-122.2645, 37.87809], [-122.26428, 37.87583], [-122.26503, 37.87589], [-122.26556, 37.875816], [-122.265497, 37.875981], [-122.265457, 37.876146], [-122.265427, 37.876305], [-122.265442, 37.876464], [-122.265447, 37.876515], [-122.265612, 37.876874], [-122.26565, 37.876971], [-122.265648, 37.877037], [-122.265646, 37.877238], [-122.265646, 37.877305], [-122.265667, 37.877605], [-122.26573, 37.878505], [-122.265752, 37.878806], [-122.265512, 37.878836], [-122.264794, 37.878928], [-122.264677, 37.878943], [-122.2645, 37.87809]]], [[[-122.262444, 37.879246], [-122.262361, 37.879258], [-122.262183, 37.879284], [-122.261966, 37.879311], [-122.261481, 37.879372], [-122.261314, 37.879394], [-122.261098, 37.879422], [-122.26074, 37.879464], [-122.262444, 37.879246]]], [[[-122.25619, 37.87991], [-122.260481, 37.879496], [-122.259276, 37.87966], [-122.258822, 37.879723], [-122.258612, 37.879744], [-122.25857, 37.879752], [-122.258442, 37.879779], [-122.258176, 37.879804], [-122.258052, 37.879821], [-122.257817, 37.879829], [-122.257735, 37.879833], [-122.257642, 37.879826], [-122.257568, 37.879803], [-122.257621, 37.879893], [-122.25766, 37.879938], [-122.257702, 37.879963], [-122.257758, 37.879984], [-122.257809, 37.880027], [-122.257857, 37.880079], [-122.257892, 37.880129], [-122.257922, 37.88019], [-122.257942, 37.880244], [-122.258002, 37.880344], [-122.258033, 37.880373], [-122.258068, 37.880396], [-122.258114, 37.880412], [-122.258176, 37.880449], [-122.258193, 37.880476], [-122.258205, 37.880573], [-122.258163, 37.880559], [-122.258029, 37.880529], [-122.257923, 37.880499], [-122.25786, 37.880474], [-122.257843, 37.88047], [-122.257768, 37.880453], [-122.257632, 37.880463], [-122.257548, 37.880497], [-122.257415, 37.880543], [-122.257292, 37.880562], [-122.257214, 37.880564], [-122.257154, 37.880553], [-122.257106, 37.880537], [-122.257009, 37.880441], [-122.256861, 37.880261], [-122.256675, 37.880034], [-122.256643, 37.879959], [-122.256567, 37.87996], [-122.256498, 37.879974], [-122.256432, 37.879996], [-122.256374, 37.880023], [-122.256355, 37.880032], [-122.25629, 37.880069], [-122.25615, 37.880093], [-122.255732, 37.880169], [-122.255593, 37.880194], [-122.255493, 37.880206], [-122.255083, 37.880257], [-122.25507, 37.880134], [-122.25619, 37.87991]]]]}}, {"type": "Feature", "properties": {"grade": "B", "cat": "Still Desirable", "city": "Oakland", "label": "B5"}, "geometry": {"type": "MultiPolygon", "coordinates": [[[[-122.25507, 37.880134], [-122.255083, 37.880257], [-122.254304, 37.880354], [-122.253422, 37.880464], [-122.25507, 37.880134]]]]}}, {"type": "Feature", "properties": {"grade": "B", "cat": "Still Desirable", "city": "Oakland", "label": "B6"}, "geometry": {"type": "MultiPolygon", "coordinates": [[[[-122.28323, 37.88251], [-122.283239, 37.882486], [-122.28343, 37.88244], [-122.283554, 37.882344], [-122.283771, 37.882365], [-122.283916, 37.882422], [-122.284055, 37.882446], [-122.28323, 37.88251]]], [[[-122.284346, 37.882423], [-122.284576, 37.882365], [-122.284761, 37.88237], [-122.284755, 37.882391], [-122.284346, 37.882423]]]]}}, {"type": "Feature", "properties": {"grade": "B", "cat": "Still Desirable", "city": "Oakland", "label": "B6"}, "geometry": {"type": "MultiPolygon", "coordinates": [[[[-122.28475, 37.87844], [-122.28721, 37.87753], [-122.28768, 37.87849], [-122.28613, 37.87943], [-122.2849, 37.88238], [-122.284755, 37.882391], [-122.284761, 37.88237], [-122.284576, 37.882365], [-122.284346, 37.882423], [-122.284055, 37.882446], [-122.283916, 37.882422], [-122.283771, 37.882365], [-122.283554, 37.882344], [-122.28343, 37.88244], [-122.283239, 37.882486], [-122.28475, 37.87844]]]]}}, {"type": "Feature", "properties": {"grade": "B", "cat": "Still Desirable", "city": "Oakland", "label": "B7"}, "geometry": {"type": "MultiPolygon", "coordinates": [[[[-122.24528, 37.87205], [-122.24569, 37.87623], [-122.24486, 37.87646], [-122.24398, 37.87672], [-122.24307, 37.87698], [-122.24162, 37.87721], [-122.24077, 37.87713], [-122.23972, 37.87695], [-122.23868, 37.87665], [-122.23792, 37.87633], [-122.2373, 37.8759], [-122.23656, 37.87533], [-122.23613, 37.87477], [-122.2358, 37.87441], [-122.23549, 37.87391], [-122.23552, 37.87359], [-122.23578, 37.87314], [-122.23659, 37.87293], [-122.23739, 37.87278], [-122.23813, 37.87265], [-122.23872, 37.87239], [-122.23968, 37.87201], [-122.24032, 37.87184], [-122.24129, 37.87167], [-122.24174, 37.87147], [-122.24205, 37.87124], [-122.24229, 37.87096], [-122.24229, 37.87072], [-122.24203, 37.87047], [-122.24124, 37.87038], [-122.24051, 37.87023], [-122.23887, 37.87019], [-122.23756, 37.87014], [-122.23609, 37.87015], [-122.23492, 37.87025], [-122.23342, 37.87034], [-122.23186, 37.87053], [-122.23045, 37.87081], [-122.22891, 37.87122], [-122.22796, 37.87117], [-122.22713, 37.8709], [-122.22671, 37.8705], [-122.22669, 37.87005], [-122.22721, 37.8697], [-122.22833, 37.86893], [-122.22885, 37.86803], [-122.23026, 37.86705], [-122.23206, 37.86602], [-122.23299, 37.86544], [-122.23339, 37.86486], [-122.23394, 37.86429], [-122.23458, 37.86382], [-122.23499, 37.86328], [-122.23532, 37.86332], [-122.23551, 37.86718], [-122.244861, 37.866484], [-122.244845, 37.866594], [-122.244829, 37.866646], [-122.244812, 37.866667], [-122.244806, 37.866675], [-122.244779, 37.866706], [-122.244944, 37.866801], [-122.245063, 37.86687], [-122.245022, 37.866912], [-122.245013, 37.86692], [-122.244976, 37.866944], [-122.244936, 37.86697], [-122.244814, 37.867051], [-122.244749, 37.86721], [-122.244704, 37.867268], [-122.244603, 37.8674], [-122.244826, 37.867582], [-122.244928, 37.867684], [-122.244942, 37.867925], [-122.244951, 37.868002], [-122.244991, 37.868353], [-122.245001, 37.868452], [-122.245025, 37.868646], [-122.245074, 37.869033], [-122.245081, 37.869101], [-122.245087, 37.869147], [-122.245103, 37.869314], [-122.245127, 37.869466], [-122.24515, 37.869664], [-122.245156, 37.869737], [-122.245171, 37.86989], [-122.245176, 37.869936], [-122.245267, 37.870736], [-122.245403, 37.871972], [-122.24528, 37.87205]]]]}}, {"type": "Feature", "properties": {"grade": "B", "cat": "Still Desirable", "city": "Oakland", "label": "B7"}, "geometry": {"type": "MultiPolygon", "coordinates": [[[[-122.24882, 37.86619], [-122.24956, 37.86613], [-122.24994, 37.86777], [-122.250156, 37.869349], [-122.249996, 37.869359], [-122.249942, 37.869363], [-122.249667, 37.869488], [-122.249664, 37.869519], [-122.249594, 37.870289], [-122.249579, 37.870301], [-122.249453, 37.87033], [-122.249376, 37.870332], [-122.249217, 37.870317], [-122.248943, 37.870266], [-122.248862, 37.870238], [-122.248723, 37.870145], [-122.248667, 37.870118], [-122.248608, 37.870104], [-122.248533, 37.870092], [-122.248446, 37.870087], [-122.248369, 37.870091], [-122.248311, 37.870102], [-122.248026, 37.870208], [-122.24784, 37.870284], [-122.247615, 37.870354], [-122.247495, 37.870378], [-122.247452, 37.870387], [-122.247382, 37.870409], [-122.247342, 37.870429], [-122.247313, 37.870447], [-122.246806, 37.870414], [-122.246483, 37.870304], [-122.246142, 37.869976], [-122.246121, 37.869975], [-122.24597, 37.869958], [-122.245912, 37.869944], [-122.245851, 37.869919], [-122.245777, 37.869896], [-122.24573, 37.869877], [-122.245586, 37.869821], [-122.245519, 37.869806], [-122.245501, 37.869802], [-122.245314, 37.869774], [-122.245231, 37.869762], [-122.245185, 37.869751], [-122.245156, 37.869737], [-122.24515, 37.869664], [-122.245127, 37.869466], [-122.245103, 37.869314], [-122.245087, 37.869147], [-122.245081, 37.869101], [-122.245074, 37.869033], [-122.245025, 37.868646], [-122.245001, 37.868452], [-122.244991, 37.868353], [-122.244951, 37.868002], [-122.244942, 37.867925], [-122.244928, 37.867684], [-122.244826, 37.867582], [-122.244603, 37.8674], [-122.244704, 37.867268], [-122.244749, 37.86721], [-122.244814, 37.867051], [-122.244936, 37.86697], [-122.244976, 37.866944], [-122.245013, 37.86692], [-122.245022, 37.866912], [-122.245063, 37.86687], [-122.244944, 37.866801], [-122.244779, 37.866706], [-122.244806, 37.866675], [-122.244812, 37.866667], [-122.244829, 37.866646], [-122.244845, 37.866594], [-122.244861, 37.866484], [-122.24882, 37.86619]]]]}}, {"type": "Feature", "properties": {"grade": "B", "cat": "Still Desirable", "city": "Oakland", "label": "B7"}, "geometry": {"type": "MultiPolygon", "coordinates": [[[[-122.25017, 37.86945], [-122.24945, 37.87051], [-122.24899, 37.87062], [-122.24834, 37.87065], [-122.24717, 37.87104], [-122.24656, 37.87124], [-122.245403, 37.871972], [-122.245267, 37.870736], [-122.245176, 37.869936], [-122.245171, 37.86989], [-122.245156, 37.869737], [-122.245185, 37.869751], [-122.245231, 37.869762], [-122.245314, 37.869774], [-122.245501, 37.869802], [-122.245519, 37.869806], [-122.245586, 37.869821], [-122.24573, 37.869877], [-122.245777, 37.869896], [-122.245851, 37.869919], [-122.245912, 37.869944], [-122.24597, 37.869958], [-122.246121, 37.869975], [-122.246142, 37.869976], [-122.246483, 37.870304], [-122.246806, 37.870414], [-122.247313, 37.870447], [-122.247342, 37.870429], [-122.247382, 37.870409], [-122.247452, 37.870387], [-122.247495, 37.870378], [-122.247615, 37.870354], [-122.24784, 37.870284], [-122.248026, 37.870208], [-122.248311, 37.870102], [-122.248369, 37.870091], [-122.248446, 37.870087], [-122.248533, 37.870092], [-122.248608, 37.870104], [-122.248667, 37.870118], [-122.248723, 37.870145], [-122.248862, 37.870238], [-122.248943, 37.870266], [-122.249217, 37.870317], [-122.249376, 37.870332], [-122.249453, 37.87033], [-122.249579, 37.870301], [-122.249594, 37.870289], [-122.249664, 37.869519], [-122.249667, 37.869488], [-122.249942, 37.869363], [-122.249996, 37.869359], [-122.250156, 37.869349], [-122.25017, 37.86945]]]]}}, {"type": "Feature", "properties": {"grade": "B", "cat": "Still Desirable", "city": "Oakland", "label": "B8"}, "geometry": {"type": "MultiPolygon", "coordinates": [[[[-122.24706, 37.8512], [-122.2517, 37.85101], [-122.251788, 37.851007], [-122.251729, 37.851022], [-122.251516, 37.851095], [-122.251273, 37.85117], [-122.251083, 37.85123], [-122.251008, 37.851184], [-122.25096, 37.851159], [-122.250883, 37.851118], [-122.250809, 37.851216], [-122.250681, 37.851385], [-122.250532, 37.851379], [-122.250472, 37.851387], [-122.250328, 37.851393], [-122.250185, 37.851406], [-122.250037, 37.851416], [-122.250025, 37.851387], [-122.250003, 37.851346], [-122.249981, 37.851294], [-122.249629, 37.851411], [-122.249473, 37.851448], [-122.24943, 37.85145], [-122.249387, 37.851452], [-122.249155, 37.851466], [-122.248984, 37.851475], [-122.248781, 37.851487], [-122.248757, 37.851488], [-122.248217, 37.85152], [-122.247757, 37.851552], [-122.247501, 37.851571], [-122.247433, 37.851616], [-122.24738, 37.851648], [-122.247354, 37.851647], [-122.247253, 37.851576], [-122.247131, 37.851586], [-122.247094, 37.851588], [-122.24706, 37.8512]]]]}}, {"type": "Feature", "properties": {"grade": "B", "cat": "Still Desirable", "city": "Oakland", "label": "B8"}, "geometry": {"type": "MultiPolygon", "coordinates": [[[[-122.253482, 37.853808], [-122.253483, 37.853811], [-122.253346, 37.85383], [-122.253345, 37.853825], [-122.253482, 37.853808]]], [[[-122.253273, 37.853694], [-122.253265, 37.853695], [-122.253254, 37.853596], [-122.253273, 37.853694]]]]}}, {"type": "Feature", "properties": {"grade": "B", "cat": "Still Desirable", "city": "Oakland", "label": "B8"}, "geometry": {"type": "MultiPolygon", "coordinates": [[[[-122.25343, 37.85987], [-122.253369, 37.859873], [-122.253367, 37.859848], [-122.253338, 37.859578], [-122.253328, 37.859491], [-122.253253, 37.858769], [-122.253225, 37.8585], [-122.253199, 37.858217], [-122.253124, 37.85737], [-122.253099, 37.857088], [-122.253339, 37.857054], [-122.253969, 37.856968], [-122.25406, 37.856957], [-122.254301, 37.856931], [-122.254551, 37.856899], [-122.255304, 37.856806], [-122.255555, 37.856775], [-122.255813, 37.856742], [-122.256589, 37.856647], [-122.256623, 37.856643], [-122.25694, 37.85792], [-122.2568, 37.85811], [-122.25713, 37.86156], [-122.257231, 37.861593], [-122.256137, 37.861661], [-122.255876, 37.86168], [-122.255093, 37.861737], [-122.254833, 37.861757], [-122.254576, 37.86177], [-122.253808, 37.861809], [-122.253552, 37.861823], [-122.253544, 37.861738], [-122.25352, 37.861483], [-122.253513, 37.861399], [-122.253502, 37.861249], [-122.253484, 37.86098], [-122.25343, 37.85987]]]]}}, {"type": "Feature", "properties": {"grade": "B", "cat": "Still Desirable", "city": "Oakland", "label": "B8"}, "geometry": {"type": "MultiPolygon", "coordinates": [[[[-122.25747, 37.86167], [-122.25783, 37.8652], [-122.25397, 37.86567], [-122.253819, 37.864425], [-122.253806, 37.864301], [-122.253769, 37.863942], [-122.253763, 37.863878], [-122.253748, 37.863686], [-122.253743, 37.863622], [-122.25371, 37.863325], [-122.253613, 37.862435], [-122.253581, 37.862139], [-122.253575, 37.862075], [-122.253557, 37.861886], [-122.253552, 37.861823], [-122.253808, 37.861809], [-122.254576, 37.86177], [-122.254833, 37.861757], [-122.255093, 37.861737], [-122.255876, 37.86168], [-122.256137, 37.861661], [-122.257231, 37.861593], [-122.25747, 37.86167]]]]}}, {"type": "Feature", "properties": {"grade": "B", "cat": "Still Desirable", "city": "Oakland", "label": "B8"}, "geometry": {"type": "MultiPolygon", "coordinates": [[[[-122.25221, 37.85993], [-122.25242, 37.86225], [-122.24869, 37.86256], [-122.24718, 37.8627], [-122.2468, 37.85991], [-122.24745, 37.85981], [-122.24722, 37.857968], [-122.247396, 37.857957], [-122.247547, 37.857947], [-122.247723, 37.857935], [-122.248251, 37.857901], [-122.248428, 37.85789], [-122.248566, 37.857881], [-122.248983, 37.857855], [-122.249122, 37.857847], [-122.249255, 37.857839], [-122.249654, 37.857819], [-122.249788, 37.857813], [-122.249976, 37.857804], [-122.250525, 37.857779], [-122.250542, 37.857777], [-122.250731, 37.857763], [-122.250821, 37.857745], [-122.25102, 37.857706], [-122.251091, 37.857686], [-122.25118, 37.857662], [-122.251481, 37.857671], [-122.251541, 37.857673], [-122.251766, 37.857675], [-122.25197, 37.857667], [-122.25212, 37.85765], [-122.252167, 37.857639], [-122.252262, 37.85759], [-122.252298, 37.857529], [-122.252304, 37.85749], [-122.252308, 37.857466], [-122.252299, 37.85741], [-122.25228, 37.857365], [-122.252245, 37.857322], [-122.252194, 37.857288], [-122.252156, 37.857249], [-122.252338, 37.857187], [-122.252383, 37.857172], [-122.252454, 37.857154], [-122.252615, 37.857121], [-122.252797, 37.857109], [-122.252907, 37.857104], [-122.253099, 37.857088], [-122.253124, 37.85737], [-122.253199, 37.858217], [-122.253225, 37.8585], [-122.253253, 37.858769], [-122.253328, 37.859491], [-122.253338, 37.859578], [-122.253367, 37.859848], [-122.253369, 37.859873], [-122.25221, 37.85993]]], [[[-122.25354, 37.86213], [-122.253484, 37.86098], [-122.253502, 37.861249], [-122.253513, 37.861399], [-122.25352, 37.861483], [-122.253544, 37.861738], [-122.253552, 37.861823], [-122.253557, 37.861886], [-122.253575, 37.862075], [-122.253581, 37.862139], [-122.253613, 37.862435], [-122.25371, 37.863325], [-122.253743, 37.863622], [-122.253748, 37.863686], [-122.253763, 37.863878], [-122.253769, 37.863942], [-122.253806, 37.864301], [-122.253819, 37.864425], [-122.25354, 37.86213]]]]}}, {"type": "Feature", "properties": {"grade": "B", "cat": "Still Desirable", "city": "Oakland", "label": "B8"}, "geometry": {"type": "MultiPolygon", "coordinates": [[[[-122.2533, 37.85383], [-122.253345, 37.853825], [-122.253346, 37.85383], [-122.253281, 37.85384], [-122.253026, 37.853874], [-122.252834, 37.853901], [-122.252852, 37.85409], [-122.252909, 37.85466], [-122.252928, 37.85485], [-122.252943, 37.855038], [-122.252967, 37.855311], [-122.252991, 37.855603], [-122.253007, 37.855792], [-122.253013, 37.855849], [-122.253034, 37.856023], [-122.253041, 37.856081], [-122.25306, 37.856283], [-122.253119, 37.856891], [-122.253131, 37.857005], [-122.253099, 37.857088], [-122.252907, 37.857104], [-122.252797, 37.857109], [-122.252615, 37.857121], [-122.252454, 37.857154], [-122.252383, 37.857172], [-122.252338, 37.857187], [-122.252156, 37.857249], [-122.252194, 37.857288], [-122.252245, 37.857322], [-122.25228, 37.857365], [-122.252299, 37.85741], [-122.252308, 37.857466], [-122.252304, 37.85749], [-122.252298, 37.857529], [-122.252262, 37.85759], [-122.252167, 37.857639], [-122.25212, 37.85765], [-122.25197, 37.857667], [-122.251766, 37.857675], [-122.251541, 37.857673], [-122.251481, 37.857671], [-122.25118, 37.857662], [-122.251091, 37.857686], [-122.25102, 37.857706], [-122.250821, 37.857745], [-122.250731, 37.857763], [-122.250542, 37.857777], [-122.250525, 37.857779], [-122.249976, 37.857804], [-122.249788, 37.857813], [-122.249654, 37.857819], [-122.249255, 37.857839], [-122.249122, 37.857847], [-122.248983, 37.857855], [-122.248566, 37.857881], [-122.248428, 37.85789], [-122.248251, 37.857901], [-122.247723, 37.857935], [-122.247547, 37.857947], [-122.247396, 37.857957], [-122.24722, 37.857968], [-122.24721, 37.85789], [-122.244, 37.85801], [-122.24365, 37.85519], [-122.24611, 37.85503], [-122.24748, 37.85345], [-122.24721, 37.85289], [-122.247094, 37.851588], [-122.247131, 37.851586], [-122.247253, 37.851576], [-122.247354, 37.851647], [-122.24738, 37.851648], [-122.247433, 37.851616], [-122.247501, 37.851571], [-122.247757, 37.851552], [-122.248217, 37.85152], [-122.248757, 37.851488], [-122.248781, 37.851487], [-122.248984, 37.851475], [-122.249155, 37.851466], [-122.249387, 37.851452], [-122.24943, 37.85145], [-122.249473, 37.851448], [-122.249629, 37.851411], [-122.249981, 37.851294], [-122.250003, 37.851346], [-122.250025, 37.851387], [-122.250037, 37.851416], [-122.250185, 37.851406], [-122.250328, 37.851393], [-122.250472, 37.851387], [-122.250532, 37.851379], [-122.250681, 37.851385], [-122.250809, 37.851216], [-122.250883, 37.851118], [-122.25096, 37.851159], [-122.251008, 37.851184], [-122.251083, 37.85123], [-122.251273, 37.85117], [-122.251516, 37.851095], [-122.251729, 37.851022], [-122.251788, 37.851007], [-122.25274, 37.85097], [-122.253254, 37.853596], [-122.253265, 37.853695], [-122.253273, 37.853694], [-122.2533, 37.85383]]]]}}, {"type": "Feature", "properties": {"grade": "B", "cat": "Still Desirable", "city": "Oakland", "label": "B8"}, "geometry": {"type": "MultiPolygon", "coordinates": [[[[-122.25742, 37.85334], [-122.25808, 37.85642], [-122.25661, 37.85659], [-122.256623, 37.856643], [-122.256589, 37.856647], [-122.255813, 37.856742], [-122.255555, 37.856775], [-122.255304, 37.856806], [-122.254551, 37.856899], [-122.254301, 37.856931], [-122.25406, 37.856957], [-122.253969, 37.856968], [-122.253339, 37.857054], [-122.253099, 37.857088], [-122.253131, 37.857005], [-122.253119, 37.856891], [-122.25306, 37.856283], [-122.253041, 37.856081], [-122.253034, 37.856023], [-122.253013, 37.855849], [-122.253007, 37.855792], [-122.252991, 37.855603], [-122.252967, 37.855311], [-122.252943, 37.855038], [-122.252928, 37.85485], [-122.252909, 37.85466], [-122.252852, 37.85409], [-122.252834, 37.853901], [-122.253026, 37.853874], [-122.253281, 37.85384], [-122.253346, 37.85383], [-122.253483, 37.853811], [-122.253482, 37.853808], [-122.25742, 37.85334]]]]}}, {"type": "Feature", "properties": {"grade": "B", "cat": "Still Desirable", "city": "Oakland", "label": "B9"}, "geometry": {"type": "MultiPolygon", "coordinates": [[[[-122.2517, 37.85101], [-122.252426, 37.850134], [-122.252449, 37.850342], [-122.252503, 37.850826], [-122.252413, 37.85083], [-122.252333, 37.850834], [-122.251893, 37.850979], [-122.251788, 37.851007], [-122.2517, 37.85101]]], [[[-122.25313, 37.84688], [-122.25199, 37.8473], [-122.25194, 37.84623], [-122.25251, 37.84603], [-122.25332, 37.84574], [-122.25399, 37.84547], [-122.25469, 37.84502], [-122.25521, 37.84444], [-122.256095, 37.844822], [-122.255084, 37.846069], [-122.254239, 37.847136], [-122.253902, 37.847542], [-122.25313, 37.84688]]]]}}, {"type": "Feature", "properties": {"grade": "B", "cat": "Still Desirable", "city": "Oakland", "label": "B9"}, "geometry": {"type": "MultiPolygon", "coordinates": [[[[-122.253254, 37.853596], [-122.253241, 37.853475], [-122.253272, 37.853471], [-122.253295, 37.853468], [-122.25331, 37.853466], [-122.253283, 37.853341], [-122.253224, 37.85306], [-122.253197, 37.853063], [-122.253167, 37.852789], [-122.253133, 37.852507], [-122.253115, 37.852378], [-122.253121, 37.85237], [-122.253106, 37.852232], [-122.253079, 37.851984], [-122.253056, 37.851769], [-122.253031, 37.851555], [-122.253, 37.85128], [-122.252995, 37.851238], [-122.25298, 37.851165], [-122.252966, 37.851111], [-122.252964, 37.851099], [-122.25296, 37.851072], [-122.25294, 37.850928], [-122.252919, 37.850772], [-122.252552, 37.850821], [-122.252503, 37.850826], [-122.252449, 37.850342], [-122.252426, 37.850134], [-122.25267, 37.84984], [-122.25256, 37.84962], [-122.25418, 37.84778], [-122.253902, 37.847542], [-122.254239, 37.847136], [-122.255084, 37.846069], [-122.256095, 37.844822], [-122.25616, 37.84485], [-122.2569, 37.84995], [-122.25716, 37.8506], [-122.25768, 37.85062], [-122.258554, 37.853172], [-122.258367, 37.853196], [-122.258338, 37.853041], [-122.258209, 37.853052], [-122.258134, 37.853061], [-122.25804, 37.853074], [-122.257902, 37.853092], [-122.257772, 37.85311], [-122.257508, 37.853145], [-122.257329, 37.853168], [-122.257251, 37.853176], [-122.257274, 37.853298], [-122.257058, 37.85333], [-122.256948, 37.853347], [-122.256412, 37.853419], [-122.256197, 37.853449], [-122.256098, 37.853462], [-122.255802, 37.853501], [-122.255704, 37.853515], [-122.255587, 37.85353], [-122.255239, 37.853577], [-122.255123, 37.853593], [-122.255059, 37.853604], [-122.25487, 37.853637], [-122.254807, 37.853649], [-122.254644, 37.853668], [-122.254157, 37.853726], [-122.253995, 37.853746], [-122.253986, 37.853702], [-122.253968, 37.853611], [-122.253833, 37.85362], [-122.253679, 37.853641], [-122.253593, 37.853654], [-122.253446, 37.853672], [-122.25346, 37.853728], [-122.253468, 37.853763], [-122.253482, 37.853808], [-122.253345, 37.853825], [-122.253329, 37.853743], [-122.253318, 37.853688], [-122.253273, 37.853694], [-122.253254, 37.853596]]]]}}, {"type": "Feature", "properties": {"grade": "B", "cat": "Still Desirable", "city": "Oakland", "label": "B9"}, "geometry": {"type": "MultiPolygon", "coordinates": [[[[-122.25274, 37.85097], [-122.251788, 37.851007], [-122.251893, 37.850979], [-122.252333, 37.850834], [-122.252413, 37.85083], [-122.252503, 37.850826], [-122.252552, 37.850821], [-122.252919, 37.850772], [-122.25294, 37.850928], [-122.25296, 37.851072], [-122.252964, 37.851099], [-122.252966, 37.851111], [-122.25298, 37.851165], [-122.252995, 37.851238], [-122.253, 37.85128], [-122.253031, 37.851555], [-122.253056, 37.851769], [-122.253079, 37.851984], [-122.253106, 37.852232], [-122.253121, 37.85237], [-122.253115, 37.852378], [-122.253133, 37.852507], [-122.253167, 37.852789], [-122.253197, 37.853063], [-122.253224, 37.85306], [-122.253283, 37.853341], [-122.25331, 37.853466], [-122.253295, 37.853468], [-122.253272, 37.853471], [-122.253241, 37.853475], [-122.253254, 37.853596], [-122.25274, 37.85097]]], [[[-122.2533, 37.85383], [-122.253273, 37.853694], [-122.253318, 37.853688], [-122.253329, 37.853743], [-122.253345, 37.853825], [-122.2533, 37.85383]]]]}}, {"type": "Feature", "properties": {"grade": "B", "cat": "Still Desirable", "city": "Oakland", "label": "B9"}, "geometry": {"type": "MultiPolygon", "coordinates": [[[[-122.25856, 37.85319], [-122.25742, 37.85334], [-122.253482, 37.853808], [-122.253468, 37.853763], [-122.25346, 37.853728], [-122.253446, 37.853672], [-122.253593, 37.853654], [-122.253679, 37.853641], [-122.253833, 37.85362], [-122.253968, 37.853611], [-122.253986, 37.853702], [-122.253995, 37.853746], [-122.254157, 37.853726], [-122.254644, 37.853668], [-122.254807, 37.853649], [-122.25487, 37.853637], [-122.255059, 37.853604], [-122.255123, 37.853593], [-122.255239, 37.853577], [-122.255587, 37.85353], [-122.255704, 37.853515], [-122.255802, 37.853501], [-122.256098, 37.853462], [-122.256197, 37.853449], [-122.256412, 37.853419], [-122.256948, 37.853347], [-122.257058, 37.85333], [-122.257274, 37.853298], [-122.257251, 37.853176], [-122.257329, 37.853168], [-122.257508, 37.853145], [-122.257772, 37.85311], [-122.257902, 37.853092], [-122.25804, 37.853074], [-122.258134, 37.853061], [-122.258209, 37.853052], [-122.258338, 37.853041], [-122.258367, 37.853196], [-122.258554, 37.853172], [-122.25856, 37.85319]]]]}}, {"type": "Feature", "properties": {"grade": "C", "cat": "Definitely Declining", "city": "Oakland", "label": "C1"}, "geometry": {"type": "MultiPolygon", "coordinates": [[[[-122.29712, 37.8988], [-122.29682, 37.89761], [-122.29635, 37.89637], [-122.29581, 37.89458], [-122.29566, 37.89395], [-122.29469, 37.89099], [-122.29882, 37.89079], [-122.30015, 37.89487], [-122.30068, 37.89623], [-122.301088, 37.89799], [-122.301002, 37.897948], [-122.30049, 37.89799], [-122.30017, 37.897941], [-122.29969, 37.898085], [-122.29953, 37.8981], [-122.299382, 37.898149], [-122.298913, 37.89824], [-122.298845, 37.898324], [-122.298831, 37.898333], [-122.2986, 37.89841], [-122.29844, 37.898471], [-122.297989, 37.898562], [-122.297844, 37.898594], [-122.29765, 37.898721], [-122.29712, 37.8988]]]]}}, {"type": "Feature", "properties": {"grade": "C", "cat": "Definitely Declining", "city": "Oakland", "label": "C1"}, "geometry": {"type": "MultiPolygon", "coordinates": [[[[-122.30359, 37.89257], [-122.3041, 37.89255], [-122.30551, 37.89681], [-122.30338, 37.89714], [-122.30201, 37.89744], [-122.301493, 37.895894], [-122.3016, 37.895871], [-122.301775, 37.895834], [-122.301939, 37.895799], [-122.302434, 37.895697], [-122.302599, 37.895664], [-122.302481, 37.895293], [-122.302127, 37.894182], [-122.30201, 37.893812], [-122.302175, 37.893776], [-122.302673, 37.893671], [-122.30284, 37.893637], [-122.302721, 37.893264], [-122.302365, 37.892145], [-122.302247, 37.891772], [-122.302414, 37.891737], [-122.302918, 37.891633], [-122.303086, 37.891599], [-122.303167, 37.891344], [-122.303168, 37.891342], [-122.30359, 37.89257]]]]}}, {"type": "Feature", "properties": {"grade": "C", "cat": "Definitely Declining", "city": "Oakland", "label": "C1"}, "geometry": {"type": "MultiPolygon", "coordinates": [[[[-122.298766, 37.887739], [-122.298986, 37.887731], [-122.299171, 37.887725], [-122.300045, 37.88771], [-122.30068, 37.887725], [-122.300963, 37.887698], [-122.301821, 37.887615], [-122.301885, 37.887612], [-122.303168, 37.891342], [-122.303167, 37.891344], [-122.303086, 37.891599], [-122.302918, 37.891633], [-122.302414, 37.891737], [-122.302247, 37.891772], [-122.302365, 37.892145], [-122.302721, 37.893264], [-122.30284, 37.893637], [-122.302673, 37.893671], [-122.302175, 37.893776], [-122.30201, 37.893812], [-122.302127, 37.894182], [-122.302481, 37.895293], [-122.302599, 37.895664], [-122.302434, 37.895697], [-122.301939, 37.895799], [-122.301775, 37.895834], [-122.3016, 37.895871], [-122.301493, 37.895894], [-122.298766, 37.887739]]]]}}, {"type": "Feature", "properties": {"grade": "C", "cat": "Definitely Declining", "city": "Oakland", "label": "C1"}, "geometry": {"type": "MultiPolygon", "coordinates": [[[[-122.29873, 37.88763], [-122.300925, 37.887567], [-122.300951, 37.88765], [-122.300963, 37.887698], [-122.30068, 37.887725], [-122.300045, 37.88771], [-122.299171, 37.887725], [-122.298986, 37.887731], [-122.298766, 37.887739], [-122.29873, 37.88763]]]]}}, {"type": "Feature", "properties": {"grade": "C", "cat": "Definitely Declining", "city": "Oakland", "label": "C1"}, "geometry": {"type": "MultiPolygon", "coordinates": [[[[-122.30186, 37.88754], [-122.301885, 37.887612], [-122.301821, 37.887615], [-122.300963, 37.887698], [-122.300951, 37.88765], [-122.300925, 37.887567], [-122.30186, 37.88754]]]]}}, {"type": "Feature", "properties": {"grade": "C", "cat": "Definitely Declining", "city": "Oakland", "label": "C1"}, "geometry": {"type": "MultiPolygon", "coordinates": [[[[-122.29824, 37.88875], [-122.29853, 37.88976], [-122.29646, 37.8899], [-122.29464, 37.89002], [-122.29343, 37.8902], [-122.2929, 37.88863], [-122.29626, 37.88783], [-122.29587, 37.88647], [-122.29483, 37.88664], [-122.292304, 37.887224], [-122.292278, 37.887138], [-122.292198, 37.886874], [-122.292038, 37.886378], [-122.291733, 37.885447], [-122.291677, 37.885275], [-122.291516, 37.884897], [-122.291358, 37.884474], [-122.291152, 37.883996], [-122.290831, 37.883311], [-122.290757, 37.883147], [-122.290777, 37.883144], [-122.29095, 37.883176], [-122.291089, 37.883091], [-122.291194, 37.883063], [-122.291251, 37.88305], [-122.291369, 37.883051], [-122.291472, 37.883198], [-122.29151, 37.883251], [-122.291602, 37.883263], [-122.291682, 37.883162], [-122.291734, 37.883098], [-122.291834, 37.883058], [-122.29199, 37.883134], [-122.292044, 37.883123], [-122.292068, 37.883113], [-122.292147, 37.883069], [-122.292202, 37.882945], [-122.292321, 37.882896], [-122.292529, 37.88293], [-122.292739, 37.882871], [-122.292827, 37.882937], [-122.292937, 37.88299], [-122.292992, 37.883015], [-122.293074, 37.883057], [-122.29319, 37.882985], [-122.293279, 37.882929], [-122.293416, 37.882973], [-122.293722, 37.883072], [-122.293871, 37.882997], [-122.294017, 37.882924], [-122.294051, 37.882886], [-122.294075, 37.882859], [-122.29447, 37.88293], [-122.29557, 37.88303], [-122.296092, 37.883048], [-122.296107, 37.88306], [-122.296115, 37.883084], [-122.296126, 37.883117], [-122.296151, 37.883196], [-122.296181, 37.883287], [-122.296238, 37.883474], [-122.296414, 37.883441], [-122.296528, 37.88342], [-122.296585, 37.88345], [-122.29824, 37.88875]]]]}}, {"type": "Feature", "properties": {"grade": "C", "cat": "Definitely Declining", "city": "Oakland", "label": "C1"}, "geometry": {"type": "MultiPolygon", "coordinates": [[[[-122.29219, 37.88725], [-122.29153, 37.88509], [-122.29023, 37.88535], [-122.28987, 37.88448], [-122.28907, 37.88427], [-122.289452, 37.883141], [-122.28946, 37.883143], [-122.289558, 37.883114], [-122.289653, 37.883061], [-122.289856, 37.882936], [-122.290206, 37.883015], [-122.29028, 37.883025], [-122.290371, 37.883046], [-122.290535, 37.883196], [-122.290611, 37.883173], [-122.290757, 37.883147], [-122.290831, 37.883311], [-122.291152, 37.883996], [-122.291358, 37.884474], [-122.291516, 37.884897], [-122.291677, 37.885275], [-122.291733, 37.885447], [-122.292038, 37.886378], [-122.292198, 37.886874], [-122.292278, 37.887138], [-122.292304, 37.887224], [-122.29219, 37.88725]]]]}}, {"type": "Feature", "properties": {"grade": "C", "cat": "Definitely Declining", "city": "Oakland", "label": "C1"}, "geometry": {"type": "MultiPolygon", "coordinates": [[[[-122.28954, 37.88288], [-122.29026, 37.88272], [-122.29115, 37.88265], [-122.29198, 37.8826], [-122.2929, 37.88265], [-122.29397, 37.88284], [-122.294075, 37.882859], [-122.294051, 37.882886], [-122.294017, 37.882924], [-122.293871, 37.882997], [-122.293722, 37.883072], [-122.293416, 37.882973], [-122.293279, 37.882929], [-122.29319, 37.882985], [-122.293074, 37.883057], [-122.292992, 37.883015], [-122.292937, 37.88299], [-122.292827, 37.882937], [-122.292739, 37.882871], [-122.292529, 37.88293], [-122.292321, 37.882896], [-122.292202, 37.882945], [-122.292147, 37.883069], [-122.292068, 37.883113], [-122.292044, 37.883123], [-122.29199, 37.883134], [-122.291834, 37.883058], [-122.291734, 37.883098], [-122.291682, 37.883162], [-122.291602, 37.883263], [-122.29151, 37.883251], [-122.291472, 37.883198], [-122.291369, 37.883051], [-122.291251, 37.88305], [-122.291194, 37.883063], [-122.291089, 37.883091], [-122.29095, 37.883176], [-122.290777, 37.883144], [-122.290757, 37.883147], [-122.290611, 37.883173], [-122.290535, 37.883196], [-122.290371, 37.883046], [-122.29028, 37.883025], [-122.290206, 37.883015], [-122.289856, 37.882936], [-122.289653, 37.883061], [-122.289558, 37.883114], [-122.28946, 37.883143], [-122.289452, 37.883141], [-122.28954, 37.88288]]], [[[-122.29614, 37.88305], [-122.29646, 37.88305], [-122.296585, 37.88345], [-122.296528, 37.88342], [-122.296414, 37.883441], [-122.296238, 37.883474], [-122.296181, 37.883287], [-122.296151, 37.883196], [-122.296126, 37.883117], [-122.296115, 37.883084], [-122.296107, 37.88306], [-122.296092, 37.883048], [-122.29614, 37.88305]]]]}}, {"type": "Feature", "properties": {"grade": "C", "cat": "Definitely Declining", "city": "Oakland", "label": "C1"}, "geometry": {"type": "MultiPolygon", "coordinates": [[[[-122.29786, 37.89869], [-122.29765, 37.898721], [-122.297844, 37.898594], [-122.297989, 37.898562], [-122.29844, 37.898471], [-122.29786, 37.89869]]], [[[-122.298831, 37.898333], [-122.298845, 37.898324], [-122.298913, 37.89824], [-122.299382, 37.898149], [-122.298831, 37.898333]]], [[[-122.30113, 37.89817], [-122.3003, 37.89803], [-122.29969, 37.898085], [-122.30017, 37.897941], [-122.30049, 37.89799], [-122.301002, 37.897948], [-122.301088, 37.89799], [-122.30113, 37.89817]]]]}}, {"type": "Feature", "properties": {"grade": "C", "cat": "Definitely Declining", "city": "Oakland", "label": "C10"}, "geometry": {"type": "MultiPolygon", "coordinates": [[[[-122.25521, 37.84444], [-122.25469, 37.84502], [-122.25399, 37.84547], [-122.25332, 37.84574], [-122.25251, 37.84603], [-122.252419, 37.844529], [-122.252871, 37.844354], [-122.254366, 37.843773], [-122.254958, 37.84356], [-122.256866, 37.842935], [-122.257078, 37.842867], [-122.257155, 37.842843], [-122.257325, 37.84279], [-122.257444, 37.842752], [-122.257635, 37.842693], [-122.257047, 37.843553], [-122.257007, 37.843602], [-122.256205, 37.844686], [-122.256095, 37.844822], [-122.25521, 37.84444]]], [[[-122.25134, 37.84744], [-122.24944, 37.84802], [-122.24832, 37.84631], [-122.245803, 37.847348], [-122.246198, 37.847128], [-122.247241, 37.846599], [-122.247313, 37.846563], [-122.249088, 37.845839], [-122.251156, 37.84502], [-122.25134, 37.84744]]]]}}, {"type": "Feature", "properties": {"grade": "C", "cat": "Definitely Declining", "city": "Oakland", "label": "C10"}, "geometry": {"type": "MultiPolygon", "coordinates": [[[[-122.26234, 37.83774], [-122.26195, 37.83807], [-122.26038, 37.83941], [-122.25843, 37.84153], [-122.257635, 37.842693], [-122.257444, 37.842752], [-122.257325, 37.84279], [-122.257155, 37.842843], [-122.257078, 37.842867], [-122.256866, 37.842935], [-122.254958, 37.84356], [-122.254366, 37.843773], [-122.252871, 37.844354], [-122.252419, 37.844529], [-122.25231, 37.84272], [-122.25196, 37.83971], [-122.25158, 37.83697], [-122.252759, 37.834796], [-122.252852, 37.834865], [-122.253038, 37.834975], [-122.253234, 37.835054], [-122.25346, 37.835146], [-122.253624, 37.835208], [-122.254118, 37.835397], [-122.254283, 37.83546], [-122.254509, 37.835549], [-122.255187, 37.835819], [-122.255414, 37.835909], [-122.255555, 37.835964], [-122.255632, 37.835994], [-122.255765, 37.836045], [-122.256284, 37.836247], [-122.256509, 37.836335], [-122.256713, 37.836408], [-122.256852, 37.836454], [-122.256971, 37.836493], [-122.257348, 37.836584], [-122.25764, 37.836637], [-122.257761, 37.836655], [-122.257919, 37.83668], [-122.258079, 37.836705], [-122.25828, 37.836729], [-122.258604, 37.836783], [-122.259516, 37.836935], [-122.259577, 37.836944], [-122.259902, 37.836994], [-122.259924, 37.836997], [-122.25999, 37.837007], [-122.260012, 37.837011], [-122.260872, 37.837124], [-122.26117, 37.837157], [-122.26163, 37.83721], [-122.262064, 37.837267], [-122.262259, 37.837293], [-122.262361, 37.837314], [-122.262389, 37.83732], [-122.26234, 37.83774]]], [[[-122.24673, 37.8437], [-122.246834, 37.843476], [-122.247031, 37.843163], [-122.2471, 37.843055], [-122.24749, 37.842427], [-122.24813, 37.841392], [-122.249195, 37.839711], [-122.249461, 37.839267], [-122.24973, 37.83884], [-122.250385, 37.837806], [-122.25058, 37.83917], [-122.25111, 37.84441], [-122.251156, 37.84502], [-122.249088, 37.845839], [-122.247313, 37.846563], [-122.247241, 37.846599], [-122.246198, 37.847128], [-122.245803, 37.847348], [-122.244055, 37.84807], [-122.244188, 37.847913], [-122.244285, 37.847733], [-122.24458, 37.847194], [-122.244678, 37.847015], [-122.244695, 37.846982], [-122.244732, 37.846915], [-122.24475, 37.846883], [-122.244768, 37.846851], [-122.244984, 37.846435], [-122.245396, 37.845798], [-122.246083, 37.844667], [-122.246108, 37.844629], [-122.246185, 37.844515], [-122.246211, 37.844478], [-122.24632, 37.844301], [-122.246459, 37.844077], [-122.24673, 37.8437]]]]}}, {"type": "Feature", "properties": {"grade": "C", "cat": "Definitely Declining", "city": "Oakland", "label": "C10"}, "geometry": {"type": "MultiPolygon", "coordinates": [[[[-122.25616, 37.84485], [-122.256095, 37.844822], [-122.256205, 37.844686], [-122.257007, 37.843602], [-122.257047, 37.843553], [-122.25616, 37.84485]]]]}}, {"type": "Feature", "properties": {"grade": "C", "cat": "Definitely Declining", "city": "Oakland", "label": "C10"}, "geometry": {"type": "MultiPolygon", "coordinates": [[[[-122.26313, 37.83093], [-122.262389, 37.83732], [-122.262361, 37.837314], [-122.262259, 37.837293], [-122.262064, 37.837267], [-122.26163, 37.83721], [-122.26117, 37.837157], [-122.260872, 37.837124], [-122.260012, 37.837011], [-122.25999, 37.837007], [-122.259924, 37.836997], [-122.259902, 37.836994], [-122.259577, 37.836944], [-122.259516, 37.836935], [-122.259531, 37.836825], [-122.259555, 37.836698], [-122.259609, 37.836427], [-122.259637, 37.836319], [-122.259643, 37.836298], [-122.25968, 37.836197], [-122.259716, 37.836058], [-122.259827, 37.835645], [-122.259864, 37.835507], [-122.259932, 37.835259], [-122.26014, 37.834516], [-122.260176, 37.834387], [-122.260193, 37.834265], [-122.260175, 37.83408], [-122.260124, 37.833525], [-122.260107, 37.833341], [-122.260092, 37.833187], [-122.260047, 37.832727], [-122.260032, 37.832574], [-122.260009, 37.832433], [-122.260004, 37.8324], [-122.259962, 37.832001], [-122.259988, 37.831871], [-122.260031, 37.831699], [-122.26016, 37.831187], [-122.260191, 37.831068], [-122.26313, 37.83093]]]]}}, {"type": "Feature", "properties": {"grade": "C", "cat": "Definitely Declining", "city": "Oakland", "label": "C10"}, "geometry": {"type": "MultiPolygon", "coordinates": [[[[-122.2535, 37.83343], [-122.25555, 37.83328], [-122.25859, 37.83331], [-122.25856, 37.83223], [-122.25795, 37.83219], [-122.25802, 37.83117], [-122.260191, 37.831068], [-122.26016, 37.831187], [-122.260031, 37.831699], [-122.259988, 37.831871], [-122.259962, 37.832001], [-122.260004, 37.8324], [-122.260009, 37.832433], [-122.260032, 37.832574], [-122.260047, 37.832727], [-122.260092, 37.833187], [-122.260107, 37.833341], [-122.260124, 37.833525], [-122.260175, 37.83408], [-122.260193, 37.834265], [-122.260176, 37.834387], [-122.26014, 37.834516], [-122.259932, 37.835259], [-122.259864, 37.835507], [-122.259827, 37.835645], [-122.259716, 37.836058], [-122.25968, 37.836197], [-122.259643, 37.836298], [-122.259637, 37.836319], [-122.259609, 37.836427], [-122.259555, 37.836698], [-122.259531, 37.836825], [-122.259516, 37.836935], [-122.258604, 37.836783], [-122.25828, 37.836729], [-122.258079, 37.836705], [-122.257919, 37.83668], [-122.257761, 37.836655], [-122.25764, 37.836637], [-122.257348, 37.836584], [-122.256971, 37.836493], [-122.256852, 37.836454], [-122.256713, 37.836408], [-122.256509, 37.836335], [-122.256284, 37.836247], [-122.255765, 37.836045], [-122.255632, 37.835994], [-122.255555, 37.835964], [-122.255414, 37.835909], [-122.255187, 37.835819], [-122.254509, 37.835549], [-122.254283, 37.83546], [-122.254118, 37.835397], [-122.253624, 37.835208], [-122.25346, 37.835146], [-122.253234, 37.835054], [-122.253038, 37.834975], [-122.252852, 37.834865], [-122.252759, 37.834796], [-122.2535, 37.83343]]]]}}, {"type": "Feature", "properties": {"grade": "C", "cat": "Definitely Declining", "city": "Oakland", "label": "C10"}, "geometry": {"type": "MultiPolygon", "coordinates": [[[[-122.24713, 37.84284], [-122.25038, 37.83777], [-122.250385, 37.837806], [-122.24973, 37.83884], [-122.249461, 37.839267], [-122.249195, 37.839711], [-122.24813, 37.841392], [-122.24749, 37.842427], [-122.2471, 37.843055], [-122.247031, 37.843163], [-122.246834, 37.843476], [-122.24713, 37.84284]]], [[[-122.2434, 37.84834], [-122.246459, 37.844077], [-122.24632, 37.844301], [-122.246211, 37.844478], [-122.246185, 37.844515], [-122.246108, 37.844629], [-122.246083, 37.844667], [-122.245396, 37.845798], [-122.244984, 37.846435], [-122.244768, 37.846851], [-122.24475, 37.846883], [-122.244732, 37.846915], [-122.244695, 37.846982], [-122.244678, 37.847015], [-122.24458, 37.847194], [-122.244285, 37.847733], [-122.244188, 37.847913], [-122.244055, 37.84807], [-122.2434, 37.84834]]]]}}, {"type": "Feature", "properties": {"grade": "C", "cat": "Definitely Declining", "city": "Oakland", "label": "C11"}, "geometry": {"type": "MultiPolygon", "coordinates": [[[[-122.26767, 37.83156], [-122.266879, 37.831424], [-122.266895, 37.831339], [-122.266939, 37.831193], [-122.266941, 37.831181], [-122.267006, 37.830878], [-122.267043, 37.830698], [-122.267077, 37.830538], [-122.267251, 37.829656], [-122.267277, 37.82953], [-122.267396, 37.828952], [-122.267419, 37.828852], [-122.267456, 37.82869], [-122.267555, 37.828261], [-122.267566, 37.828205], [-122.267599, 37.828043], [-122.267643, 37.827829], [-122.267828, 37.827044], [-122.267859, 37.826933], [-122.268099, 37.826109], [-122.268162, 37.825894], [-122.26834, 37.825282], [-122.268365, 37.825193], [-122.268411, 37.825041], [-122.268476, 37.824813], [-122.268546, 37.824532], [-122.268563, 37.824462], [-122.26883, 37.824531], [-122.269048, 37.824571], [-122.269348, 37.824631], [-122.269458, 37.824652], [-122.26767, 37.83156]]]]}}, {"type": "Feature", "properties": {"grade": "C", "cat": "Definitely Declining", "city": "Oakland", "label": "C11"}, "geometry": {"type": "MultiPolygon", "coordinates": [[[[-122.26171, 37.8252], [-122.261852, 37.824544], [-122.261855, 37.824535], [-122.261909, 37.824382], [-122.261964, 37.824184], [-122.262031, 37.823911], [-122.262071, 37.823754], [-122.262076, 37.82371], [-122.262094, 37.823579], [-122.2621, 37.823536], [-122.262028, 37.82315], [-122.262013, 37.823067], [-122.261996, 37.823012], [-122.263397, 37.8233], [-122.26516, 37.823693], [-122.26313, 37.83093], [-122.260191, 37.831068], [-122.260204, 37.831016], [-122.26024, 37.830876], [-122.260351, 37.830459], [-122.260388, 37.830321], [-122.260436, 37.830132], [-122.26058, 37.829568], [-122.260629, 37.82938], [-122.260671, 37.82923], [-122.260798, 37.828783], [-122.260841, 37.828634], [-122.260869, 37.828532], [-122.26095, 37.828239], [-122.261103, 37.827687], [-122.261259, 37.8271], [-122.261273, 37.827054], [-122.261337, 37.82685], [-122.261375, 37.826659], [-122.261603, 37.825389], [-122.261629, 37.825302], [-122.261665, 37.825198], [-122.261667, 37.82519], [-122.26171, 37.8252]]], [[[-122.26471, 37.83105], [-122.266664, 37.824022], [-122.267545, 37.8242], [-122.267797, 37.824262], [-122.268006, 37.824314], [-122.268272, 37.824385], [-122.268318, 37.824397], [-122.268415, 37.824423], [-122.26847, 37.824437], [-122.268563, 37.824462], [-122.268546, 37.824532], [-122.268476, 37.824813], [-122.268411, 37.825041], [-122.268365, 37.825193], [-122.26834, 37.825282], [-122.268162, 37.825894], [-122.268099, 37.826109], [-122.267859, 37.826933], [-122.267828, 37.827044], [-122.267643, 37.827829], [-122.267599, 37.828043], [-122.267566, 37.828205], [-122.267555, 37.828261], [-122.267456, 37.82869], [-122.267419, 37.828852], [-122.267396, 37.828952], [-122.267277, 37.82953], [-122.267251, 37.829656], [-122.267077, 37.830538], [-122.267043, 37.830698], [-122.267006, 37.830878], [-122.266941, 37.831181], [-122.266939, 37.831193], [-122.266895, 37.831339], [-122.266879, 37.831424], [-122.26471, 37.83105]]]]}}, {"type": "Feature", "properties": {"grade": "C", "cat": "Definitely Declining", "city": "Oakland", "label": "C11"}, "geometry": {"type": "MultiPolygon", "coordinates": [[[[-122.26199, 37.82391], [-122.26153, 37.82357], [-122.26132, 37.82334], [-122.26132, 37.82303], [-122.26085, 37.82278], [-122.259854, 37.822661], [-122.260006, 37.822421], [-122.260425, 37.822587], [-122.260832, 37.822726], [-122.261207, 37.822824], [-122.261453, 37.822887], [-122.261996, 37.823012], [-122.262013, 37.823067], [-122.262028, 37.82315], [-122.2621, 37.823536], [-122.262094, 37.823579], [-122.262076, 37.82371], [-122.262071, 37.823754], [-122.262031, 37.823911], [-122.261964, 37.824184], [-122.261909, 37.824382], [-122.261855, 37.824535], [-122.261852, 37.824544], [-122.26199, 37.82391]]], [[[-122.25802, 37.83117], [-122.25515, 37.83128], [-122.25903, 37.82444], [-122.25975, 37.82475], [-122.261667, 37.82519], [-122.261665, 37.825198], [-122.261629, 37.825302], [-122.261603, 37.825389], [-122.261375, 37.826659], [-122.261337, 37.82685], [-122.261273, 37.827054], [-122.261259, 37.8271], [-122.261103, 37.827687], [-122.26095, 37.828239], [-122.260869, 37.828532], [-122.260841, 37.828634], [-122.260798, 37.828783], [-122.260671, 37.82923], [-122.260629, 37.82938], [-122.26058, 37.829568], [-122.260436, 37.830132], [-122.260388, 37.830321], [-122.260351, 37.830459], [-122.26024, 37.830876], [-122.260204, 37.831016], [-122.260191, 37.831068], [-122.25802, 37.83117]]]]}}, {"type": "Feature", "properties": {"grade": "C", "cat": "Definitely Declining", "city": "Oakland", "label": "C11"}, "geometry": {"type": "MultiPolygon", "coordinates": [[[[-122.26442, 37.82013], [-122.26449, 37.81979], [-122.26616, 37.82013], [-122.26516, 37.823693], [-122.263397, 37.8233], [-122.261996, 37.823012], [-122.261453, 37.822887], [-122.261207, 37.822824], [-122.260832, 37.822726], [-122.260425, 37.822587], [-122.260006, 37.822421], [-122.260097, 37.822282], [-122.26015, 37.822203], [-122.260177, 37.82216], [-122.260322, 37.821927], [-122.260359, 37.821861], [-122.260442, 37.821718], [-122.260529, 37.821564], [-122.260645, 37.821363], [-122.260802, 37.821107], [-122.260896, 37.820957], [-122.26093, 37.820906], [-122.260961, 37.820861], [-122.261027, 37.820762], [-122.26104, 37.820753], [-122.261062, 37.820701], [-122.261085, 37.820663], [-122.261154, 37.820553], [-122.261178, 37.820516], [-122.261415, 37.820135], [-122.261691, 37.819693], [-122.26442, 37.82013]]], [[[-122.26766, 37.82044], [-122.269556, 37.820726], [-122.269532, 37.820817], [-122.269462, 37.821123], [-122.269395, 37.821391], [-122.269325, 37.821711], [-122.269299, 37.821815], [-122.26918, 37.82229], [-122.269116, 37.822547], [-122.269053, 37.822799], [-122.268954, 37.823141], [-122.268895, 37.823312], [-122.268843, 37.823494], [-122.268719, 37.823911], [-122.268698, 37.823989], [-122.268685, 37.824044], [-122.268659, 37.824132], [-122.268639, 37.8242], [-122.268634, 37.82422], [-122.268615, 37.824288], [-122.268563, 37.824462], [-122.26847, 37.824437], [-122.268415, 37.824423], [-122.268318, 37.824397], [-122.268272, 37.824385], [-122.268006, 37.824314], [-122.267797, 37.824262], [-122.267545, 37.8242], [-122.266664, 37.824022], [-122.26766, 37.82044]]]]}}, {"type": "Feature", "properties": {"grade": "C", "cat": "Definitely Declining", "city": "Oakland", "label": "C11"}, "geometry": {"type": "MultiPolygon", "coordinates": [[[[-122.27044, 37.82086], [-122.269458, 37.824652], [-122.269348, 37.824631], [-122.269048, 37.824571], [-122.26883, 37.824531], [-122.268563, 37.824462], [-122.268615, 37.824288], [-122.268634, 37.82422], [-122.268639, 37.8242], [-122.268659, 37.824132], [-122.268685, 37.824044], [-122.268698, 37.823989], [-122.268719, 37.823911], [-122.268843, 37.823494], [-122.268895, 37.823312], [-122.268954, 37.823141], [-122.269053, 37.822799], [-122.269116, 37.822547], [-122.26918, 37.82229], [-122.269299, 37.821815], [-122.269325, 37.821711], [-122.269395, 37.821391], [-122.269462, 37.821123], [-122.269532, 37.820817], [-122.269556, 37.820726], [-122.27044, 37.82086]]]]}}, {"type": "Feature", "properties": {"grade": "C", "cat": "Definitely Declining", "city": "Oakland", "label": "C11"}, "geometry": {"type": "MultiPolygon", "coordinates": [[[[-122.25943, 37.82261], [-122.26142, 37.81965], [-122.261691, 37.819693], [-122.261415, 37.820135], [-122.261178, 37.820516], [-122.261154, 37.820553], [-122.261085, 37.820663], [-122.261062, 37.820701], [-122.26104, 37.820753], [-122.261027, 37.820762], [-122.260961, 37.820861], [-122.26093, 37.820906], [-122.260896, 37.820957], [-122.260802, 37.821107], [-122.260645, 37.821363], [-122.260529, 37.821564], [-122.260442, 37.821718], [-122.260359, 37.821861], [-122.260322, 37.821927], [-122.260177, 37.82216], [-122.26015, 37.822203], [-122.260097, 37.822282], [-122.260006, 37.822421], [-122.259854, 37.822661], [-122.25943, 37.82261]]]]}}, {"type": "Feature", "properties": {"grade": "C", "cat": "Definitely Declining", "city": "Oakland", "label": "C12"}, "geometry": {"type": "MultiPolygon", "coordinates": [[[[-122.26297, 37.81856], [-122.26565, 37.81414], [-122.26744, 37.81447], [-122.26616, 37.82013], [-122.26449, 37.81979], [-122.26442, 37.82013], [-122.261691, 37.819693], [-122.262128, 37.818994], [-122.262366, 37.818614], [-122.262384, 37.818585], [-122.26297, 37.81856]]], [[[-122.26766, 37.82044], [-122.26946, 37.81267], [-122.2724, 37.81319], [-122.272247, 37.81379], [-122.272032, 37.814037], [-122.271936, 37.814158], [-122.271849, 37.814286], [-122.271556, 37.814728], [-122.271379, 37.815031], [-122.271246, 37.815325], [-122.271165, 37.815539], [-122.270885, 37.816353], [-122.270753, 37.816756], [-122.270708, 37.816875], [-122.270684, 37.816944], [-122.270558, 37.817335], [-122.270532, 37.817419], [-122.270338, 37.817875], [-122.270319, 37.81793], [-122.270199, 37.818302], [-122.270147, 37.818496], [-122.270041, 37.818894], [-122.26997, 37.819175], [-122.269891, 37.819488], [-122.269794, 37.81981], [-122.269556, 37.820726], [-122.26766, 37.82044]]]]}}, {"type": "Feature", "properties": {"grade": "C", "cat": "Definitely Declining", "city": "Oakland", "label": "C12"}, "geometry": {"type": "MultiPolygon", "coordinates": [[[[-122.27044, 37.82086], [-122.269556, 37.820726], [-122.269794, 37.81981], [-122.269891, 37.819488], [-122.26997, 37.819175], [-122.270041, 37.818894], [-122.270147, 37.818496], [-122.270199, 37.818302], [-122.270319, 37.81793], [-122.270338, 37.817875], [-122.270532, 37.817419], [-122.270558, 37.817335], [-122.270684, 37.816944], [-122.270708, 37.816875], [-122.270753, 37.816756], [-122.270885, 37.816353], [-122.271165, 37.815539], [-122.271246, 37.815325], [-122.271379, 37.815031], [-122.271556, 37.814728], [-122.271849, 37.814286], [-122.271936, 37.814158], [-122.272032, 37.814037], [-122.272247, 37.81379], [-122.27044, 37.82086]]]]}}, {"type": "Feature", "properties": {"grade": "C", "cat": "Definitely Declining", "city": "Oakland", "label": "C12"}, "geometry": {"type": "MultiPolygon", "coordinates": [[[[-122.26142, 37.81965], [-122.26227, 37.81859], [-122.262384, 37.818585], [-122.262366, 37.818614], [-122.262128, 37.818994], [-122.261691, 37.819693], [-122.26142, 37.81965]]]]}}, {"type": "Feature", "properties": {"grade": "C", "cat": "Definitely Declining", "city": "Oakland", "label": "C13"}, "geometry": {"type": "MultiPolygon", "coordinates": [[[[-122.2562, 37.82228], [-122.25689, 37.82157], [-122.25729, 37.82102], [-122.25862, 37.82029], [-122.25886, 37.81971], [-122.25924, 37.81913], [-122.25988, 37.81866], [-122.26017, 37.81847], [-122.26131, 37.8186], [-122.2592, 37.82174], [-122.256544, 37.823212], [-122.256513, 37.82319], [-122.256144, 37.822927], [-122.256022, 37.82284], [-122.255949, 37.822792], [-122.255733, 37.82265], [-122.255661, 37.822603], [-122.255578, 37.822545], [-122.25554, 37.822519], [-122.255407, 37.822426], [-122.2562, 37.82228]]], [[[-122.25725, 37.82346], [-122.25801, 37.824], [-122.257893, 37.824194], [-122.257796, 37.824142], [-122.257653, 37.82406], [-122.257409, 37.823921], [-122.257335, 37.823864], [-122.257247, 37.823798], [-122.257022, 37.823631], [-122.25725, 37.82346]]]]}}, {"type": "Feature", "properties": {"grade": "C", "cat": "Definitely Declining", "city": "Oakland", "label": "C13"}, "geometry": {"type": "MultiPolygon", "coordinates": [[[[-122.25653, 37.82322], [-122.25632, 37.82315], [-122.253456, 37.825236], [-122.253403, 37.825197], [-122.253357, 37.825164], [-122.25264, 37.824636], [-122.252322, 37.824393], [-122.252285, 37.824365], [-122.251965, 37.824121], [-122.251866, 37.824054], [-122.251569, 37.823854], [-122.251471, 37.823788], [-122.251372, 37.823711], [-122.251079, 37.823483], [-122.250991, 37.823415], [-122.25139, 37.82311], [-122.25267, 37.82255], [-122.25302, 37.82246], [-122.25276, 37.82204], [-122.25411, 37.82196], [-122.25472, 37.82211], [-122.25517, 37.82247], [-122.255407, 37.822426], [-122.25554, 37.822519], [-122.255578, 37.822545], [-122.255661, 37.822603], [-122.255733, 37.82265], [-122.255949, 37.822792], [-122.256022, 37.82284], [-122.256144, 37.822927], [-122.256513, 37.82319], [-122.256544, 37.823212], [-122.25653, 37.82322]]], [[[-122.256001, 37.82732], [-122.255947, 37.827298], [-122.254964, 37.826904], [-122.254208, 37.826348], [-122.254145, 37.826298], [-122.254053, 37.826222], [-122.253822, 37.82603], [-122.257022, 37.823631], [-122.257247, 37.823798], [-122.257335, 37.823864], [-122.257409, 37.823921], [-122.257653, 37.82406], [-122.257796, 37.824142], [-122.257893, 37.824194], [-122.256001, 37.82732]]]]}}, {"type": "Feature", "properties": {"grade": "C", "cat": "Definitely Declining", "city": "Oakland", "label": "C13"}, "geometry": {"type": "MultiPolygon", "coordinates": [[[[-122.247593, 37.826583], [-122.247587, 37.826666], [-122.247605, 37.826763], [-122.24765, 37.826894], [-122.247715, 37.827005], [-122.247798, 37.827114], [-122.247851, 37.827174], [-122.248019, 37.827367], [-122.248296, 37.827644], [-122.249077, 37.828425], [-122.24907, 37.82843], [-122.24842, 37.82888], [-122.245078, 37.831361], [-122.245071, 37.831355], [-122.24455, 37.830928], [-122.244253, 37.830682], [-122.243943, 37.830425], [-122.243541, 37.830092], [-122.243492, 37.830099], [-122.243421, 37.830098], [-122.243363, 37.830098], [-122.243317, 37.830088], [-122.2433, 37.830073], [-122.243289, 37.830063], [-122.243325, 37.830048], [-122.243348, 37.830048], [-122.243508, 37.830051], [-122.24362, 37.830032], [-122.243456, 37.829908], [-122.243397, 37.829863], [-122.24346, 37.82983], [-122.24349, 37.829789], [-122.243519, 37.829814], [-122.243623, 37.829742], [-122.243599, 37.82972], [-122.243563, 37.829687], [-122.244, 37.82908], [-122.244702, 37.828047], [-122.245476, 37.827538], [-122.245907, 37.827263], [-122.245945, 37.827239], [-122.246056, 37.827175], [-122.247593, 37.826583]]], [[[-122.251803, 37.834255], [-122.250776, 37.833815], [-122.25062, 37.833732], [-122.250523, 37.833668], [-122.250343, 37.833522], [-122.250252, 37.833413], [-122.250148, 37.833271], [-122.2501, 37.833194], [-122.249963, 37.832965], [-122.249847, 37.832771], [-122.249709, 37.832589], [-122.249592, 37.832445], [-122.249465, 37.832301], [-122.249258, 37.83209], [-122.24911, 37.831974], [-122.248742, 37.831714], [-122.248187, 37.832128], [-122.247561, 37.832596], [-122.247441, 37.832691], [-122.247083, 37.832979], [-122.246964, 37.833075], [-122.246698, 37.833273], [-122.246568, 37.833166], [-122.246747, 37.83303], [-122.246133, 37.832546], [-122.246013, 37.832637], [-122.245939, 37.832574], [-122.245789, 37.832448], [-122.245541, 37.832239], [-122.252894, 37.826726], [-122.253139, 37.826924], [-122.253233, 37.826999], [-122.253294, 37.827054], [-122.253412, 37.827159], [-122.253768, 37.827474], [-122.253887, 37.82758], [-122.25402, 37.827662], [-122.254472, 37.827853], [-122.254622, 37.827916], [-122.254752, 37.827967], [-122.255144, 37.828123], [-122.255275, 37.828175], [-122.255448, 37.828232], [-122.251803, 37.834255]]]]}}, {"type": "Feature", "properties": {"grade": "C", "cat": "Definitely Declining", "city": "Oakland", "label": "C13"}, "geometry": {"type": "MultiPolygon", "coordinates": [[[[-122.24768, 37.82655], [-122.247704, 37.826166], [-122.247748, 37.826034], [-122.247953, 37.825417], [-122.247981, 37.825333], [-122.24916, 37.82607], [-122.24916, 37.82541], [-122.24931, 37.82483], [-122.24987, 37.82433], [-122.25056, 37.82412], [-122.2508, 37.82356], [-122.250991, 37.823415], [-122.251079, 37.823483], [-122.251372, 37.823711], [-122.251471, 37.823788], [-122.251569, 37.823854], [-122.251866, 37.824054], [-122.251965, 37.824121], [-122.252285, 37.824365], [-122.252322, 37.824393], [-122.25264, 37.824636], [-122.253357, 37.825164], [-122.253403, 37.825197], [-122.253456, 37.825236], [-122.249077, 37.828425], [-122.248296, 37.827644], [-122.248019, 37.827367], [-122.247851, 37.827174], [-122.247798, 37.827114], [-122.247715, 37.827005], [-122.24765, 37.826894], [-122.247605, 37.826763], [-122.247587, 37.826666], [-122.247593, 37.826583], [-122.24768, 37.82655]]], [[[-122.255448, 37.828232], [-122.255275, 37.828175], [-122.255144, 37.828123], [-122.254752, 37.827967], [-122.254622, 37.827916], [-122.254472, 37.827853], [-122.25402, 37.827662], [-122.253887, 37.82758], [-122.253768, 37.827474], [-122.253412, 37.827159], [-122.253294, 37.827054], [-122.253233, 37.826999], [-122.253139, 37.826924], [-122.252894, 37.826726], [-122.253822, 37.82603], [-122.254053, 37.826222], [-122.254145, 37.826298], [-122.254208, 37.826348], [-122.254964, 37.826904], [-122.255947, 37.827298], [-122.256001, 37.82732], [-122.255448, 37.828232]]]]}}, {"type": "Feature", "properties": {"grade": "C", "cat": "Definitely Declining", "city": "Oakland", "label": "C13"}, "geometry": {"type": "MultiPolygon", "coordinates": [[[[-122.24485, 37.83153], [-122.2433, 37.830073], [-122.243317, 37.830088], [-122.243363, 37.830098], [-122.243421, 37.830098], [-122.243492, 37.830099], [-122.243541, 37.830092], [-122.243943, 37.830425], [-122.244253, 37.830682], [-122.24455, 37.830928], [-122.245071, 37.831355], [-122.245078, 37.831361], [-122.24485, 37.83153]]], [[[-122.2516, 37.83459], [-122.25061, 37.83436], [-122.24993, 37.83445], [-122.24913, 37.83457], [-122.24696, 37.83376], [-122.24538, 37.83236], [-122.245541, 37.832239], [-122.245789, 37.832448], [-122.245939, 37.832574], [-122.246013, 37.832637], [-122.246133, 37.832546], [-122.246747, 37.83303], [-122.246568, 37.833166], [-122.246698, 37.833273], [-122.246964, 37.833075], [-122.247083, 37.832979], [-122.247441, 37.832691], [-122.247561, 37.832596], [-122.248187, 37.832128], [-122.248742, 37.831714], [-122.24911, 37.831974], [-122.249258, 37.83209], [-122.249465, 37.832301], [-122.249592, 37.832445], [-122.249709, 37.832589], [-122.249847, 37.832771], [-122.249963, 37.832965], [-122.2501, 37.833194], [-122.250148, 37.833271], [-122.250252, 37.833413], [-122.250343, 37.833522], [-122.250523, 37.833668], [-122.25062, 37.833732], [-122.250776, 37.833815], [-122.251803, 37.834255], [-122.2516, 37.83459]]]]}}, {"type": "Feature", "properties": {"grade": "C", "cat": "Definitely Declining", "city": "Oakland", "label": "C13"}, "geometry": {"type": "MultiPolygon", "coordinates": [[[[-122.24774, 37.82561], [-122.24788, 37.82527], [-122.247981, 37.825333], [-122.247953, 37.825417], [-122.247748, 37.826034], [-122.247704, 37.826166], [-122.24774, 37.82561]]], [[[-122.24489, 37.82777], [-122.24542, 37.82742], [-122.246056, 37.827175], [-122.245945, 37.827239], [-122.245907, 37.827263], [-122.245476, 37.827538], [-122.244702, 37.828047], [-122.24489, 37.82777]]], [[[-122.243563, 37.829687], [-122.243599, 37.82972], [-122.243623, 37.829742], [-122.243519, 37.829814], [-122.24349, 37.829789], [-122.243563, 37.829687]]], [[[-122.24319, 37.82997], [-122.243397, 37.829863], [-122.243456, 37.829908], [-122.24362, 37.830032], [-122.243508, 37.830051], [-122.243348, 37.830048], [-122.243325, 37.830048], [-122.243289, 37.830063], [-122.24319, 37.82997]]]]}}, {"type": "Feature", "properties": {"grade": "C", "cat": "Definitely Declining", "city": "Oakland", "label": "C14"}, "geometry": {"type": "MultiPolygon", "coordinates": [[[[-122.2619, 37.81375], [-122.26211, 37.81429], [-122.26252, 37.81455], [-122.2635, 37.81478], [-122.2622, 37.81725], [-122.26131, 37.8186], [-122.26017, 37.81847], [-122.25926, 37.8178], [-122.25798, 37.81847], [-122.2571, 37.81892], [-122.25636, 37.81915], [-122.25586, 37.81952], [-122.25565, 37.81995], [-122.25563, 37.82089], [-122.25482, 37.82041], [-122.254168, 37.819958], [-122.254132, 37.819833], [-122.254192, 37.819806], [-122.254301, 37.819758], [-122.254361, 37.819713], [-122.254479, 37.819625], [-122.254446, 37.819599], [-122.254423, 37.819581], [-122.254337, 37.819515], [-122.254239, 37.819439], [-122.254053, 37.819293], [-122.253963, 37.819223], [-122.253803, 37.819098], [-122.253679, 37.819001], [-122.25375, 37.818945], [-122.253851, 37.818869], [-122.254027, 37.818743], [-122.254042, 37.818731], [-122.254155, 37.818646], [-122.254886, 37.819259], [-122.255131, 37.819012], [-122.255274, 37.818835], [-122.255371, 37.818703], [-122.255432, 37.818622], [-122.255526, 37.818508], [-122.255686, 37.81833], [-122.255733, 37.818279], [-122.255807, 37.818221], [-122.256006, 37.818094], [-122.256174, 37.818003], [-122.256563, 37.81782], [-122.256631, 37.817776], [-122.257158, 37.817407], [-122.257275, 37.817325], [-122.257396, 37.817256], [-122.257603, 37.817156], [-122.257675, 37.817113], [-122.257768, 37.817055], [-122.258, 37.81689], [-122.258079, 37.816825], [-122.258161, 37.816758], [-122.258216, 37.816697], [-122.258335, 37.81657], [-122.258395, 37.816496], [-122.258512, 37.816325], [-122.258557, 37.816251], [-122.258656, 37.816092], [-122.258666, 37.816068], [-122.258698, 37.815998], [-122.258709, 37.815975], [-122.258761, 37.815837], [-122.258847, 37.815611], [-122.258911, 37.815496], [-122.25895, 37.815438], [-122.258975, 37.815402], [-122.259039, 37.815321], [-122.259099, 37.815239], [-122.259135, 37.815191], [-122.259222, 37.815102], [-122.259312, 37.815021], [-122.259388, 37.814954], [-122.259438, 37.814916], [-122.259519, 37.814856], [-122.259596, 37.814817], [-122.259652, 37.814789], [-122.259899, 37.814637], [-122.259911, 37.814626], [-122.260034, 37.814521], [-122.260105, 37.814452], [-122.260546, 37.813961], [-122.260679, 37.813815], [-122.260751, 37.813733], [-122.261437, 37.813088], [-122.2619, 37.81375]]]]}}, {"type": "Feature", "properties": {"grade": "C", "cat": "Definitely Declining", "city": "Oakland", "label": "C14"}, "geometry": {"type": "MultiPolygon", "coordinates": [[[[-122.261437, 37.813088], [-122.260751, 37.813733], [-122.260679, 37.813815], [-122.260546, 37.813961], [-122.260105, 37.814452], [-122.260034, 37.814521], [-122.259911, 37.814626], [-122.259899, 37.814637], [-122.259652, 37.814789], [-122.259596, 37.814817], [-122.259519, 37.814856], [-122.259438, 37.814916], [-122.259388, 37.814954], [-122.259312, 37.815021], [-122.259222, 37.815102], [-122.259135, 37.815191], [-122.259099, 37.815239], [-122.259039, 37.815321], [-122.258975, 37.815402], [-122.25895, 37.815438], [-122.258911, 37.815496], [-122.258847, 37.815611], [-122.258761, 37.815837], [-122.258709, 37.815975], [-122.258698, 37.815998], [-122.258666, 37.816068], [-122.258656, 37.816092], [-122.258557, 37.816251], [-122.258512, 37.816325], [-122.258395, 37.816496], [-122.258335, 37.81657], [-122.258216, 37.816697], [-122.258161, 37.816758], [-122.258079, 37.816825], [-122.258, 37.81689], [-122.257768, 37.817055], [-122.257675, 37.817113], [-122.257603, 37.817156], [-122.257396, 37.817256], [-122.257275, 37.817325], [-122.257158, 37.817407], [-122.256631, 37.817776], [-122.256563, 37.81782], [-122.256174, 37.818003], [-122.256006, 37.818094], [-122.255807, 37.818221], [-122.255733, 37.818279], [-122.255686, 37.81833], [-122.255526, 37.818508], [-122.255432, 37.818622], [-122.255371, 37.818703], [-122.255274, 37.818835], [-122.255131, 37.819012], [-122.254886, 37.819259], [-122.254155, 37.818646], [-122.253861, 37.818372], [-122.253415, 37.817956], [-122.253124, 37.817686], [-122.252811, 37.8172], [-122.25291, 37.81728], [-122.25583, 37.81552], [-122.2562, 37.81555], [-122.25664, 37.81558], [-122.25707, 37.8155], [-122.25793, 37.81508], [-122.25838, 37.8149], [-122.25902, 37.81488], [-122.25939, 37.81483], [-122.25904, 37.81441], [-122.260826, 37.812403], [-122.260867, 37.812406], [-122.261154, 37.812707], [-122.261198, 37.812745], [-122.261437, 37.813088]]]]}}, {"type": "Feature", "properties": {"grade": "C", "cat": "Definitely Declining", "city": "Oakland", "label": "C14"}, "geometry": {"type": "MultiPolygon", "coordinates": [[[[-122.25205, 37.81635], [-122.25241, 37.81644], [-122.25251, 37.8168], [-122.25265, 37.81707], [-122.252811, 37.8172], [-122.253124, 37.817686], [-122.253415, 37.817956], [-122.253861, 37.818372], [-122.254155, 37.818646], [-122.254042, 37.818731], [-122.254027, 37.818743], [-122.253851, 37.818869], [-122.25375, 37.818945], [-122.253679, 37.819001], [-122.253431, 37.818817], [-122.253385, 37.818778], [-122.253272, 37.818683], [-122.253095, 37.818517], [-122.25279, 37.818216], [-122.252628, 37.818034], [-122.2526, 37.818], [-122.252365, 37.817717], [-122.252326, 37.817664], [-122.252209, 37.817508], [-122.252171, 37.817456], [-122.252109, 37.817373], [-122.252008, 37.817221], [-122.251981, 37.817179], [-122.251729, 37.816735], [-122.251597, 37.81647], [-122.251592, 37.81646], [-122.25205, 37.81635]]]]}}, {"type": "Feature", "properties": {"grade": "C", "cat": "Definitely Declining", "city": "Oakland", "label": "C14"}, "geometry": {"type": "MultiPolygon", "coordinates": [[[[-122.2609, 37.81232], [-122.261198, 37.812745], [-122.261154, 37.812707], [-122.260867, 37.812406], [-122.260826, 37.812403], [-122.2609, 37.81232]]]]}}, {"type": "Feature", "properties": {"grade": "C", "cat": "Definitely Declining", "city": "Oakland", "label": "C14"}, "geometry": {"type": "MultiPolygon", "coordinates": [[[[-122.25308, 37.81909], [-122.25237, 37.8186], [-122.25109, 37.81806], [-122.25042, 37.81772], [-122.25091, 37.81742], [-122.25104, 37.8171], [-122.25117, 37.81666], [-122.25155, 37.81647], [-122.251592, 37.81646], [-122.251597, 37.81647], [-122.251729, 37.816735], [-122.251981, 37.817179], [-122.252008, 37.817221], [-122.252109, 37.817373], [-122.252171, 37.817456], [-122.252209, 37.817508], [-122.252326, 37.817664], [-122.252365, 37.817717], [-122.2526, 37.818], [-122.252628, 37.818034], [-122.25279, 37.818216], [-122.253095, 37.818517], [-122.253272, 37.818683], [-122.253385, 37.818778], [-122.253431, 37.818817], [-122.253679, 37.819001], [-122.253642, 37.819047], [-122.253615, 37.819082], [-122.253535, 37.819146], [-122.25351, 37.819165], [-122.253464, 37.819202], [-122.253319, 37.819301], [-122.25308, 37.81909]]]]}}, {"type": "Feature", "properties": {"grade": "C", "cat": "Definitely Declining", "city": "Oakland", "label": "C14"}, "geometry": {"type": "MultiPolygon", "coordinates": [[[[-122.25368, 37.81962], [-122.253319, 37.819301], [-122.253464, 37.819202], [-122.25351, 37.819165], [-122.253535, 37.819146], [-122.253615, 37.819082], [-122.253642, 37.819047], [-122.253679, 37.819001], [-122.253803, 37.819098], [-122.253963, 37.819223], [-122.254053, 37.819293], [-122.254239, 37.819439], [-122.254337, 37.819515], [-122.254423, 37.819581], [-122.254446, 37.819599], [-122.254479, 37.819625], [-122.254361, 37.819713], [-122.254301, 37.819758], [-122.254192, 37.819806], [-122.254132, 37.819833], [-122.254168, 37.819958], [-122.25368, 37.81962]]]]}}, {"type": "Feature", "properties": {"grade": "C", "cat": "Definitely Declining", "city": "Oakland", "label": "C15"}, "geometry": {"type": "MultiPolygon", "coordinates": [[[[-122.2541, 37.80279], [-122.2537, 37.80378], [-122.2532, 37.80402], [-122.25187, 37.80438], [-122.25115, 37.80466], [-122.25068, 37.8053], [-122.25015, 37.80641], [-122.24937, 37.80808], [-122.249309, 37.808153], [-122.249382, 37.808], [-122.249501, 37.80773], [-122.249578, 37.807558], [-122.249655, 37.807384], [-122.249888, 37.806862], [-122.249966, 37.806689], [-122.250095, 37.806399], [-122.250107, 37.806374], [-122.250471, 37.805527], [-122.250597, 37.805237], [-122.250676, 37.805058], [-122.250794, 37.804796], [-122.250851, 37.804693], [-122.250917, 37.804614], [-122.250973, 37.804559], [-122.251046, 37.804498], [-122.251126, 37.804438], [-122.251311, 37.804347], [-122.251401, 37.804307], [-122.251471, 37.804284], [-122.251741, 37.804234], [-122.252241, 37.804159], [-122.252654, 37.804107], [-122.252761, 37.80409], [-122.252877, 37.804059], [-122.253034, 37.803999], [-122.253177, 37.803919], [-122.253266, 37.80385], [-122.253324, 37.803794], [-122.253382, 37.80372], [-122.253447, 37.803608], [-122.253665, 37.803106], [-122.253747, 37.802931], [-122.253809, 37.802846], [-122.254073, 37.802521], [-122.254207, 37.802364], [-122.254288, 37.802254], [-122.254306, 37.802225], [-122.2541, 37.80279]]], [[[-122.25467, 37.80123], [-122.25447, 37.801778], [-122.254475, 37.801613], [-122.254467, 37.801446], [-122.254445, 37.801156], [-122.254432, 37.801056], [-122.25467, 37.80123]]], [[[-122.25023, 37.80874], [-122.25106, 37.80851], [-122.25229, 37.80851], [-122.25258, 37.80861], [-122.2526, 37.80797], [-122.25296, 37.80763], [-122.25351, 37.80752], [-122.25429, 37.80746], [-122.25484, 37.80741], [-122.25588, 37.80727], [-122.25614, 37.80752], [-122.25648, 37.80801], [-122.2565, 37.80853], [-122.25655, 37.80887], [-122.25745, 37.80896], [-122.25885, 37.80941], [-122.26007, 37.80996], [-122.2609, 37.81063], [-122.26132, 37.81075], [-122.261277, 37.810782], [-122.261234, 37.810776], [-122.261171, 37.810767], [-122.261, 37.810744], [-122.260884, 37.81073], [-122.260836, 37.810721], [-122.260719, 37.810702], [-122.260591, 37.810676], [-122.260497, 37.810648], [-122.260435, 37.810623], [-122.260377, 37.810605], [-122.26036, 37.810596], [-122.260301, 37.810564], [-122.260213, 37.810523], [-122.26017, 37.810491], [-122.260061, 37.810411], [-122.260042, 37.810395], [-122.260002, 37.810361], [-122.259882, 37.810255], [-122.259723, 37.810114], [-122.259608, 37.810007], [-122.259524, 37.809936], [-122.259487, 37.809905], [-122.259391, 37.809851], [-122.259259, 37.809762], [-122.259218, 37.809738], [-122.259118, 37.809678], [-122.258861, 37.809543], [-122.258669, 37.809456], [-122.258637, 37.809442], [-122.258549, 37.809408], [-122.258476, 37.809385], [-122.258243, 37.809303], [-122.258135, 37.809266], [-122.258006, 37.809231], [-122.257523, 37.809136], [-122.257506, 37.809133], [-122.257369, 37.809114], [-122.257279, 37.809107], [-122.257124, 37.809086], [-122.257055, 37.809079], [-122.256926, 37.809067], [-122.256382, 37.809025], [-122.25631, 37.80902], [-122.256158, 37.809012], [-122.256218, 37.808931], [-122.256309, 37.808666], [-122.256336, 37.808538], [-122.256344, 37.808382], [-122.256329, 37.808245], [-122.256298, 37.808073], [-122.256268, 37.807974], [-122.256158, 37.807748], [-122.256001, 37.807463], [-122.255908, 37.807503], [-122.255739, 37.807567], [-122.255535, 37.807634], [-122.255182, 37.807717], [-122.255057, 37.807732], [-122.254921, 37.807738], [-122.253993, 37.807732], [-122.253428, 37.807724], [-122.253337, 37.807733], [-122.253257, 37.807748], [-122.253168, 37.807783], [-122.253054, 37.807861], [-122.252997, 37.807911], [-122.25294, 37.807973], [-122.252904, 37.808038], [-122.252878, 37.808108], [-122.252854, 37.80827], [-122.252802, 37.808642], [-122.252774, 37.808747], [-122.251699, 37.808664], [-122.251401, 37.80866], [-122.251265, 37.808663], [-122.251148, 37.808672], [-122.251009, 37.808693], [-122.250739, 37.808766], [-122.250625, 37.808806], [-122.250469, 37.808882], [-122.250351, 37.808953], [-122.250095, 37.809118], [-122.249997, 37.809048], [-122.24986, 37.808941], [-122.25023, 37.80874]]]]}}, {"type": "Feature", "properties": {"grade": "C", "cat": "Definitely Declining", "city": "Oakland", "label": "C15"}, "geometry": {"type": "MultiPolygon", "coordinates": [[[[-122.25904, 37.81441], [-122.25865, 37.81394], [-122.2582, 37.81417], [-122.258145, 37.814137], [-122.25839, 37.813979], [-122.25861, 37.813816], [-122.258893, 37.813547], [-122.259019, 37.813428], [-122.259072, 37.813379], [-122.259382, 37.813052], [-122.259502, 37.812927], [-122.259803, 37.812674], [-122.259901, 37.812607], [-122.260118, 37.812485], [-122.260205, 37.812447], [-122.260296, 37.812423], [-122.260414, 37.812399], [-122.260523, 37.81239], [-122.260629, 37.812391], [-122.260826, 37.812403], [-122.25904, 37.81441]]]]}}, {"type": "Feature", "properties": {"grade": "C", "cat": "Definitely Declining", "city": "Oakland", "label": "C15"}, "geometry": {"type": "MultiPolygon", "coordinates": [[[[-122.25108, 37.81104], [-122.25071, 37.81129], [-122.250568, 37.811437], [-122.250486, 37.811315], [-122.250413, 37.811222], [-122.25048, 37.811169], [-122.250593, 37.811095], [-122.250765, 37.811022], [-122.250996, 37.81096], [-122.251462, 37.810841], [-122.251716, 37.81078], [-122.25108, 37.81104]]], [[[-122.25298, 37.81054], [-122.252134, 37.810681], [-122.252558, 37.81058], [-122.252783, 37.810521], [-122.252941, 37.810499], [-122.253026, 37.810491], [-122.253161, 37.810494], [-122.253433, 37.810511], [-122.2535, 37.810516], [-122.25298, 37.81054]]], [[[-122.2578, 37.81393], [-122.25713, 37.81344], [-122.25617, 37.81291], [-122.2556, 37.81228], [-122.25517, 37.8116], [-122.2552, 37.81074], [-122.255023, 37.810633], [-122.255042, 37.810634], [-122.255389, 37.810661], [-122.255536, 37.810671], [-122.255598, 37.810687], [-122.255875, 37.810759], [-122.256159, 37.810837], [-122.256212, 37.810854], [-122.256414, 37.81092], [-122.256368, 37.81101], [-122.256351, 37.811089], [-122.256335, 37.811264], [-122.256335, 37.811316], [-122.256337, 37.81142], [-122.256348, 37.811508], [-122.256362, 37.811607], [-122.256406, 37.81176], [-122.256436, 37.811824], [-122.256502, 37.811968], [-122.256554, 37.812048], [-122.256662, 37.812201], [-122.256729, 37.812279], [-122.256815, 37.812353], [-122.256856, 37.812385], [-122.25692, 37.812435], [-122.257052, 37.812522], [-122.257206, 37.812599], [-122.257283, 37.812653], [-122.257514, 37.812815], [-122.257592, 37.81287], [-122.257666, 37.812943], [-122.257891, 37.813165], [-122.257966, 37.813239], [-122.25806, 37.813337], [-122.258112, 37.813377], [-122.258227, 37.813442], [-122.25831, 37.813471], [-122.258401, 37.813497], [-122.258551, 37.813518], [-122.258664, 37.813523], [-122.258691, 37.813525], [-122.258893, 37.813547], [-122.25861, 37.813816], [-122.25839, 37.813979], [-122.258145, 37.814137], [-122.2578, 37.81393]]]]}}, {"type": "Feature", "properties": {"grade": "C", "cat": "Definitely Declining", "city": "Oakland", "label": "C15"}, "geometry": {"type": "MultiPolygon", "coordinates": [[[[-122.26078, 37.81116], [-122.26068, 37.81161], [-122.2609, 37.81232], [-122.260826, 37.812403], [-122.260629, 37.812391], [-122.260523, 37.81239], [-122.260414, 37.812399], [-122.260296, 37.812423], [-122.260205, 37.812447], [-122.260118, 37.812485], [-122.259901, 37.812607], [-122.259803, 37.812674], [-122.259502, 37.812927], [-122.259382, 37.813052], [-122.259072, 37.813379], [-122.259019, 37.813428], [-122.258893, 37.813547], [-122.258691, 37.813525], [-122.258664, 37.813523], [-122.258551, 37.813518], [-122.258401, 37.813497], [-122.25831, 37.813471], [-122.258227, 37.813442], [-122.258112, 37.813377], [-122.25806, 37.813337], [-122.257966, 37.813239], [-122.257891, 37.813165], [-122.257666, 37.812943], [-122.257592, 37.81287], [-122.257514, 37.812815], [-122.257283, 37.812653], [-122.257206, 37.812599], [-122.257052, 37.812522], [-122.25692, 37.812435], [-122.256856, 37.812385], [-122.256815, 37.812353], [-122.256729, 37.812279], [-122.256662, 37.812201], [-122.256554, 37.812048], [-122.256502, 37.811968], [-122.256436, 37.811824], [-122.256406, 37.81176], [-122.256362, 37.811607], [-122.256348, 37.811508], [-122.256337, 37.81142], [-122.256335, 37.811316], [-122.256335, 37.811264], [-122.256351, 37.811089], [-122.256368, 37.81101], [-122.256414, 37.81092], [-122.256212, 37.810854], [-122.256159, 37.810837], [-122.255875, 37.810759], [-122.255598, 37.810687], [-122.255536, 37.810671], [-122.255389, 37.810661], [-122.255458, 37.810499], [-122.255667, 37.810016], [-122.255737, 37.809855], [-122.255821, 37.809686], [-122.256073, 37.80918], [-122.256158, 37.809012], [-122.25631, 37.80902], [-122.256382, 37.809025], [-122.256926, 37.809067], [-122.257055, 37.809079], [-122.257124, 37.809086], [-122.257279, 37.809107], [-122.257369, 37.809114], [-122.257506, 37.809133], [-122.257523, 37.809136], [-122.258006, 37.809231], [-122.258135, 37.809266], [-122.258243, 37.809303], [-122.258476, 37.809385], [-122.258549, 37.809408], [-122.258637, 37.809442], [-122.258669, 37.809456], [-122.258861, 37.809543], [-122.259118, 37.809678], [-122.259218, 37.809738], [-122.259259, 37.809762], [-122.259391, 37.809851], [-122.259487, 37.809905], [-122.259524, 37.809936], [-122.259608, 37.810007], [-122.259723, 37.810114], [-122.259882, 37.810255], [-122.260002, 37.810361], [-122.260042, 37.810395], [-122.260061, 37.810411], [-122.26017, 37.810491], [-122.260213, 37.810523], [-122.260301, 37.810564], [-122.26036, 37.810596], [-122.260377, 37.810605], [-122.260435, 37.810623], [-122.260497, 37.810648], [-122.260591, 37.810676], [-122.260719, 37.810702], [-122.260836, 37.810721], [-122.260884, 37.81073], [-122.261, 37.810744], [-122.261171, 37.810767], [-122.261234, 37.810776], [-122.261277, 37.810782], [-122.26078, 37.81116]]]]}}, {"type": "Feature", "properties": {"grade": "C", "cat": "Definitely Declining", "city": "Oakland", "label": "C15"}, "geometry": {"type": "MultiPolygon", "coordinates": [[[[-122.24671, 37.80983], [-122.246689, 37.809892], [-122.246504, 37.809841], [-122.24661, 37.809764], [-122.246702, 37.809703], [-122.246834, 37.809622], [-122.246854, 37.809611], [-122.24671, 37.80983]]], [[[-122.24894, 37.80859], [-122.24806, 37.80904], [-122.247559, 37.809247], [-122.247781, 37.80913], [-122.248114, 37.808995], [-122.249003, 37.808512], [-122.249007, 37.808511], [-122.24894, 37.80859]]], [[[-122.25038, 37.81163], [-122.25007, 37.81166], [-122.24946, 37.81105], [-122.24916, 37.81043], [-122.24897, 37.81], [-122.24906, 37.80958], [-122.24944, 37.80917], [-122.24986, 37.808941], [-122.249997, 37.809048], [-122.250095, 37.809118], [-122.250351, 37.808953], [-122.250469, 37.808882], [-122.250625, 37.808806], [-122.250739, 37.808766], [-122.251009, 37.808693], [-122.251148, 37.808672], [-122.251265, 37.808663], [-122.251401, 37.80866], [-122.251699, 37.808664], [-122.252774, 37.808747], [-122.252802, 37.808642], [-122.252854, 37.80827], [-122.252878, 37.808108], [-122.252904, 37.808038], [-122.25294, 37.807973], [-122.252997, 37.807911], [-122.253054, 37.807861], [-122.253168, 37.807783], [-122.253257, 37.807748], [-122.253337, 37.807733], [-122.253428, 37.807724], [-122.253993, 37.807732], [-122.254921, 37.807738], [-122.255057, 37.807732], [-122.255182, 37.807717], [-122.255535, 37.807634], [-122.255739, 37.807567], [-122.255908, 37.807503], [-122.256001, 37.807463], [-122.256158, 37.807748], [-122.256268, 37.807974], [-122.256298, 37.808073], [-122.256329, 37.808245], [-122.256344, 37.808382], [-122.256336, 37.808538], [-122.256309, 37.808666], [-122.256218, 37.808931], [-122.256158, 37.809012], [-122.256073, 37.80918], [-122.255821, 37.809686], [-122.255737, 37.809855], [-122.255667, 37.810016], [-122.255458, 37.810499], [-122.255389, 37.810661], [-122.255042, 37.810634], [-122.255023, 37.810633], [-122.25497, 37.8106], [-122.25383, 37.8105], [-122.2535, 37.810516], [-122.253433, 37.810511], [-122.253161, 37.810494], [-122.253026, 37.810491], [-122.252941, 37.810499], [-122.252783, 37.810521], [-122.252558, 37.81058], [-122.252134, 37.810681], [-122.25184, 37.81073], [-122.251716, 37.81078], [-122.251462, 37.810841], [-122.250996, 37.81096], [-122.250765, 37.811022], [-122.250593, 37.811095], [-122.25048, 37.811169], [-122.250413, 37.811222], [-122.250486, 37.811315], [-122.250568, 37.811437], [-122.25038, 37.81163]]]]}}, {"type": "Feature", "properties": {"grade": "C", "cat": "Definitely Declining", "city": "Oakland", "label": "C15"}, "geometry": {"type": "MultiPolygon", "coordinates": [[[[-122.24654, 37.81033], [-122.245888, 37.810176], [-122.246066, 37.810113], [-122.246171, 37.810066], [-122.246236, 37.810028], [-122.246504, 37.809841], [-122.246689, 37.809892], [-122.24654, 37.81033]]]]}}, {"type": "Feature", "properties": {"grade": "C", "cat": "Definitely Declining", "city": "Oakland", "label": "C15"}, "geometry": {"type": "MultiPolygon", "coordinates": [[[[-122.24582, 37.81016], [-122.24503, 37.8098], [-122.24351, 37.80931], [-122.24318, 37.80916], [-122.243348, 37.80894], [-122.246397, 37.809805], [-122.246504, 37.809841], [-122.246236, 37.810028], [-122.246171, 37.810066], [-122.246066, 37.810113], [-122.245888, 37.810176], [-122.24582, 37.81016]]]]}}, {"type": "Feature", "properties": {"grade": "C", "cat": "Definitely Declining", "city": "Oakland", "label": "C15"}, "geometry": {"type": "MultiPolygon", "coordinates": [[[[-122.24394, 37.80816], [-122.24583, 37.80731], [-122.24735, 37.80568], [-122.2482, 37.80508], [-122.24887, 37.80478], [-122.249359, 37.804568], [-122.249385, 37.804695], [-122.249365, 37.804758], [-122.249318, 37.804823], [-122.249378, 37.804844], [-122.249528, 37.804896], [-122.249561, 37.8049], [-122.249625, 37.80491], [-122.249819, 37.804975], [-122.25006, 37.805056], [-122.250402, 37.805172], [-122.250503, 37.805207], [-122.250597, 37.805237], [-122.250471, 37.805527], [-122.250107, 37.806374], [-122.250095, 37.806399], [-122.249966, 37.806689], [-122.249888, 37.806862], [-122.249655, 37.807384], [-122.249578, 37.807558], [-122.249501, 37.80773], [-122.249382, 37.808], [-122.249309, 37.808153], [-122.249007, 37.808511], [-122.249003, 37.808512], [-122.248114, 37.808995], [-122.247781, 37.80913], [-122.247559, 37.809247], [-122.24692, 37.80951], [-122.246854, 37.809611], [-122.246834, 37.809622], [-122.246702, 37.809703], [-122.24661, 37.809764], [-122.246504, 37.809841], [-122.246397, 37.809805], [-122.243348, 37.80894], [-122.24394, 37.80816]]]]}}, {"type": "Feature", "properties": {"grade": "C", "cat": "Definitely Declining", "city": "Oakland", "label": "C15"}, "geometry": {"type": "MultiPolygon", "coordinates": [[[[-122.2497, 37.80442], [-122.25103, 37.80416], [-122.2522, 37.80256], [-122.25291, 37.80209], [-122.25246, 37.80134], [-122.25177, 37.80126], [-122.25201, 37.79982], [-122.252074, 37.79978], [-122.252278, 37.799853], [-122.253736, 37.800374], [-122.253949, 37.800443], [-122.254351, 37.800567], [-122.25441, 37.800565], [-122.25436, 37.80068], [-122.25441, 37.80104], [-122.254432, 37.801056], [-122.254445, 37.801156], [-122.254467, 37.801446], [-122.254475, 37.801613], [-122.25447, 37.801778], [-122.254306, 37.802225], [-122.254288, 37.802254], [-122.254207, 37.802364], [-122.254073, 37.802521], [-122.253809, 37.802846], [-122.253747, 37.802931], [-122.253665, 37.803106], [-122.253447, 37.803608], [-122.253382, 37.80372], [-122.253324, 37.803794], [-122.253266, 37.80385], [-122.253177, 37.803919], [-122.253034, 37.803999], [-122.252877, 37.804059], [-122.252761, 37.80409], [-122.252654, 37.804107], [-122.252241, 37.804159], [-122.251741, 37.804234], [-122.251471, 37.804284], [-122.251401, 37.804307], [-122.251311, 37.804347], [-122.251126, 37.804438], [-122.251046, 37.804498], [-122.250973, 37.804559], [-122.250917, 37.804614], [-122.250851, 37.804693], [-122.250794, 37.804796], [-122.250676, 37.805058], [-122.250597, 37.805237], [-122.250503, 37.805207], [-122.250402, 37.805172], [-122.25006, 37.805056], [-122.249819, 37.804975], [-122.249625, 37.80491], [-122.249561, 37.8049], [-122.249528, 37.804896], [-122.249378, 37.804844], [-122.249318, 37.804823], [-122.249365, 37.804758], [-122.249385, 37.804695], [-122.249359, 37.804568], [-122.2497, 37.80442]]]]}}, {"type": "Feature", "properties": {"grade": "C", "cat": "Definitely Declining", "city": "Oakland", "label": "C15"}, "geometry": {"type": "MultiPolygon", "coordinates": [[[[-122.25251, 37.79951], [-122.25367, 37.7988], [-122.25493, 37.80002], [-122.25453, 37.80029], [-122.25441, 37.800565], [-122.254351, 37.800567], [-122.253949, 37.800443], [-122.253736, 37.800374], [-122.252278, 37.799853], [-122.252074, 37.79978], [-122.25251, 37.79951]]]]}}, {"type": "Feature", "properties": {"grade": "C", "cat": "Definitely Declining", "city": "Oakland", "label": "C16"}, "geometry": {"type": "MultiPolygon", "coordinates": [[[[-122.22599, 37.84215], [-122.22682, 37.84275], [-122.227298, 37.842927], [-122.227242, 37.842927], [-122.227056, 37.842905], [-122.226862, 37.842866], [-122.226771, 37.842829], [-122.226334, 37.842508], [-122.225911, 37.84217], [-122.225804, 37.842096], [-122.22599, 37.84215]]]]}}, {"type": "Feature", "properties": {"grade": "C", "cat": "Definitely Declining", "city": "Oakland", "label": "C16"}, "geometry": {"type": "MultiPolygon", "coordinates": [[[[-122.22744, 37.84298], [-122.22794, 37.84307], [-122.22832, 37.843], [-122.22889, 37.84334], [-122.22963, 37.84347], [-122.22998, 37.84351], [-122.23065, 37.84366], [-122.23129, 37.84422], [-122.23229, 37.84484], [-122.23264, 37.84555], [-122.23298, 37.84589], [-122.23424, 37.84671], [-122.23455, 37.84677], [-122.23457, 37.84934], [-122.2344, 37.85002], [-122.23529, 37.85139], [-122.23429, 37.85147], [-122.232807, 37.851249], [-122.232751, 37.851183], [-122.232658, 37.851036], [-122.232333, 37.850703], [-122.232071, 37.850504], [-122.23187, 37.850392], [-122.231747, 37.850334], [-122.23157, 37.850268], [-122.231399, 37.850073], [-122.231212, 37.849858], [-122.230881, 37.849501], [-122.230612, 37.849211], [-122.23052, 37.849112], [-122.230346, 37.848892], [-122.230016, 37.848739], [-122.228003, 37.848244], [-122.227871, 37.847939], [-122.227702, 37.84692], [-122.22771, 37.846418], [-122.227633, 37.84594], [-122.227559, 37.845474], [-122.227431, 37.845208], [-122.227212, 37.844869], [-122.226477, 37.843818], [-122.226288, 37.843551], [-122.226104, 37.843327], [-122.225964, 37.843157], [-122.225766, 37.842944], [-122.225436, 37.842564], [-122.22537, 37.842488], [-122.224936, 37.841845], [-122.225804, 37.842096], [-122.225911, 37.84217], [-122.226334, 37.842508], [-122.226771, 37.842829], [-122.226862, 37.842866], [-122.227056, 37.842905], [-122.227242, 37.842927], [-122.227298, 37.842927], [-122.22744, 37.84298]]]]}}, {"type": "Feature", "properties": {"grade": "C", "cat": "Definitely Declining", "city": "Oakland", "label": "C16"}, "geometry": {"type": "MultiPolygon", "coordinates": [[[[-122.23261, 37.85122], [-122.23183, 37.85071], [-122.23076, 37.85023], [-122.22994, 37.84961], [-122.22709, 37.84815], [-122.22391, 37.84646], [-122.22192, 37.84565], [-122.21999, 37.84483], [-122.21782, 37.84429], [-122.21739, 37.84398], [-122.217, 37.84424], [-122.216, 37.84452], [-122.21504, 37.84503], [-122.21411, 37.84593], [-122.2135, 37.84705], [-122.21275, 37.84801], [-122.21229, 37.84919], [-122.21197, 37.84967], [-122.21161, 37.84967], [-122.21144, 37.84967], [-122.21058, 37.84976], [-122.20997, 37.84961], [-122.20908, 37.84854], [-122.20915, 37.84767], [-122.20812, 37.84626], [-122.20873, 37.84511], [-122.20905, 37.84379], [-122.20908, 37.84291], [-122.208941, 37.841633], [-122.20898, 37.841619], [-122.209026, 37.841603], [-122.209123, 37.841561], [-122.209187, 37.841521], [-122.209243, 37.841475], [-122.209303, 37.841399], [-122.209333, 37.841341], [-122.209348, 37.841289], [-122.209353, 37.841273], [-122.20944, 37.8412], [-122.20994, 37.8403], [-122.21047, 37.8399], [-122.2109, 37.8388], [-122.21115, 37.83754], [-122.211244, 37.837238], [-122.211307, 37.837085], [-122.211432, 37.836757], [-122.211485, 37.836619], [-122.211524, 37.836503], [-122.211626, 37.836205], [-122.211812, 37.835668], [-122.211902, 37.835412], [-122.21208, 37.83495], [-122.21393, 37.83385], [-122.21521, 37.83492], [-122.21571, 37.83554], [-122.21614, 37.83599], [-122.2165, 37.837], [-122.2171, 37.83714], [-122.21739, 37.837], [-122.21803, 37.83799], [-122.21889, 37.83852], [-122.21974, 37.83934], [-122.21974, 37.84007], [-122.21989, 37.84049], [-122.22021, 37.8412], [-122.22124, 37.84191], [-122.22112, 37.8424], [-122.22126, 37.84304], [-122.22143, 37.84334], [-122.22178, 37.84347], [-122.2225, 37.84351], [-122.22345, 37.84345], [-122.22387, 37.84317], [-122.22444, 37.84262], [-122.22482, 37.8421], [-122.22478, 37.8418], [-122.224936, 37.841845], [-122.22537, 37.842488], [-122.225436, 37.842564], [-122.225766, 37.842944], [-122.225964, 37.843157], [-122.226104, 37.843327], [-122.226288, 37.843551], [-122.226477, 37.843818], [-122.227212, 37.844869], [-122.227431, 37.845208], [-122.227559, 37.845474], [-122.227633, 37.84594], [-122.22771, 37.846418], [-122.227702, 37.84692], [-122.227871, 37.847939], [-122.228003, 37.848244], [-122.230016, 37.848739], [-122.230346, 37.848892], [-122.23052, 37.849112], [-122.230612, 37.849211], [-122.230881, 37.849501], [-122.231212, 37.849858], [-122.231399, 37.850073], [-122.23157, 37.850268], [-122.231747, 37.850334], [-122.23187, 37.850392], [-122.232071, 37.850504], [-122.232333, 37.850703], [-122.232658, 37.851036], [-122.232751, 37.851183], [-122.232807, 37.851249], [-122.23261, 37.85122]]]]}}, {"type": "Feature", "properties": {"grade": "C", "cat": "Definitely Declining", "city": "Oakland", "label": "C16"}, "geometry": {"type": "MultiPolygon", "coordinates": [[[[-122.21144, 37.83661], [-122.211902, 37.835412], [-122.211812, 37.835668], [-122.211626, 37.836205], [-122.211524, 37.836503], [-122.211485, 37.836619], [-122.211432, 37.836757], [-122.211307, 37.837085], [-122.211244, 37.837238], [-122.21144, 37.83661]]], [[[-122.20894, 37.84162], [-122.209353, 37.841273], [-122.209348, 37.841289], [-122.209333, 37.841341], [-122.209303, 37.841399], [-122.209243, 37.841475], [-122.209187, 37.841521], [-122.209123, 37.841561], [-122.209026, 37.841603], [-122.20898, 37.841619], [-122.208941, 37.841633], [-122.20894, 37.84162]]]]}}, {"type": "Feature", "properties": {"grade": "C", "cat": "Definitely Declining", "city": "Oakland", "label": "C17"}, "geometry": {"type": "MultiPolygon", "coordinates": [[[[-122.23332, 37.80435], [-122.23239, 37.80506], [-122.23196, 37.80537], [-122.23132, 37.80551], [-122.23043, 37.80542], [-122.22989, 37.80525], [-122.22961, 37.80494], [-122.22947, 37.80449], [-122.231469, 37.802861], [-122.231602, 37.802975], [-122.231783, 37.80313], [-122.232785, 37.803926], [-122.232936, 37.80404], [-122.233289, 37.804308], [-122.233336, 37.804337], [-122.23332, 37.80435]]]]}}, {"type": "Feature", "properties": {"grade": "C", "cat": "Definitely Declining", "city": "Oakland", "label": "C17"}, "geometry": {"type": "MultiPolygon", "coordinates": [[[[-122.24498, 37.80182], [-122.24424, 37.80191], [-122.242925, 37.80217], [-122.24325, 37.80204], [-122.243421, 37.80198], [-122.243596, 37.801935], [-122.243741, 37.801898], [-122.243982, 37.801855], [-122.24539, 37.801675], [-122.245553, 37.801653], [-122.24498, 37.80182]]], [[[-122.24887, 37.80478], [-122.24677, 37.80395], [-122.24715, 37.80272], [-122.2466, 37.80281], [-122.246022, 37.801545], [-122.246155, 37.801513], [-122.246539, 37.801387], [-122.246704, 37.801332], [-122.246774, 37.801303], [-122.247078, 37.801176], [-122.247227, 37.801097], [-122.247251, 37.801085], [-122.247369, 37.801011], [-122.24765, 37.800815], [-122.247789, 37.800719], [-122.247908, 37.800652], [-122.248037, 37.800581], [-122.248194, 37.800516], [-122.248281, 37.800486], [-122.248411, 37.800443], [-122.248447, 37.800608], [-122.248557, 37.801103], [-122.248564, 37.801134], [-122.248599, 37.801267], [-122.248653, 37.801475], [-122.248858, 37.802312], [-122.248892, 37.802499], [-122.249013, 37.803014], [-122.249034, 37.803084], [-122.249219, 37.803842], [-122.249335, 37.804453], [-122.249359, 37.804568], [-122.24887, 37.80478]]]]}}, {"type": "Feature", "properties": {"grade": "C", "cat": "Definitely Declining", "city": "Oakland", "label": "C17"}, "geometry": {"type": "MultiPolygon", "coordinates": [[[[-122.25201, 37.79982], [-122.25177, 37.80126], [-122.25246, 37.80134], [-122.25291, 37.80209], [-122.2522, 37.80256], [-122.25103, 37.80416], [-122.2497, 37.80442], [-122.249359, 37.804568], [-122.249335, 37.804453], [-122.249219, 37.803842], [-122.249034, 37.803084], [-122.249013, 37.803014], [-122.248892, 37.802499], [-122.248858, 37.802312], [-122.248653, 37.801475], [-122.248599, 37.801267], [-122.248564, 37.801134], [-122.248557, 37.801103], [-122.248447, 37.800608], [-122.248411, 37.800443], [-122.248525, 37.800417], [-122.248567, 37.800408], [-122.24873, 37.800385], [-122.24887, 37.80035], [-122.248984, 37.800323], [-122.249044, 37.800308], [-122.249131, 37.800288], [-122.249223, 37.800258], [-122.249282, 37.800239], [-122.249504, 37.800234], [-122.249723, 37.80022], [-122.250128, 37.800187], [-122.250289, 37.800174], [-122.25034, 37.800168], [-122.25038, 37.800163], [-122.250431, 37.800157], [-122.250499, 37.800144], [-122.250539, 37.800137], [-122.250457, 37.800073], [-122.250214, 37.799882], [-122.250133, 37.799819], [-122.250309, 37.799691], [-122.250751, 37.799372], [-122.25084, 37.799307], [-122.251017, 37.79918], [-122.251167, 37.799298], [-122.251195, 37.799317], [-122.251474, 37.799508], [-122.251671, 37.799617], [-122.251796, 37.799679], [-122.251935, 37.799731], [-122.252074, 37.79978], [-122.25201, 37.79982]]]]}}, {"type": "Feature", "properties": {"grade": "C", "cat": "Definitely Declining", "city": "Oakland", "label": "C17"}, "geometry": {"type": "MultiPolygon", "coordinates": [[[[-122.25093, 37.79807], [-122.25251, 37.79951], [-122.252074, 37.79978], [-122.251935, 37.799731], [-122.251796, 37.799679], [-122.251671, 37.799617], [-122.251474, 37.799508], [-122.251195, 37.799317], [-122.251167, 37.799298], [-122.251017, 37.79918], [-122.250954, 37.799128], [-122.250844, 37.799031], [-122.250332, 37.798578], [-122.250269, 37.798522], [-122.25093, 37.79807]]]]}}, {"type": "Feature", "properties": {"grade": "C", "cat": "Definitely Declining", "city": "Oakland", "label": "C17"}, "geometry": {"type": "MultiPolygon", "coordinates": [[[[-122.250269, 37.798522], [-122.250332, 37.798578], [-122.250844, 37.799031], [-122.250954, 37.799128], [-122.251017, 37.79918], [-122.25084, 37.799307], [-122.250751, 37.799372], [-122.250309, 37.799691], [-122.250133, 37.799819], [-122.250214, 37.799882], [-122.250457, 37.800073], [-122.250539, 37.800137], [-122.250499, 37.800144], [-122.250431, 37.800157], [-122.25038, 37.800163], [-122.25034, 37.800168], [-122.250289, 37.800174], [-122.250128, 37.800187], [-122.249723, 37.80022], [-122.249504, 37.800234], [-122.249282, 37.800239], [-122.249223, 37.800258], [-122.249131, 37.800288], [-122.249044, 37.800308], [-122.248984, 37.800323], [-122.248933, 37.800273], [-122.248858, 37.800199], [-122.248727, 37.800071], [-122.24848, 37.799827], [-122.248432, 37.79978], [-122.250269, 37.798522]]]]}}, {"type": "Feature", "properties": {"grade": "C", "cat": "Definitely Declining", "city": "Oakland", "label": "C17"}, "geometry": {"type": "MultiPolygon", "coordinates": [[[[-122.24257, 37.80224], [-122.241669, 37.802334], [-122.241669, 37.802322], [-122.241663, 37.802157], [-122.241662, 37.802097], [-122.241823, 37.801985], [-122.241883, 37.801945], [-122.242095, 37.80182], [-122.242198, 37.801722], [-122.242241, 37.801655], [-122.242262, 37.801611], [-122.242275, 37.801587], [-122.242317, 37.801518], [-122.24371, 37.80138], [-122.24509, 37.801], [-122.24605, 37.80046], [-122.24665, 37.801], [-122.248432, 37.79978], [-122.24848, 37.799827], [-122.248727, 37.800071], [-122.248858, 37.800199], [-122.248933, 37.800273], [-122.248984, 37.800323], [-122.24887, 37.80035], [-122.24873, 37.800385], [-122.248567, 37.800408], [-122.248525, 37.800417], [-122.248411, 37.800443], [-122.248281, 37.800486], [-122.248194, 37.800516], [-122.248037, 37.800581], [-122.247908, 37.800652], [-122.247789, 37.800719], [-122.24765, 37.800815], [-122.247369, 37.801011], [-122.247251, 37.801085], [-122.247227, 37.801097], [-122.247078, 37.801176], [-122.246774, 37.801303], [-122.246704, 37.801332], [-122.246539, 37.801387], [-122.246155, 37.801513], [-122.246022, 37.801545], [-122.24601, 37.80152], [-122.245553, 37.801653], [-122.24539, 37.801675], [-122.243982, 37.801855], [-122.243741, 37.801898], [-122.243596, 37.801935], [-122.243421, 37.80198], [-122.24325, 37.80204], [-122.242925, 37.80217], [-122.24257, 37.80224]]]]}}, {"type": "Feature", "properties": {"grade": "C", "cat": "Definitely Declining", "city": "Oakland", "label": "C17"}, "geometry": {"type": "MultiPolygon", "coordinates": [[[[-122.23196, 37.80246], [-122.23253, 37.80283], [-122.23389, 37.80184], [-122.23463, 37.80224], [-122.23517, 37.80187], [-122.23585, 37.80204], [-122.2366, 37.80213], [-122.23717, 37.80213], [-122.23806, 37.80173], [-122.23806, 37.80156], [-122.23939, 37.80162], [-122.23983, 37.80141], [-122.24021, 37.80148], [-122.2422, 37.80153], [-122.242317, 37.801518], [-122.242275, 37.801587], [-122.242262, 37.801611], [-122.242241, 37.801655], [-122.242198, 37.801722], [-122.242095, 37.80182], [-122.241883, 37.801945], [-122.241823, 37.801985], [-122.241662, 37.802097], [-122.241663, 37.802157], [-122.241669, 37.802322], [-122.241669, 37.802334], [-122.23854, 37.80266], [-122.23466, 37.80323], [-122.233336, 37.804337], [-122.233289, 37.804308], [-122.232936, 37.80404], [-122.232785, 37.803926], [-122.231783, 37.80313], [-122.231602, 37.802975], [-122.231469, 37.802861], [-122.23196, 37.80246]]]]}}, {"type": "Feature", "properties": {"grade": "C", "cat": "Definitely Declining", "city": "Oakland", "label": "C18"}, "geometry": {"type": "MultiPolygon", "coordinates": [[[[-122.25303, 37.79653], [-122.25634, 37.79929], [-122.25493, 37.80002], [-122.25367, 37.7988], [-122.25251, 37.79951], [-122.25093, 37.79807], [-122.250269, 37.798522], [-122.250162, 37.798427], [-122.250198, 37.798404], [-122.250227, 37.798378], [-122.250354, 37.79829], [-122.250939, 37.79789], [-122.251135, 37.797757], [-122.252043, 37.797093], [-122.252231, 37.796961], [-122.252542, 37.796745], [-122.252794, 37.796563], [-122.252946, 37.796455], [-122.25303, 37.79653]]]]}}, {"type": "Feature", "properties": {"grade": "C", "cat": "Definitely Declining", "city": "Oakland", "label": "C18"}, "geometry": {"type": "MultiPolygon", "coordinates": [[[[-122.248432, 37.79978], [-122.248355, 37.799704], [-122.248314, 37.79967], [-122.248178, 37.799563], [-122.248055, 37.799466], [-122.247665, 37.799119], [-122.247497, 37.798969], [-122.246743, 37.798308], [-122.246705, 37.798292], [-122.24665, 37.79828], [-122.246673, 37.798193], [-122.246642, 37.798186], [-122.246604, 37.798165], [-122.246008, 37.797675], [-122.245822, 37.797513], [-122.245002, 37.796765], [-122.245186, 37.796633], [-122.245741, 37.796237], [-122.245926, 37.796106], [-122.246107, 37.795982], [-122.246644, 37.795602], [-122.246824, 37.795476], [-122.246892, 37.795427], [-122.247013, 37.795338], [-122.247583, 37.794924], [-122.247773, 37.794786], [-122.247957, 37.794655], [-122.248512, 37.794262], [-122.248697, 37.794132], [-122.248882, 37.793999], [-122.249439, 37.7936], [-122.249613, 37.793477], [-122.252946, 37.796455], [-122.252794, 37.796563], [-122.252542, 37.796745], [-122.252231, 37.796961], [-122.252043, 37.797093], [-122.251135, 37.797757], [-122.250939, 37.79789], [-122.250354, 37.79829], [-122.250227, 37.798378], [-122.250198, 37.798404], [-122.250162, 37.798427], [-122.250269, 37.798522], [-122.248432, 37.79978]]]]}}, {"type": "Feature", "properties": {"grade": "C", "cat": "Definitely Declining", "city": "Oakland", "label": "C18"}, "geometry": {"type": "MultiPolygon", "coordinates": [[[[-122.24618, 37.79175], [-122.24632, 37.79179], [-122.24712, 37.79125], [-122.249613, 37.793477], [-122.249439, 37.7936], [-122.248882, 37.793999], [-122.248697, 37.794132], [-122.248512, 37.794262], [-122.247957, 37.794655], [-122.247773, 37.794786], [-122.247583, 37.794924], [-122.247013, 37.795338], [-122.246892, 37.795427], [-122.246824, 37.795476], [-122.246644, 37.795602], [-122.246107, 37.795982], [-122.245926, 37.796106], [-122.245741, 37.796237], [-122.245186, 37.796633], [-122.245002, 37.796765], [-122.244837, 37.796617], [-122.244345, 37.796174], [-122.244181, 37.796027], [-122.244014, 37.795879], [-122.243513, 37.795436], [-122.243346, 37.795289], [-122.243179, 37.795143], [-122.24268, 37.794708], [-122.242514, 37.794563], [-122.24235, 37.794415], [-122.241858, 37.793972], [-122.241723, 37.793851], [-122.243712, 37.792381], [-122.244272, 37.791984], [-122.244463, 37.791849], [-122.244644, 37.791718], [-122.245191, 37.791327], [-122.245373, 37.791197], [-122.245448, 37.791143], [-122.24618, 37.79175]]]]}}, {"type": "Feature", "properties": {"grade": "C", "cat": "Definitely Declining", "city": "Oakland", "label": "C18"}, "geometry": {"type": "MultiPolygon", "coordinates": [[[[-122.24665, 37.801], [-122.24605, 37.80046], [-122.23995, 37.79516], [-122.241723, 37.793851], [-122.241858, 37.793972], [-122.24235, 37.794415], [-122.242514, 37.794563], [-122.24268, 37.794708], [-122.243179, 37.795143], [-122.243346, 37.795289], [-122.243513, 37.795436], [-122.244014, 37.795879], [-122.244181, 37.796027], [-122.244345, 37.796174], [-122.244837, 37.796617], [-122.245002, 37.796765], [-122.245822, 37.797513], [-122.246008, 37.797675], [-122.246604, 37.798165], [-122.246642, 37.798186], [-122.246673, 37.798193], [-122.24665, 37.79828], [-122.246705, 37.798292], [-122.246743, 37.798308], [-122.247497, 37.798969], [-122.247665, 37.799119], [-122.248055, 37.799466], [-122.248178, 37.799563], [-122.248314, 37.79967], [-122.248355, 37.799704], [-122.248432, 37.79978], [-122.24665, 37.801]]]]}}, {"type": "Feature", "properties": {"grade": "C", "cat": "Definitely Declining", "city": "Oakland", "label": "C18"}, "geometry": {"type": "MultiPolygon", "coordinates": [[[[-122.24542, 37.79112], [-122.245448, 37.791143], [-122.245373, 37.791197], [-122.245191, 37.791327], [-122.244644, 37.791718], [-122.244463, 37.791849], [-122.244272, 37.791984], [-122.243712, 37.792381], [-122.24542, 37.79112]]]]}}, {"type": "Feature", "properties": {"grade": "C", "cat": "Definitely Declining", "city": "Oakland", "label": "C19"}, "geometry": {"type": "MultiPolygon", "coordinates": [[[[-122.22611, 37.80083], [-122.226243, 37.800439], [-122.226561, 37.800508], [-122.226675, 37.80053], [-122.226758, 37.80055], [-122.227289, 37.80064], [-122.227865, 37.80077], [-122.228437, 37.800948], [-122.228499, 37.80097], [-122.228756, 37.801082], [-122.22888, 37.801135], [-122.229175, 37.801264], [-122.229357, 37.801348], [-122.229451, 37.801397], [-122.229611, 37.801482], [-122.229856, 37.801627], [-122.229889, 37.801649], [-122.22611, 37.80083]]]]}}, {"type": "Feature", "properties": {"grade": "C", "cat": "Definitely Declining", "city": "Oakland", "label": "C19"}, "geometry": {"type": "MultiPolygon", "coordinates": [[[[-122.241723, 37.793851], [-122.241694, 37.793825], [-122.241878, 37.793692], [-122.242433, 37.793296], [-122.242618, 37.793164], [-122.242796, 37.793036], [-122.243333, 37.792655], [-122.243512, 37.792528], [-122.243566, 37.792486], [-122.2437, 37.79239], [-122.243712, 37.792381], [-122.241723, 37.793851]]]]}}, {"type": "Feature", "properties": {"grade": "C", "cat": "Definitely Declining", "city": "Oakland", "label": "C19"}, "geometry": {"type": "MultiPolygon", "coordinates": [[[[-122.23995, 37.79516], [-122.24605, 37.80046], [-122.24509, 37.801], [-122.24371, 37.80138], [-122.242317, 37.801518], [-122.242363, 37.801443], [-122.242469, 37.801315], [-122.242503, 37.801275], [-122.242836, 37.800982], [-122.242961, 37.800873], [-122.242794, 37.800725], [-122.242296, 37.800284], [-122.24213, 37.800137], [-122.241962, 37.799988], [-122.241458, 37.799541], [-122.241291, 37.799393], [-122.241127, 37.799248], [-122.240637, 37.798813], [-122.240474, 37.798669], [-122.240306, 37.798521], [-122.239802, 37.79808], [-122.239635, 37.797933], [-122.23947, 37.797784], [-122.238977, 37.797337], [-122.238813, 37.797189], [-122.238644, 37.797043], [-122.23814, 37.796605], [-122.237973, 37.79646], [-122.238157, 37.796327], [-122.238713, 37.795931], [-122.238898, 37.795799], [-122.239084, 37.795666], [-122.239646, 37.795268], [-122.239833, 37.795136], [-122.240017, 37.795004], [-122.240569, 37.794612], [-122.240754, 37.794482], [-122.240941, 37.79435], [-122.241506, 37.793956], [-122.241694, 37.793825], [-122.241723, 37.793851], [-122.23995, 37.79516]]]]}}, {"type": "Feature", "properties": {"grade": "C", "cat": "Definitely Declining", "city": "Oakland", "label": "C19"}, "geometry": {"type": "MultiPolygon", "coordinates": [[[[-122.2422, 37.80153], [-122.24021, 37.80148], [-122.23983, 37.80141], [-122.23939, 37.80162], [-122.23806, 37.80156], [-122.23674, 37.80021], [-122.23599, 37.8006], [-122.23492, 37.80004], [-122.23339, 37.80114], [-122.233105, 37.801091], [-122.233361, 37.80089], [-122.233791, 37.800539], [-122.234679, 37.799827], [-122.234669, 37.799864], [-122.234824, 37.799743], [-122.234886, 37.799696], [-122.235229, 37.799419], [-122.235281, 37.799359], [-122.235394, 37.799208], [-122.235427, 37.799165], [-122.235526, 37.799037], [-122.23556, 37.798995], [-122.236024, 37.798408], [-122.23664, 37.797617], [-122.236732, 37.7975], [-122.237011, 37.797152], [-122.237025, 37.797135], [-122.237121, 37.797052], [-122.237291, 37.796933], [-122.237802, 37.796578], [-122.237973, 37.79646], [-122.23814, 37.796605], [-122.238644, 37.797043], [-122.238813, 37.797189], [-122.238977, 37.797337], [-122.23947, 37.797784], [-122.239635, 37.797933], [-122.239802, 37.79808], [-122.240306, 37.798521], [-122.240474, 37.798669], [-122.240637, 37.798813], [-122.241127, 37.799248], [-122.241291, 37.799393], [-122.241458, 37.799541], [-122.241962, 37.799988], [-122.24213, 37.800137], [-122.242296, 37.800284], [-122.242794, 37.800725], [-122.242961, 37.800873], [-122.242836, 37.800982], [-122.242503, 37.801275], [-122.242469, 37.801315], [-122.242363, 37.801443], [-122.242317, 37.801518], [-122.2422, 37.80153]]]]}}, {"type": "Feature", "properties": {"grade": "C", "cat": "Definitely Declining", "city": "Oakland", "label": "C19"}, "geometry": {"type": "MultiPolygon", "coordinates": [[[[-122.22686, 37.79863], [-122.22537, 37.79838], [-122.225213, 37.797886], [-122.225253, 37.79784], [-122.225311, 37.797761], [-122.225362, 37.797676], [-122.225399, 37.7976], [-122.225433, 37.79751], [-122.225658, 37.796795], [-122.225773, 37.796435], [-122.225834, 37.796238], [-122.226017, 37.79565], [-122.226079, 37.795454], [-122.226139, 37.795258], [-122.226323, 37.794671], [-122.226385, 37.794476], [-122.226444, 37.794289], [-122.226574, 37.793889], [-122.226619, 37.793728], [-122.226641, 37.793651], [-122.226657, 37.793613], [-122.22763, 37.79379], [-122.227907, 37.793747], [-122.227972, 37.793757], [-122.228024, 37.793765], [-122.228225, 37.793799], [-122.229163, 37.794313], [-122.22952, 37.794528], [-122.22962, 37.794588], [-122.229817, 37.794708], [-122.229889, 37.794752], [-122.230231, 37.794957], [-122.231476, 37.795703], [-122.231892, 37.795952], [-122.231752, 37.796102], [-122.231335, 37.796551], [-122.231196, 37.796702], [-122.230674, 37.797265], [-122.230626, 37.797318], [-122.230597, 37.797361], [-122.2306, 37.797466], [-122.23046, 37.79751], [-122.22929, 37.79888], [-122.23304, 37.79957], [-122.23295, 37.79882], [-122.23316, 37.79796], [-122.23295, 37.79672], [-122.230985, 37.797344], [-122.231962, 37.797007], [-122.233004, 37.796635], [-122.233123, 37.796591], [-122.233174, 37.796691], [-122.233214, 37.796743], [-122.23386, 37.79713], [-122.236024, 37.798408], [-122.23556, 37.798995], [-122.235526, 37.799037], [-122.235427, 37.799165], [-122.235394, 37.799208], [-122.235281, 37.799359], [-122.235229, 37.799419], [-122.234886, 37.799696], [-122.234824, 37.799743], [-122.234669, 37.799864], [-122.234679, 37.799827], [-122.233791, 37.800539], [-122.233361, 37.80089], [-122.233105, 37.801091], [-122.23096, 37.80072], [-122.23068, 37.80182], [-122.229889, 37.801649], [-122.229856, 37.801627], [-122.229611, 37.801482], [-122.229451, 37.801397], [-122.229357, 37.801348], [-122.229175, 37.801264], [-122.22888, 37.801135], [-122.228756, 37.801082], [-122.228499, 37.80097], [-122.228437, 37.800948], [-122.227865, 37.80077], [-122.227289, 37.80064], [-122.226758, 37.80055], [-122.226675, 37.80053], [-122.226561, 37.800508], [-122.226243, 37.800439], [-122.22686, 37.79863]]]]}}, {"type": "Feature", "properties": {"grade": "C", "cat": "Definitely Declining", "city": "Oakland", "label": "C19"}, "geometry": {"type": "MultiPolygon", "coordinates": [[[[-122.22965, 37.79458], [-122.2301, 37.79152], [-122.23188, 37.79259], [-122.23278, 37.79176], [-122.23495, 37.79302], [-122.235546, 37.792287], [-122.235861, 37.792477], [-122.237125, 37.793239], [-122.237547, 37.793494], [-122.23741, 37.793644], [-122.237001, 37.794096], [-122.236865, 37.794247], [-122.237082, 37.794387], [-122.237091, 37.794393], [-122.237621, 37.794707], [-122.237748, 37.794787], [-122.237804, 37.794823], [-122.23787, 37.794885], [-122.237951, 37.794948], [-122.238928, 37.79458], [-122.239093, 37.794509], [-122.239507, 37.794859], [-122.239524, 37.794873], [-122.239833, 37.795136], [-122.239646, 37.795268], [-122.239084, 37.795666], [-122.238898, 37.795799], [-122.238713, 37.795931], [-122.238157, 37.796327], [-122.237973, 37.79646], [-122.237802, 37.796578], [-122.237291, 37.796933], [-122.237121, 37.797052], [-122.237025, 37.797135], [-122.237011, 37.797152], [-122.236732, 37.7975], [-122.23664, 37.797617], [-122.236024, 37.798408], [-122.23386, 37.79713], [-122.233214, 37.796743], [-122.233174, 37.796691], [-122.233123, 37.796591], [-122.233004, 37.796635], [-122.231962, 37.797007], [-122.230985, 37.797344], [-122.2306, 37.797466], [-122.230597, 37.797361], [-122.230626, 37.797318], [-122.230674, 37.797265], [-122.231196, 37.796702], [-122.231335, 37.796551], [-122.231752, 37.796102], [-122.231892, 37.795952], [-122.231476, 37.795703], [-122.230231, 37.794957], [-122.229889, 37.794752], [-122.229817, 37.794708], [-122.22962, 37.794588], [-122.22952, 37.794528], [-122.229163, 37.794313], [-122.22965, 37.79458]]], [[[-122.22808, 37.79372], [-122.228225, 37.793799], [-122.228024, 37.793765], [-122.227972, 37.793757], [-122.227907, 37.793747], [-122.22808, 37.79372]]]]}}, {"type": "Feature", "properties": {"grade": "C", "cat": "Definitely Declining", "city": "Oakland", "label": "C19"}, "geometry": {"type": "MultiPolygon", "coordinates": [[[[-122.23556, 37.79227], [-122.23756, 37.79344], [-122.23996, 37.79096], [-122.24096, 37.79156], [-122.24248, 37.79009], [-122.24393, 37.79096], [-122.24474, 37.79056], [-122.24498, 37.79076], [-122.24542, 37.79112], [-122.243712, 37.792381], [-122.2437, 37.79239], [-122.243566, 37.792486], [-122.243512, 37.792528], [-122.243333, 37.792655], [-122.242796, 37.793036], [-122.242618, 37.793164], [-122.242433, 37.793296], [-122.241878, 37.793692], [-122.241694, 37.793825], [-122.241506, 37.793956], [-122.240941, 37.79435], [-122.240754, 37.794482], [-122.240569, 37.794612], [-122.240017, 37.795004], [-122.239833, 37.795136], [-122.239524, 37.794873], [-122.239507, 37.794859], [-122.239093, 37.794509], [-122.238928, 37.79458], [-122.237951, 37.794948], [-122.23787, 37.794885], [-122.237804, 37.794823], [-122.237748, 37.794787], [-122.237621, 37.794707], [-122.237091, 37.794393], [-122.237082, 37.794387], [-122.236865, 37.794247], [-122.237001, 37.794096], [-122.23741, 37.793644], [-122.237547, 37.793494], [-122.237125, 37.793239], [-122.235861, 37.792477], [-122.235546, 37.792287], [-122.23556, 37.79227]]]]}}, {"type": "Feature", "properties": {"grade": "C", "cat": "Definitely Declining", "city": "Oakland", "label": "C19"}, "geometry": {"type": "MultiPolygon", "coordinates": [[[[-122.23017, 37.78493], [-122.23214, 37.78508], [-122.228979, 37.78826], [-122.228901, 37.788213], [-122.228612, 37.788044], [-122.227748, 37.787537], [-122.227461, 37.787368], [-122.227323, 37.787285], [-122.226909, 37.787039], [-122.226772, 37.786957], [-122.226623, 37.786872], [-122.226177, 37.78662], [-122.226029, 37.786536], [-122.225884, 37.786448], [-122.225451, 37.786185], [-122.225307, 37.786098], [-122.226057, 37.785312], [-122.226595, 37.784726], [-122.227217, 37.784762], [-122.227537, 37.78495], [-122.227688, 37.784788], [-122.23017, 37.78493]]]]}}, {"type": "Feature", "properties": {"grade": "C", "cat": "Definitely Declining", "city": "Oakland", "label": "C19"}, "geometry": {"type": "MultiPolygon", "coordinates": [[[[-122.227688, 37.784788], [-122.227537, 37.78495], [-122.227217, 37.784762], [-122.227688, 37.784788]]], [[[-122.22298, 37.78452], [-122.226595, 37.784726], [-122.226057, 37.785312], [-122.225307, 37.786098], [-122.225127, 37.78599], [-122.224841, 37.785818], [-122.224767, 37.785782], [-122.224567, 37.785713], [-122.224369, 37.785646], [-122.224317, 37.785628], [-122.224304, 37.785624], [-122.224109, 37.785566], [-122.224044, 37.785547], [-122.223875, 37.785487], [-122.223369, 37.78531], [-122.223201, 37.785251], [-122.22301, 37.785188], [-122.222763, 37.785106], [-122.22298, 37.78452]]]]}}, {"type": "Feature", "properties": {"grade": "C", "cat": "Definitely Declining", "city": "Oakland", "label": "C19"}, "geometry": {"type": "MultiPolygon", "coordinates": [[[[-122.22893, 37.78831], [-122.23029, 37.78912], [-122.22846, 37.79064], [-122.225981, 37.793348], [-122.225878, 37.79329], [-122.22554, 37.7931], [-122.225428, 37.793037], [-122.225153, 37.792887], [-122.224332, 37.79244], [-122.224058, 37.792291], [-122.224003, 37.79226], [-122.223838, 37.792168], [-122.223784, 37.792138], [-122.223688, 37.792087], [-122.2234, 37.791934], [-122.223305, 37.791883], [-122.223177, 37.791813], [-122.222794, 37.791606], [-122.222667, 37.791538], [-122.222603, 37.791503], [-122.222438, 37.791416], [-122.22216, 37.79045], [-122.22235, 37.78984], [-122.22299, 37.78854], [-122.22168, 37.78803], [-122.222763, 37.785106], [-122.22301, 37.785188], [-122.223201, 37.785251], [-122.223369, 37.78531], [-122.223875, 37.785487], [-122.224044, 37.785547], [-122.224109, 37.785566], [-122.224304, 37.785624], [-122.224317, 37.785628], [-122.224369, 37.785646], [-122.224567, 37.785713], [-122.224767, 37.785782], [-122.224841, 37.785818], [-122.225127, 37.78599], [-122.225307, 37.786098], [-122.225451, 37.786185], [-122.225884, 37.786448], [-122.226029, 37.786536], [-122.226177, 37.78662], [-122.226623, 37.786872], [-122.226772, 37.786957], [-122.226909, 37.787039], [-122.227323, 37.787285], [-122.227461, 37.787368], [-122.227748, 37.787537], [-122.228612, 37.788044], [-122.228901, 37.788213], [-122.228979, 37.78826], [-122.22893, 37.78831]]]]}}, {"type": "Feature", "properties": {"grade": "C", "cat": "Definitely Declining", "city": "Oakland", "label": "C19"}, "geometry": {"type": "MultiPolygon", "coordinates": [[[[-122.22587, 37.79347], [-122.226657, 37.793613], [-122.226641, 37.793651], [-122.226619, 37.793728], [-122.226574, 37.793889], [-122.226444, 37.794289], [-122.226385, 37.794476], [-122.226323, 37.794671], [-122.226139, 37.795258], [-122.226079, 37.795454], [-122.226017, 37.79565], [-122.225834, 37.796238], [-122.225773, 37.796435], [-122.225658, 37.796795], [-122.225433, 37.79751], [-122.225399, 37.7976], [-122.225362, 37.797676], [-122.225311, 37.797761], [-122.225253, 37.79784], [-122.225213, 37.797886], [-122.22499, 37.79718], [-122.22466, 37.79625], [-122.22423, 37.79568], [-122.22308, 37.79495], [-122.22159, 37.79453], [-122.22115, 37.79454], [-122.22157, 37.79417], [-122.22166, 37.79306], [-122.22214, 37.79184], [-122.22248, 37.79156], [-122.222438, 37.791416], [-122.222603, 37.791503], [-122.222667, 37.791538], [-122.222794, 37.791606], [-122.223177, 37.791813], [-122.223305, 37.791883], [-122.2234, 37.791934], [-122.223688, 37.792087], [-122.223784, 37.792138], [-122.223838, 37.792168], [-122.224003, 37.79226], [-122.224058, 37.792291], [-122.224332, 37.79244], [-122.225153, 37.792887], [-122.225428, 37.793037], [-122.22554, 37.7931], [-122.225878, 37.79329], [-122.225981, 37.793348], [-122.22587, 37.79347]]]]}}, {"type": "Feature", "properties": {"grade": "C", "cat": "Definitely Declining", "city": "Oakland", "label": "C2"}, "geometry": {"type": "MultiPolygon", "coordinates": [[[[-122.3041, 37.89255], [-122.30359, 37.89257], [-122.303168, 37.891342], [-122.303231, 37.891145], [-122.303317, 37.890839], [-122.303426, 37.890586], [-122.303452, 37.890527], [-122.303489, 37.890457], [-122.30355, 37.890349], [-122.303608, 37.890289], [-122.303731, 37.89018], [-122.303748, 37.890166], [-122.303899, 37.890065], [-122.303948, 37.890041], [-122.304141, 37.889968], [-122.304412, 37.889904], [-122.304574, 37.889878], [-122.304658, 37.889874], [-122.304928, 37.889814], [-122.30574, 37.889635], [-122.306013, 37.889587], [-122.306058, 37.889717], [-122.306123, 37.889905], [-122.306193, 37.89011], [-122.306238, 37.890241], [-122.30627, 37.890353], [-122.306369, 37.89069], [-122.306402, 37.890803], [-122.306688, 37.891695], [-122.30671, 37.891848], [-122.306693, 37.891995], [-122.306684, 37.892033], [-122.306661, 37.892132], [-122.306645, 37.892217], [-122.306636, 37.892274], [-122.306634, 37.89229], [-122.306624, 37.892398], [-122.306629, 37.89244], [-122.3041, 37.89255]]]]}}, {"type": "Feature", "properties": {"grade": "C", "cat": "Definitely Declining", "city": "Oakland", "label": "C2"}, "geometry": {"type": "MultiPolygon", "coordinates": [[[[-122.301885, 37.887612], [-122.302081, 37.887603], [-122.302202, 37.887597], [-122.302568, 37.88758], [-122.302691, 37.887575], [-122.302865, 37.887568], [-122.303387, 37.88755], [-122.303562, 37.887544], [-122.303591, 37.887543], [-122.303679, 37.887541], [-122.303709, 37.887541], [-122.303857, 37.887534], [-122.3043, 37.887515], [-122.304449, 37.887509], [-122.304627, 37.887501], [-122.305162, 37.887481], [-122.30521, 37.88748], [-122.30534, 37.887469], [-122.305423, 37.887459], [-122.30565, 37.887434], [-122.305667, 37.887433], [-122.305965, 37.887382], [-122.30704, 37.88734], [-122.30846, 37.89236], [-122.306629, 37.89244], [-122.306624, 37.892398], [-122.306634, 37.89229], [-122.306636, 37.892274], [-122.306645, 37.892217], [-122.306661, 37.892132], [-122.306684, 37.892033], [-122.306693, 37.891995], [-122.30671, 37.891848], [-122.306688, 37.891695], [-122.306402, 37.890803], [-122.306369, 37.89069], [-122.30627, 37.890353], [-122.306238, 37.890241], [-122.306193, 37.89011], [-122.306123, 37.889905], [-122.306058, 37.889717], [-122.306013, 37.889587], [-122.30574, 37.889635], [-122.304928, 37.889814], [-122.304658, 37.889874], [-122.304574, 37.889878], [-122.304412, 37.889904], [-122.304141, 37.889968], [-122.303948, 37.890041], [-122.303899, 37.890065], [-122.303748, 37.890166], [-122.303731, 37.89018], [-122.303608, 37.890289], [-122.30355, 37.890349], [-122.303489, 37.890457], [-122.303452, 37.890527], [-122.303426, 37.890586], [-122.303317, 37.890839], [-122.303231, 37.891145], [-122.303168, 37.891342], [-122.301885, 37.887612]]]]}}, {"type": "Feature", "properties": {"grade": "C", "cat": "Definitely Declining", "city": "Oakland", "label": "C2"}, "geometry": {"type": "MultiPolygon", "coordinates": [[[[-122.30186, 37.88754], [-122.305965, 37.887382], [-122.305667, 37.887433], [-122.30565, 37.887434], [-122.305423, 37.887459], [-122.30534, 37.887469], [-122.30521, 37.88748], [-122.305162, 37.887481], [-122.304627, 37.887501], [-122.304449, 37.887509], [-122.3043, 37.887515], [-122.303857, 37.887534], [-122.303709, 37.887541], [-122.303679, 37.887541], [-122.303591, 37.887543], [-122.303562, 37.887544], [-122.303387, 37.88755], [-122.302865, 37.887568], [-122.302691, 37.887575], [-122.302568, 37.88758], [-122.302202, 37.887597], [-122.302081, 37.887603], [-122.301885, 37.887612], [-122.30186, 37.88754]]]]}}, {"type": "Feature", "properties": {"grade": "C", "cat": "Definitely Declining", "city": "Oakland", "label": "C20"}, "geometry": {"type": "MultiPolygon", "coordinates": [[[[-122.23124, 37.78131], [-122.23285, 37.78225], [-122.2336, 37.78274], [-122.23429, 37.78323], [-122.23336, 37.78429], [-122.23326, 37.78443], [-122.23208, 37.78426], [-122.23135, 37.78417], [-122.228397, 37.784], [-122.228937, 37.783425], [-122.229194, 37.783152], [-122.229341, 37.783001], [-122.229786, 37.782551], [-122.229935, 37.782402], [-122.230109, 37.782216], [-122.230635, 37.781659], [-122.230719, 37.781571], [-122.230775, 37.781513], [-122.230811, 37.781475], [-122.230944, 37.781333], [-122.231069, 37.781202], [-122.23124, 37.78131]]]]}}, {"type": "Feature", "properties": {"grade": "C", "cat": "Definitely Declining", "city": "Oakland", "label": "C20"}, "geometry": {"type": "MultiPolygon", "coordinates": [[[[-122.22476, 37.78379], [-122.22338, 37.78367], [-122.22332, 37.78355], [-122.22392, 37.78217], [-122.22533, 37.77909], [-122.22579, 37.77804], [-122.22709, 37.77875], [-122.22817, 37.77939], [-122.22995, 37.7805], [-122.231069, 37.781202], [-122.230944, 37.781333], [-122.230811, 37.781475], [-122.230775, 37.781513], [-122.230719, 37.781571], [-122.230635, 37.781659], [-122.230109, 37.782216], [-122.229935, 37.782402], [-122.229786, 37.782551], [-122.229341, 37.783001], [-122.229194, 37.783152], [-122.228937, 37.783425], [-122.228397, 37.784], [-122.22476, 37.78379]]]]}}, {"type": "Feature", "properties": {"grade": "C", "cat": "Definitely Declining", "city": "Oakland", "label": "C20"}, "geometry": {"type": "MultiPolygon", "coordinates": [[[[-122.22199, 37.78367], [-122.22077, 37.78325], [-122.219979, 37.782818], [-122.220129, 37.782887], [-122.220215, 37.782919], [-122.220322, 37.782945], [-122.220656, 37.783062], [-122.220783, 37.783107], [-122.221165, 37.783242], [-122.221293, 37.783287], [-122.221373, 37.783314], [-122.221615, 37.783397], [-122.221696, 37.783425], [-122.221902, 37.783489], [-122.222053, 37.783536], [-122.22199, 37.78367]]]]}}, {"type": "Feature", "properties": {"grade": "C", "cat": "Definitely Declining", "city": "Oakland", "label": "C20"}, "geometry": {"type": "MultiPolygon", "coordinates": [[[[-122.21991, 37.78278], [-122.2192, 37.78219], [-122.21893, 37.78165], [-122.21927, 37.78135], [-122.21966, 37.78054], [-122.22011, 37.77988], [-122.22074, 37.77909], [-122.221, 37.77875], [-122.22251, 37.77644], [-122.22388, 37.77708], [-122.22485, 37.77751], [-122.22445, 37.77808], [-122.22368, 37.77987], [-122.22277, 37.78201], [-122.222053, 37.783536], [-122.221902, 37.783489], [-122.221696, 37.783425], [-122.221615, 37.783397], [-122.221373, 37.783314], [-122.221293, 37.783287], [-122.221165, 37.783242], [-122.220783, 37.783107], [-122.220656, 37.783062], [-122.220322, 37.782945], [-122.220215, 37.782919], [-122.220129, 37.782887], [-122.219979, 37.782818], [-122.21991, 37.78278]]]]}}, {"type": "Feature", "properties": {"grade": "C", "cat": "Definitely Declining", "city": "Oakland", "label": "C21"}, "geometry": {"type": "MultiPolygon", "coordinates": [[[[-122.20955, 37.80748], [-122.20949, 37.80713], [-122.20949, 37.807], [-122.20892, 37.8071], [-122.20842, 37.8071], [-122.20742, 37.80653], [-122.20605, 37.80733], [-122.205889, 37.807403], [-122.206073, 37.807279], [-122.206259, 37.807155], [-122.206763, 37.806821], [-122.20682, 37.806784], [-122.207009, 37.806663], [-122.207083, 37.806614], [-122.207229, 37.806518], [-122.207301, 37.806462], [-122.207372, 37.806409], [-122.207471, 37.806453], [-122.207531, 37.806489], [-122.207991, 37.806767], [-122.208145, 37.80686], [-122.208217, 37.806902], [-122.208435, 37.807028], [-122.208508, 37.80707], [-122.208728, 37.807036], [-122.208875, 37.807015], [-122.208989, 37.80699], [-122.209255, 37.806919], [-122.209359, 37.806899], [-122.209383, 37.806896], [-122.209441, 37.806892], [-122.209557, 37.806901], [-122.209605, 37.806913], [-122.209666, 37.806972], [-122.209695, 37.807006], [-122.20971, 37.807045], [-122.209709, 37.807061], [-122.209706, 37.807166], [-122.209628, 37.807618], [-122.20955, 37.80748]]]]}}, {"type": "Feature", "properties": {"grade": "C", "cat": "Definitely Declining", "city": "Oakland", "label": "C21"}, "geometry": {"type": "MultiPolygon", "coordinates": [[[[-122.21205, 37.80325], [-122.2126, 37.80346], [-122.21243, 37.80389], [-122.21148, 37.80502], [-122.21234, 37.80539], [-122.21348, 37.8037], [-122.21472, 37.80391], [-122.21365, 37.8063], [-122.21329, 37.80625], [-122.21249, 37.80637], [-122.21162, 37.80677], [-122.21097, 37.80742], [-122.21023, 37.80838], [-122.20993, 37.80811], [-122.20972, 37.80778], [-122.209628, 37.807618], [-122.209706, 37.807166], [-122.209709, 37.807061], [-122.20971, 37.807045], [-122.209695, 37.807006], [-122.209666, 37.806972], [-122.209605, 37.806913], [-122.209557, 37.806901], [-122.209441, 37.806892], [-122.209383, 37.806896], [-122.209359, 37.806899], [-122.209255, 37.806919], [-122.208989, 37.80699], [-122.208875, 37.807015], [-122.208728, 37.807036], [-122.208508, 37.80707], [-122.208435, 37.807028], [-122.208217, 37.806902], [-122.208145, 37.80686], [-122.207991, 37.806767], [-122.207531, 37.806489], [-122.207471, 37.806453], [-122.207372, 37.806409], [-122.207454, 37.806332], [-122.2077, 37.806103], [-122.207783, 37.806027], [-122.207915, 37.805891], [-122.208133, 37.80567], [-122.208316, 37.805489], [-122.208452, 37.805357], [-122.209007, 37.804803], [-122.209626, 37.804207], [-122.209764, 37.804066], [-122.210164, 37.803664], [-122.210182, 37.803647], [-122.210328, 37.803515], [-122.210429, 37.80341], [-122.21046, 37.803379], [-122.210628, 37.803216], [-122.210874, 37.802988], [-122.211014, 37.80286], [-122.211132, 37.802744], [-122.211216, 37.802661], [-122.21205, 37.80325]]]]}}, {"type": "Feature", "properties": {"grade": "C", "cat": "Definitely Declining", "city": "Oakland", "label": "C21"}, "geometry": {"type": "MultiPolygon", "coordinates": [[[[-122.20359, 37.80845], [-122.20302, 37.80817], [-122.20255, 37.80812], [-122.20198, 37.80804], [-122.20155, 37.80744], [-122.2007, 37.80683], [-122.19929, 37.80581], [-122.19893, 37.80552], [-122.19879, 37.80524], [-122.19879, 37.80494], [-122.1991, 37.80455], [-122.20029, 37.80374], [-122.20079, 37.8034], [-122.20081, 37.80306], [-122.20048, 37.80286], [-122.19993, 37.8028], [-122.19974, 37.80269], [-122.19974, 37.80252], [-122.20106, 37.80123], [-122.20483, 37.79754], [-122.20763, 37.79871], [-122.20816, 37.79871], [-122.20877, 37.79865], [-122.21178, 37.79932], [-122.21398, 37.79982], [-122.21241, 37.80129], [-122.2121, 37.80158], [-122.20977, 37.79993], [-122.20816, 37.8016], [-122.20671, 37.80057], [-122.20497, 37.80228], [-122.20716, 37.80303], [-122.20927, 37.80445], [-122.2112, 37.80265], [-122.211216, 37.802661], [-122.211132, 37.802744], [-122.211014, 37.80286], [-122.210874, 37.802988], [-122.210628, 37.803216], [-122.21046, 37.803379], [-122.210429, 37.80341], [-122.210328, 37.803515], [-122.210182, 37.803647], [-122.210164, 37.803664], [-122.209764, 37.804066], [-122.209626, 37.804207], [-122.209007, 37.804803], [-122.208452, 37.805357], [-122.208316, 37.805489], [-122.208133, 37.80567], [-122.207915, 37.805891], [-122.207783, 37.806027], [-122.2077, 37.806103], [-122.207454, 37.806332], [-122.207372, 37.806409], [-122.207301, 37.806462], [-122.207229, 37.806518], [-122.207083, 37.806614], [-122.207009, 37.806663], [-122.20682, 37.806784], [-122.206763, 37.806821], [-122.206259, 37.807155], [-122.206073, 37.807279], [-122.205889, 37.807403], [-122.20359, 37.80845]]]]}}, {"type": "Feature", "properties": {"grade": "C", "cat": "Definitely Declining", "city": "Oakland", "label": "C22"}, "geometry": {"type": "MultiPolygon", "coordinates": [[[[-122.214082, 37.79984], [-122.214117, 37.799805], [-122.214895, 37.799997], [-122.214082, 37.79984]]], [[[-122.21569, 37.80015], [-122.21553, 37.800119], [-122.215691, 37.800147], [-122.21569, 37.80015]]]]}}, {"type": "Feature", "properties": {"grade": "C", "cat": "Definitely Declining", "city": "Oakland", "label": "C22"}, "geometry": {"type": "MultiPolygon", "coordinates": [[[[-122.22077, 37.78325], [-122.22199, 37.78367], [-122.22101, 37.78656], [-122.21926, 37.79121], [-122.2181, 37.79409], [-122.21802, 37.79429], [-122.218, 37.79434], [-122.217601, 37.794235], [-122.217556, 37.794224], [-122.217431, 37.794208], [-122.217381, 37.794191], [-122.217343, 37.794178], [-122.217169, 37.794079], [-122.217034, 37.794002], [-122.216964, 37.793966], [-122.216654, 37.793837], [-122.216515, 37.793784], [-122.216503, 37.79378], [-122.216297, 37.793686], [-122.216436, 37.793507], [-122.216856, 37.792974], [-122.216996, 37.792796], [-122.216557, 37.792596], [-122.216056, 37.792369], [-122.215903, 37.792289], [-122.215719, 37.792186], [-122.215508, 37.792086], [-122.215253, 37.791972], [-122.214897, 37.791814], [-122.214825, 37.791757], [-122.214179, 37.791458], [-122.212244, 37.790563], [-122.21174, 37.79033], [-122.211685, 37.790305], [-122.211642, 37.79028], [-122.211607, 37.790253], [-122.211506, 37.79014], [-122.211204, 37.789801], [-122.211104, 37.789688], [-122.210975, 37.789552], [-122.21094, 37.789515], [-122.21149, 37.78924], [-122.21192, 37.78902], [-122.21317, 37.78851], [-122.21382, 37.78794], [-122.21269, 37.78665], [-122.217, 37.78433], [-122.216813, 37.78422], [-122.216953, 37.784131], [-122.217287, 37.783921], [-122.217416, 37.783824], [-122.217565, 37.783713], [-122.217741, 37.783542], [-122.21827, 37.783031], [-122.218339, 37.782965], [-122.218442, 37.782857], [-122.218517, 37.782777], [-122.218679, 37.782607], [-122.218745, 37.782541], [-122.218823, 37.782464], [-122.218877, 37.78241], [-122.219041, 37.782249], [-122.2191, 37.7822], [-122.219115, 37.78222], [-122.21913, 37.78225], [-122.219147, 37.782292], [-122.219193, 37.782363], [-122.219238, 37.782406], [-122.219291, 37.782447], [-122.219322, 37.782476], [-122.219397, 37.782522], [-122.219662, 37.782661], [-122.219828, 37.782748], [-122.219979, 37.782818], [-122.22077, 37.78325]]]]}}, {"type": "Feature", "properties": {"grade": "C", "cat": "Definitely Declining", "city": "Oakland", "label": "C22"}, "geometry": {"type": "MultiPolygon", "coordinates": [[[[-122.21218, 37.79506], [-122.20868, 37.79372], [-122.20537, 37.79695], [-122.20517, 37.79714], [-122.20229, 37.79449], [-122.20119, 37.79351], [-122.20307, 37.79247], [-122.20363, 37.79299], [-122.20829, 37.79034], [-122.20886, 37.79057], [-122.21061, 37.78968], [-122.21094, 37.789515], [-122.210975, 37.789552], [-122.211104, 37.789688], [-122.211204, 37.789801], [-122.211506, 37.79014], [-122.211607, 37.790253], [-122.211642, 37.79028], [-122.211685, 37.790305], [-122.21174, 37.79033], [-122.212244, 37.790563], [-122.214179, 37.791458], [-122.214825, 37.791757], [-122.214705, 37.791911], [-122.214345, 37.792375], [-122.214226, 37.79253], [-122.214206, 37.792557], [-122.214145, 37.792639], [-122.214126, 37.792667], [-122.213475, 37.793528], [-122.212942, 37.794196], [-122.21253, 37.794736], [-122.212428, 37.794848], [-122.21218, 37.795103], [-122.212174, 37.795109], [-122.21218, 37.79506]]]]}}, {"type": "Feature", "properties": {"grade": "C", "cat": "Definitely Declining", "city": "Oakland", "label": "C22"}, "geometry": {"type": "MultiPolygon", "coordinates": [[[[-122.214895, 37.799997], [-122.214117, 37.799805], [-122.213733, 37.799703], [-122.212989, 37.799517], [-122.212849, 37.799488], [-122.212634, 37.799434], [-122.211989, 37.799275], [-122.211807, 37.79923], [-122.21261, 37.7966], [-122.21203, 37.79624], [-122.212174, 37.795109], [-122.21218, 37.795103], [-122.212428, 37.794848], [-122.21253, 37.794736], [-122.212942, 37.794196], [-122.213475, 37.793528], [-122.214126, 37.792667], [-122.214145, 37.792639], [-122.214206, 37.792557], [-122.214226, 37.79253], [-122.214345, 37.792375], [-122.214705, 37.791911], [-122.214825, 37.791757], [-122.214897, 37.791814], [-122.215253, 37.791972], [-122.215508, 37.792086], [-122.215719, 37.792186], [-122.215903, 37.792289], [-122.216056, 37.792369], [-122.216557, 37.792596], [-122.216996, 37.792796], [-122.216856, 37.792974], [-122.216436, 37.793507], [-122.216297, 37.793686], [-122.216503, 37.79378], [-122.216515, 37.793784], [-122.216654, 37.793837], [-122.216964, 37.793966], [-122.217034, 37.794002], [-122.217169, 37.794079], [-122.217343, 37.794178], [-122.217381, 37.794191], [-122.217431, 37.794208], [-122.217556, 37.794224], [-122.217601, 37.794235], [-122.218, 37.79434], [-122.215691, 37.800147], [-122.21553, 37.800119], [-122.214895, 37.799997]]]]}}, {"type": "Feature", "properties": {"grade": "C", "cat": "Definitely Declining", "city": "Oakland", "label": "C22"}, "geometry": {"type": "MultiPolygon", "coordinates": [[[[-122.21398, 37.79982], [-122.21178, 37.79932], [-122.211807, 37.79923], [-122.211989, 37.799275], [-122.212634, 37.799434], [-122.212849, 37.799488], [-122.212989, 37.799517], [-122.213733, 37.799703], [-122.214117, 37.799805], [-122.214082, 37.79984], [-122.21398, 37.79982]]]]}}, {"type": "Feature", "properties": {"grade": "C", "cat": "Definitely Declining", "city": "Oakland", "label": "C22"}, "geometry": {"type": "MultiPolygon", "coordinates": [[[[-122.21608, 37.78379], [-122.21837, 37.78207], [-122.218913, 37.781663], [-122.218927, 37.781705], [-122.219042, 37.78206], [-122.219049, 37.782078], [-122.2191, 37.7822], [-122.219041, 37.782249], [-122.218877, 37.78241], [-122.218823, 37.782464], [-122.218745, 37.782541], [-122.218679, 37.782607], [-122.218517, 37.782777], [-122.218442, 37.782857], [-122.218339, 37.782965], [-122.21827, 37.783031], [-122.217741, 37.783542], [-122.217565, 37.783713], [-122.217416, 37.783824], [-122.217287, 37.783921], [-122.216953, 37.784131], [-122.216813, 37.78422], [-122.21608, 37.78379]]]]}}, {"type": "Feature", "properties": {"grade": "C", "cat": "Definitely Declining", "city": "Oakland", "label": "C22"}, "geometry": {"type": "MultiPolygon", "coordinates": [[[[-122.21893, 37.78165], [-122.2192, 37.78219], [-122.21991, 37.78278], [-122.219979, 37.782818], [-122.219828, 37.782748], [-122.219662, 37.782661], [-122.219397, 37.782522], [-122.219322, 37.782476], [-122.219291, 37.782447], [-122.219238, 37.782406], [-122.219193, 37.782363], [-122.219147, 37.782292], [-122.21913, 37.78225], [-122.219115, 37.78222], [-122.2191, 37.7822], [-122.219049, 37.782078], [-122.219042, 37.78206], [-122.218927, 37.781705], [-122.218913, 37.781663], [-122.21893, 37.78165]]]]}}, {"type": "Feature", "properties": {"grade": "C", "cat": "Definitely Declining", "city": "Oakland", "label": "C23"}, "geometry": {"type": "MultiPolygon", "coordinates": [[[[-122.217, 37.78433], [-122.21269, 37.78665], [-122.21382, 37.78794], [-122.21317, 37.78851], [-122.21192, 37.78902], [-122.21149, 37.78924], [-122.210176, 37.788093], [-122.210265, 37.78804], [-122.210377, 37.787975], [-122.210546, 37.787876], [-122.211055, 37.787579], [-122.211225, 37.787481], [-122.211375, 37.787392], [-122.211827, 37.787128], [-122.211978, 37.78704], [-122.212107, 37.786964], [-122.212494, 37.786739], [-122.212624, 37.786665], [-122.212735, 37.786596], [-122.213072, 37.786392], [-122.213184, 37.786324], [-122.213323, 37.786242], [-122.213743, 37.786], [-122.213883, 37.785919], [-122.213911, 37.785901], [-122.213998, 37.785851], [-122.214028, 37.785834], [-122.214141, 37.785771], [-122.214254, 37.78571], [-122.214477, 37.78558], [-122.214589, 37.785516], [-122.214629, 37.785489], [-122.214753, 37.78541], [-122.214794, 37.785384], [-122.214889, 37.785327], [-122.215105, 37.785202], [-122.215176, 37.785157], [-122.215271, 37.785099], [-122.215614, 37.784937], [-122.215851, 37.784797], [-122.216261, 37.784558], [-122.216561, 37.784373], [-122.216797, 37.78423], [-122.216813, 37.78422], [-122.217, 37.78433]]]]}}, {"type": "Feature", "properties": {"grade": "C", "cat": "Definitely Declining", "city": "Oakland", "label": "C23"}, "geometry": {"type": "MultiPolygon", "coordinates": [[[[-122.20771, 37.78594], [-122.20654, 37.78492], [-122.20577, 37.78425], [-122.20392, 37.7853], [-122.20334, 37.78499], [-122.19989, 37.78724], [-122.19842, 37.78577], [-122.19544, 37.78709], [-122.195358, 37.787036], [-122.195483, 37.786976], [-122.195541, 37.786946], [-122.195716, 37.786858], [-122.195775, 37.786829], [-122.195871, 37.786778], [-122.196002, 37.786706], [-122.196226, 37.786591], [-122.196303, 37.786548], [-122.196537, 37.786421], [-122.196615, 37.786379], [-122.196742, 37.786312], [-122.197061, 37.786145], [-122.197126, 37.786112], [-122.197254, 37.786046], [-122.197489, 37.785925], [-122.198195, 37.785563], [-122.198431, 37.785443], [-122.198612, 37.785349], [-122.199159, 37.785067], [-122.199341, 37.784974], [-122.199497, 37.784893], [-122.199967, 37.784651], [-122.200124, 37.784571], [-122.200715, 37.784273], [-122.201767, 37.783724], [-122.201924, 37.783643], [-122.202395, 37.783404], [-122.202553, 37.783324], [-122.202712, 37.783242], [-122.203191, 37.782996], [-122.203351, 37.782915], [-122.203508, 37.782835], [-122.203982, 37.782596], [-122.20414, 37.782517], [-122.204217, 37.782546], [-122.204274, 37.782587], [-122.204377, 37.782678], [-122.205029, 37.783256], [-122.205054, 37.783278], [-122.205242, 37.783455], [-122.20529, 37.783496], [-122.205435, 37.78362], [-122.205484, 37.783662], [-122.205576, 37.783741], [-122.205853, 37.783979], [-122.205946, 37.784059], [-122.206243, 37.784324], [-122.206811, 37.784831], [-122.207141, 37.785113], [-122.207372, 37.785311], [-122.207444, 37.785373], [-122.207498, 37.785426], [-122.207673, 37.785581], [-122.208367, 37.786199], [-122.208599, 37.786406], [-122.208954, 37.786719], [-122.210021, 37.787661], [-122.210377, 37.787975], [-122.210265, 37.78804], [-122.210176, 37.788093], [-122.20771, 37.78594]]]]}}, {"type": "Feature", "properties": {"grade": "C", "cat": "Definitely Declining", "city": "Oakland", "label": "C23"}, "geometry": {"type": "MultiPolygon", "coordinates": [[[[-122.21667, 37.77967], [-122.21723, 37.78026], [-122.21762, 37.78068], [-122.21837, 37.78207], [-122.21608, 37.78379], [-122.216813, 37.78422], [-122.216797, 37.78423], [-122.216561, 37.784373], [-122.216261, 37.784558], [-122.215851, 37.784797], [-122.215614, 37.784937], [-122.215271, 37.785099], [-122.215176, 37.785157], [-122.215105, 37.785202], [-122.214889, 37.785327], [-122.214794, 37.785384], [-122.214753, 37.78541], [-122.214629, 37.785489], [-122.214589, 37.785516], [-122.214477, 37.78558], [-122.214254, 37.78571], [-122.214141, 37.785771], [-122.214028, 37.785834], [-122.213998, 37.785851], [-122.213911, 37.785901], [-122.213883, 37.785919], [-122.213743, 37.786], [-122.213323, 37.786242], [-122.213184, 37.786324], [-122.213072, 37.786392], [-122.212735, 37.786596], [-122.212624, 37.786665], [-122.212494, 37.786739], [-122.212107, 37.786964], [-122.211978, 37.78704], [-122.211715, 37.786804], [-122.211296, 37.786427], [-122.210933, 37.78609], [-122.210675, 37.78585], [-122.210486, 37.785683], [-122.20992, 37.785185], [-122.209732, 37.785019], [-122.209595, 37.784894], [-122.209184, 37.784522], [-122.209088, 37.784436], [-122.209049, 37.784397], [-122.209211, 37.784282], [-122.2097, 37.783938], [-122.209863, 37.783824], [-122.210029, 37.783703], [-122.21053, 37.783341], [-122.210697, 37.783221], [-122.211142, 37.782907], [-122.212481, 37.781965], [-122.212927, 37.781652], [-122.213363, 37.781348], [-122.214674, 37.780439], [-122.215111, 37.780136], [-122.21527, 37.780026], [-122.215751, 37.779696], [-122.215911, 37.779587], [-122.216061, 37.779477], [-122.216277, 37.77932], [-122.21667, 37.77967]], [[-122.21209, 37.78536], [-122.21379, 37.78417], [-122.21476, 37.78365], [-122.21295, 37.78173], [-122.21028, 37.78353], [-122.21209, 37.78536]]]]}}, {"type": "Feature", "properties": {"grade": "C", "cat": "Definitely Declining", "city": "Oakland", "label": "C23"}, "geometry": {"type": "MultiPolygon", "coordinates": [[[[-122.21132, 37.77563], [-122.21218, 37.77565], [-122.21263, 37.77603], [-122.2137, 37.77704], [-122.21477, 37.77796], [-122.21575, 37.77885], [-122.216277, 37.77932], [-122.216061, 37.779477], [-122.215911, 37.779587], [-122.215751, 37.779696], [-122.21527, 37.780026], [-122.215111, 37.780136], [-122.214674, 37.780439], [-122.213363, 37.781348], [-122.212927, 37.781652], [-122.212481, 37.781965], [-122.211142, 37.782907], [-122.210697, 37.783221], [-122.21053, 37.783341], [-122.210029, 37.783703], [-122.209863, 37.783824], [-122.2097, 37.783938], [-122.209211, 37.784282], [-122.209049, 37.784397], [-122.209088, 37.784436], [-122.209184, 37.784522], [-122.209595, 37.784894], [-122.209732, 37.785019], [-122.20992, 37.785185], [-122.210486, 37.785683], [-122.210675, 37.78585], [-122.210933, 37.78609], [-122.211296, 37.786427], [-122.211715, 37.786804], [-122.211978, 37.78704], [-122.211827, 37.787128], [-122.211375, 37.787392], [-122.211225, 37.787481], [-122.211055, 37.787579], [-122.210546, 37.787876], [-122.210377, 37.787975], [-122.210021, 37.787661], [-122.208954, 37.786719], [-122.208599, 37.786406], [-122.208367, 37.786199], [-122.207673, 37.785581], [-122.207498, 37.785426], [-122.207444, 37.785373], [-122.207372, 37.785311], [-122.207141, 37.785113], [-122.206811, 37.784831], [-122.206243, 37.784324], [-122.205946, 37.784059], [-122.205853, 37.783979], [-122.205576, 37.783741], [-122.205484, 37.783662], [-122.205435, 37.78362], [-122.20529, 37.783496], [-122.205242, 37.783455], [-122.205054, 37.783278], [-122.205029, 37.783256], [-122.204377, 37.782678], [-122.204274, 37.782587], [-122.204217, 37.782546], [-122.20414, 37.782517], [-122.204215, 37.782476], [-122.204262, 37.782427], [-122.204379, 37.782306], [-122.204583, 37.782097], [-122.20469, 37.781988], [-122.204781, 37.781889], [-122.205055, 37.781594], [-122.205147, 37.781496], [-122.205204, 37.781435], [-122.20521, 37.781427], [-122.205402, 37.781223], [-122.205467, 37.781156], [-122.205542, 37.781074], [-122.205767, 37.780831], [-122.205843, 37.78075], [-122.2059, 37.78069], [-122.206071, 37.780511], [-122.206129, 37.780452], [-122.20618, 37.780397], [-122.206333, 37.780236], [-122.206385, 37.780182], [-122.206469, 37.780092], [-122.206725, 37.779823], [-122.20681, 37.779734], [-122.207063, 37.779464], [-122.207824, 37.778657], [-122.208078, 37.778388], [-122.208375, 37.778074], [-122.209267, 37.777134], [-122.209565, 37.776821], [-122.209761, 37.776613], [-122.210352, 37.775991], [-122.210549, 37.775784], [-122.210596, 37.775733], [-122.21074, 37.775583], [-122.210788, 37.775533], [-122.210942, 37.775371], [-122.21132, 37.77563]]]]}}, {"type": "Feature", "properties": {"grade": "C", "cat": "Definitely Declining", "city": "Oakland", "label": "C23"}, "geometry": {"type": "MultiPolygon", "coordinates": [[[[-122.19745, 37.78131], [-122.1989, 37.78258], [-122.19952, 37.78204], [-122.20033, 37.78145], [-122.20122, 37.78098], [-122.20184, 37.78073], [-122.20089, 37.78], [-122.20175, 37.77944], [-122.20175, 37.77925], [-122.2008, 37.77824], [-122.20229, 37.77742], [-122.20157, 37.77624], [-122.20134, 37.77516], [-122.20116, 37.77349], [-122.20692, 37.77347], [-122.20826, 37.77415], [-122.20939, 37.7746], [-122.21078, 37.77526], [-122.210942, 37.775371], [-122.210788, 37.775533], [-122.21074, 37.775583], [-122.210596, 37.775733], [-122.210549, 37.775784], [-122.210352, 37.775991], [-122.209761, 37.776613], [-122.209565, 37.776821], [-122.209267, 37.777134], [-122.208375, 37.778074], [-122.208078, 37.778388], [-122.207824, 37.778657], [-122.207063, 37.779464], [-122.20681, 37.779734], [-122.206725, 37.779823], [-122.206469, 37.780092], [-122.206385, 37.780182], [-122.206333, 37.780236], [-122.20618, 37.780397], [-122.206129, 37.780452], [-122.206071, 37.780511], [-122.2059, 37.78069], [-122.205843, 37.78075], [-122.205767, 37.780831], [-122.205542, 37.781074], [-122.205467, 37.781156], [-122.205402, 37.781223], [-122.20521, 37.781427], [-122.205204, 37.781435], [-122.205147, 37.781496], [-122.205055, 37.781594], [-122.204781, 37.781889], [-122.20469, 37.781988], [-122.204583, 37.782097], [-122.204379, 37.782306], [-122.204262, 37.782427], [-122.204215, 37.782476], [-122.20414, 37.782517], [-122.203982, 37.782596], [-122.203508, 37.782835], [-122.203351, 37.782915], [-122.203191, 37.782996], [-122.202712, 37.783242], [-122.202553, 37.783324], [-122.202395, 37.783404], [-122.201924, 37.783643], [-122.201767, 37.783724], [-122.200715, 37.784273], [-122.200124, 37.784571], [-122.199902, 37.784374], [-122.199236, 37.783783], [-122.199015, 37.783586], [-122.198849, 37.783437], [-122.198351, 37.78299], [-122.198186, 37.782841], [-122.197912, 37.782596], [-122.197091, 37.781861], [-122.196845, 37.781641], [-122.19745, 37.78131]]]]}}, {"type": "Feature", "properties": {"grade": "C", "cat": "Definitely Declining", "city": "Oakland", "label": "C23"}, "geometry": {"type": "MultiPolygon", "coordinates": [[[[-122.19427, 37.78596], [-122.19427, 37.78549], [-122.19489, 37.7854], [-122.19551, 37.78514], [-122.19611, 37.78462], [-122.19545, 37.78411], [-122.19513, 37.78364], [-122.19501, 37.78331], [-122.19522, 37.78277], [-122.19599, 37.78211], [-122.196845, 37.781641], [-122.197091, 37.781861], [-122.197912, 37.782596], [-122.198186, 37.782841], [-122.198351, 37.78299], [-122.198849, 37.783437], [-122.199015, 37.783586], [-122.199236, 37.783783], [-122.199902, 37.784374], [-122.200124, 37.784571], [-122.199967, 37.784651], [-122.199497, 37.784893], [-122.199341, 37.784974], [-122.199159, 37.785067], [-122.198612, 37.785349], [-122.198431, 37.785443], [-122.198195, 37.785563], [-122.197489, 37.785925], [-122.197254, 37.786046], [-122.197126, 37.786112], [-122.197061, 37.786145], [-122.196742, 37.786312], [-122.196615, 37.786379], [-122.196537, 37.786421], [-122.196303, 37.786548], [-122.196226, 37.786591], [-122.196002, 37.786706], [-122.195871, 37.786778], [-122.195775, 37.786829], [-122.195322, 37.786604], [-122.19438, 37.786136], [-122.194379, 37.786136], [-122.19427, 37.78596]]]]}}, {"type": "Feature", "properties": {"grade": "C", "cat": "Definitely Declining", "city": "Oakland", "label": "C23"}, "geometry": {"type": "MultiPolygon", "coordinates": [[[[-122.19465, 37.78657], [-122.194379, 37.786136], [-122.19438, 37.786136], [-122.195322, 37.786604], [-122.195775, 37.786829], [-122.195716, 37.786858], [-122.195541, 37.786946], [-122.195483, 37.786976], [-122.195358, 37.787036], [-122.19465, 37.78657]]]]}}, {"type": "Feature", "properties": {"grade": "C", "cat": "Definitely Declining", "city": "Oakland", "label": "C24"}, "geometry": {"type": "MultiPolygon", "coordinates": [[[[-122.21149, 37.78924], [-122.21094, 37.789515], [-122.210589, 37.789145], [-122.210461, 37.78901], [-122.210331, 37.788869], [-122.210131, 37.788651], [-122.210018, 37.788529], [-122.209943, 37.788447], [-122.20984, 37.788334], [-122.209819, 37.788303], [-122.20993, 37.788237], [-122.210176, 37.788093], [-122.21149, 37.78924]]]]}}, {"type": "Feature", "properties": {"grade": "C", "cat": "Definitely Declining", "city": "Oakland", "label": "C24"}, "geometry": {"type": "MultiPolygon", "coordinates": [[[[-122.21061, 37.78968], [-122.20886, 37.79057], [-122.20829, 37.79034], [-122.20363, 37.79299], [-122.20307, 37.79247], [-122.20119, 37.79351], [-122.201128, 37.793445], [-122.201343, 37.793324], [-122.201516, 37.793227], [-122.201655, 37.793143], [-122.202074, 37.792893], [-122.202214, 37.79281], [-122.202441, 37.792673], [-122.202911, 37.792368], [-122.203203, 37.792197], [-122.203405, 37.792077], [-122.20345, 37.79205], [-122.203659, 37.791925], [-122.2037, 37.791901], [-122.204193, 37.791595], [-122.204282, 37.791542], [-122.204349, 37.791502], [-122.204491, 37.791417], [-122.204549, 37.791383], [-122.204724, 37.791285], [-122.204783, 37.791252], [-122.204825, 37.791226], [-122.204953, 37.791152], [-122.204996, 37.791127], [-122.205088, 37.791072], [-122.205368, 37.790907], [-122.205461, 37.790853], [-122.205546, 37.790801], [-122.205802, 37.790649], [-122.205888, 37.790599], [-122.20607, 37.790492], [-122.206617, 37.790175], [-122.2068, 37.790069], [-122.206952, 37.78998], [-122.20741, 37.789716], [-122.207563, 37.789628], [-122.207775, 37.789501], [-122.208412, 37.789123], [-122.208625, 37.788998], [-122.208863, 37.788858], [-122.20958, 37.788442], [-122.209819, 37.788303], [-122.20984, 37.788334], [-122.209943, 37.788447], [-122.210018, 37.788529], [-122.210131, 37.788651], [-122.210331, 37.788869], [-122.210461, 37.78901], [-122.210589, 37.789145], [-122.21094, 37.789515], [-122.21061, 37.78968]]]]}}, {"type": "Feature", "properties": {"grade": "C", "cat": "Definitely Declining", "city": "Oakland", "label": "C24"}, "geometry": {"type": "MultiPolygon", "coordinates": [[[[-122.19769, 37.79975], [-122.197532, 37.799359], [-122.197581, 37.799378], [-122.197644, 37.799397], [-122.19773, 37.799415], [-122.197805, 37.799426], [-122.197844, 37.799429], [-122.198058, 37.799447], [-122.1981, 37.799452], [-122.198125, 37.799461], [-122.198189, 37.799495], [-122.198197, 37.799502], [-122.198252, 37.79955], [-122.198299, 37.799672], [-122.198331, 37.799823], [-122.198356, 37.799917], [-122.198386, 37.800025], [-122.19769, 37.79975]]], [[[-122.1985, 37.80007], [-122.19842, 37.800038], [-122.198458, 37.799995], [-122.198529, 37.799935], [-122.198545, 37.799923], [-122.198635, 37.799858], [-122.1985, 37.80007]]], [[[-122.199942, 37.797732], [-122.199963, 37.797677], [-122.200021, 37.797527], [-122.200068, 37.797418], [-122.200088, 37.797386], [-122.200112, 37.797351], [-122.200251, 37.797199], [-122.199942, 37.797732]]]]}}, {"type": "Feature", "properties": {"grade": "C", "cat": "Definitely Declining", "city": "Oakland", "label": "C24"}, "geometry": {"type": "MultiPolygon", "coordinates": [[[[-122.1975, 37.79928], [-122.19745, 37.79853], [-122.19705, 37.79798], [-122.19333, 37.79425], [-122.19429, 37.79369], [-122.194148, 37.793549], [-122.194306, 37.793458], [-122.19444, 37.793377], [-122.194785, 37.793173], [-122.194844, 37.793135], [-122.194977, 37.793052], [-122.195063, 37.793008], [-122.195262, 37.792897], [-122.195362, 37.792835], [-122.195583, 37.792703], [-122.196164, 37.792367], [-122.196507, 37.792163], [-122.196888, 37.791938], [-122.19717, 37.791773], [-122.197611, 37.791516], [-122.20134, 37.79532], [-122.200251, 37.797199], [-122.200112, 37.797351], [-122.200088, 37.797386], [-122.200068, 37.797418], [-122.200021, 37.797527], [-122.199963, 37.797677], [-122.199942, 37.797732], [-122.19945, 37.79858], [-122.198635, 37.799858], [-122.198545, 37.799923], [-122.198529, 37.799935], [-122.198458, 37.799995], [-122.19842, 37.800038], [-122.198386, 37.800025], [-122.198356, 37.799917], [-122.198331, 37.799823], [-122.198299, 37.799672], [-122.198252, 37.79955], [-122.198197, 37.799502], [-122.198189, 37.799495], [-122.198125, 37.799461], [-122.1981, 37.799452], [-122.198058, 37.799447], [-122.197844, 37.799429], [-122.197805, 37.799426], [-122.19773, 37.799415], [-122.197644, 37.799397], [-122.197581, 37.799378], [-122.197532, 37.799359], [-122.1975, 37.79928]]]]}}, {"type": "Feature", "properties": {"grade": "C", "cat": "Definitely Declining", "city": "Oakland", "label": "C24"}, "geometry": {"type": "MultiPolygon", "coordinates": [[[[-122.19037, 37.7898], [-122.19279, 37.78848], [-122.1927, 37.788362], [-122.193395, 37.788012], [-122.193743, 37.787825], [-122.19375, 37.78783], [-122.19393, 37.78776], [-122.197611, 37.791516], [-122.19717, 37.791773], [-122.196888, 37.791938], [-122.196507, 37.792163], [-122.196164, 37.792367], [-122.195583, 37.792703], [-122.195362, 37.792835], [-122.195262, 37.792897], [-122.195063, 37.793008], [-122.194977, 37.793052], [-122.194844, 37.793135], [-122.194785, 37.793173], [-122.19444, 37.793377], [-122.194306, 37.793458], [-122.194148, 37.793549], [-122.19037, 37.7898]]]]}}, {"type": "Feature", "properties": {"grade": "C", "cat": "Definitely Declining", "city": "Oakland", "label": "C24"}, "geometry": {"type": "MultiPolygon", "coordinates": [[[[-122.19539, 37.78734], [-122.19544, 37.78709], [-122.19842, 37.78577], [-122.19989, 37.78724], [-122.20334, 37.78499], [-122.20392, 37.7853], [-122.20577, 37.78425], [-122.20654, 37.78492], [-122.20339, 37.78676], [-122.20254, 37.78731], [-122.20162, 37.78752], [-122.20179, 37.78864], [-122.20254, 37.78859], [-122.20316, 37.78835], [-122.20377, 37.78804], [-122.20771, 37.78594], [-122.210176, 37.788093], [-122.20993, 37.788237], [-122.209819, 37.788303], [-122.20958, 37.788442], [-122.208863, 37.788858], [-122.208625, 37.788998], [-122.208412, 37.789123], [-122.207775, 37.789501], [-122.207563, 37.789628], [-122.20741, 37.789716], [-122.206952, 37.78998], [-122.2068, 37.790069], [-122.206617, 37.790175], [-122.20607, 37.790492], [-122.205888, 37.790599], [-122.205802, 37.790649], [-122.205546, 37.790801], [-122.205461, 37.790853], [-122.205368, 37.790907], [-122.205088, 37.791072], [-122.204996, 37.791127], [-122.204953, 37.791152], [-122.204825, 37.791226], [-122.204783, 37.791252], [-122.204724, 37.791285], [-122.204549, 37.791383], [-122.204491, 37.791417], [-122.204349, 37.791502], [-122.204282, 37.791542], [-122.204193, 37.791595], [-122.2037, 37.791901], [-122.203659, 37.791925], [-122.20345, 37.79205], [-122.203405, 37.792077], [-122.203203, 37.792197], [-122.202911, 37.792368], [-122.202441, 37.792673], [-122.202214, 37.79281], [-122.202074, 37.792893], [-122.201655, 37.793143], [-122.201516, 37.793227], [-122.201343, 37.793324], [-122.201128, 37.793445], [-122.19539, 37.78734]]]]}}, {"type": "Feature", "properties": {"grade": "C", "cat": "Definitely Declining", "city": "Oakland", "label": "C24"}, "geometry": {"type": "MultiPolygon", "coordinates": [[[[-122.1924, 37.78797], [-122.1934, 37.78758], [-122.193743, 37.787825], [-122.193395, 37.788012], [-122.1927, 37.788362], [-122.1924, 37.78797]]]]}}, {"type": "Feature", "properties": {"grade": "C", "cat": "Definitely Declining", "city": "Oakland", "label": "C25"}, "geometry": {"type": "MultiPolygon", "coordinates": [[[[-122.19394, 37.80168], [-122.19362, 37.801367], [-122.193644, 37.801371], [-122.19371, 37.80139], [-122.19375, 37.801427], [-122.193805, 37.801514], [-122.193836, 37.801554], [-122.193882, 37.801595], [-122.193961, 37.801652], [-122.194068, 37.801706], [-122.194088, 37.801716], [-122.19394, 37.80168]]], [[[-122.19531, 37.80106], [-122.194742, 37.801558], [-122.194749, 37.801539], [-122.194817, 37.801405], [-122.19487, 37.801314], [-122.194919, 37.80125], [-122.195001, 37.801178], [-122.195241, 37.801001], [-122.19531, 37.800915], [-122.19531, 37.80106]]], [[[-122.19631, 37.79963], [-122.19558, 37.8004], [-122.195485, 37.800555], [-122.195497, 37.800526], [-122.195577, 37.800301], [-122.195635, 37.800179], [-122.195739, 37.799994], [-122.195809, 37.799887], [-122.195849, 37.799844], [-122.195892, 37.799812], [-122.19603, 37.799742], [-122.196233, 37.79965], [-122.196298, 37.799605], [-122.19631, 37.799592], [-122.19631, 37.79963]]], [[[-122.1966, 37.79836], [-122.19634, 37.79884], [-122.196323, 37.799192], [-122.196285, 37.799144], [-122.196259, 37.799105], [-122.196236, 37.79906], [-122.196195, 37.798949], [-122.19619, 37.79891], [-122.196192, 37.798861], [-122.19621, 37.798793], [-122.196231, 37.798735], [-122.196266, 37.798675], [-122.196357, 37.798572], [-122.196468, 37.798459], [-122.196611, 37.79832], [-122.196681, 37.798242], [-122.19677, 37.798152], [-122.196802, 37.798189], [-122.1966, 37.79836]]]]}}, {"type": "Feature", "properties": {"grade": "C", "cat": "Definitely Declining", "city": "Oakland", "label": "C25"}, "geometry": {"type": "MultiPolygon", "coordinates": [[[[-122.19348, 37.80123], [-122.19294, 37.80061], [-122.1923, 37.79976], [-122.19253, 37.79864], [-122.19301, 37.79822], [-122.192956, 37.798143], [-122.192982, 37.798123], [-122.193066, 37.798061], [-122.192943, 37.797953], [-122.192837, 37.797859], [-122.192678, 37.797711], [-122.192587, 37.79762], [-122.19258, 37.79761], [-122.19247, 37.79707], [-122.192474, 37.796982], [-122.192482, 37.796817], [-122.192475, 37.796784], [-122.192442, 37.796711], [-122.192404, 37.796655], [-122.192337, 37.796592], [-122.192281, 37.796547], [-122.19165, 37.796118], [-122.191407, 37.795945], [-122.19126, 37.795841], [-122.191046, 37.795698], [-122.19102, 37.795667], [-122.190996, 37.795629], [-122.191001, 37.795599], [-122.191055, 37.795524], [-122.191078, 37.795501], [-122.191301, 37.795287], [-122.191422, 37.795188], [-122.191543, 37.795091], [-122.191623, 37.795028], [-122.191713, 37.794971], [-122.191848, 37.794893], [-122.192035, 37.794779], [-122.19258, 37.794467], [-122.19279, 37.79434], [-122.193102, 37.794152], [-122.193342, 37.794013], [-122.194065, 37.793596], [-122.194148, 37.793549], [-122.19429, 37.79369], [-122.19333, 37.79425], [-122.19705, 37.79798], [-122.196802, 37.798189], [-122.19677, 37.798152], [-122.196681, 37.798242], [-122.196611, 37.79832], [-122.196468, 37.798459], [-122.196357, 37.798572], [-122.196266, 37.798675], [-122.196231, 37.798735], [-122.19621, 37.798793], [-122.196192, 37.798861], [-122.19619, 37.79891], [-122.196195, 37.798949], [-122.196236, 37.79906], [-122.196259, 37.799105], [-122.196285, 37.799144], [-122.196323, 37.799192], [-122.19631, 37.79946], [-122.19631, 37.799592], [-122.196298, 37.799605], [-122.196233, 37.79965], [-122.19603, 37.799742], [-122.195892, 37.799812], [-122.195849, 37.799844], [-122.195809, 37.799887], [-122.195739, 37.799994], [-122.195635, 37.800179], [-122.195577, 37.800301], [-122.195497, 37.800526], [-122.195485, 37.800555], [-122.19531, 37.80084], [-122.19531, 37.800915], [-122.195241, 37.801001], [-122.195001, 37.801178], [-122.194919, 37.80125], [-122.19487, 37.801314], [-122.194817, 37.801405], [-122.194749, 37.801539], [-122.194742, 37.801558], [-122.19458, 37.8017], [-122.19427, 37.80176], [-122.194088, 37.801716], [-122.194068, 37.801706], [-122.193961, 37.801652], [-122.193882, 37.801595], [-122.193836, 37.801554], [-122.193805, 37.801514], [-122.19375, 37.801427], [-122.19371, 37.80139], [-122.193644, 37.801371], [-122.19362, 37.801367], [-122.19348, 37.80123]]], [[[-122.1859, 37.79871], [-122.185724, 37.798575], [-122.185904, 37.798615], [-122.185945, 37.798621], [-122.1859, 37.79871]]]]}}, {"type": "Feature", "properties": {"grade": "C", "cat": "Definitely Declining", "city": "Oakland", "label": "C25"}, "geometry": {"type": "MultiPolygon", "coordinates": [[[[-122.19279, 37.78848], [-122.19037, 37.7898], [-122.194148, 37.793549], [-122.194065, 37.793596], [-122.193342, 37.794013], [-122.193102, 37.794152], [-122.19279, 37.79434], [-122.19258, 37.794467], [-122.192035, 37.794779], [-122.191848, 37.794893], [-122.191713, 37.794971], [-122.191623, 37.795028], [-122.191543, 37.795091], [-122.191422, 37.795188], [-122.191301, 37.795287], [-122.191078, 37.795501], [-122.191055, 37.795524], [-122.191001, 37.795599], [-122.190996, 37.795629], [-122.19102, 37.795667], [-122.191046, 37.795698], [-122.19126, 37.795841], [-122.191407, 37.795945], [-122.19165, 37.796118], [-122.192281, 37.796547], [-122.192337, 37.796592], [-122.192404, 37.796655], [-122.192442, 37.796711], [-122.192475, 37.796784], [-122.192482, 37.796817], [-122.192474, 37.796982], [-122.19247, 37.79707], [-122.19246, 37.79702], [-122.1922, 37.79652], [-122.19165, 37.79616], [-122.19097, 37.79605], [-122.18975, 37.79618], [-122.18849, 37.79655], [-122.18776, 37.79689], [-122.187, 37.7973], [-122.18662, 37.79766], [-122.18612, 37.79828], [-122.185945, 37.798621], [-122.185904, 37.798615], [-122.185724, 37.798575], [-122.1856, 37.79848], [-122.18485, 37.79766], [-122.184449, 37.797324], [-122.184387, 37.797244], [-122.184547, 37.797162], [-122.184841, 37.796959], [-122.185296, 37.796648], [-122.18539, 37.796569], [-122.185467, 37.796487], [-122.185557, 37.796351], [-122.185584, 37.796296], [-122.185604, 37.796236], [-122.185641, 37.796131], [-122.18569, 37.79589], [-122.185675, 37.795806], [-122.185644, 37.795715], [-122.185583, 37.795588], [-122.185503, 37.795478], [-122.185431, 37.795392], [-122.185336, 37.79529], [-122.185315, 37.79527], [-122.185183, 37.795143], [-122.185143, 37.795025], [-122.185131, 37.794961], [-122.185129, 37.794833], [-122.185129, 37.794783], [-122.185143, 37.794662], [-122.185156, 37.79459], [-122.185172, 37.794531], [-122.185203, 37.794464], [-122.185316, 37.794272], [-122.185422, 37.794138], [-122.185537, 37.794038], [-122.185558, 37.794022], [-122.185748, 37.793885], [-122.185811, 37.79383], [-122.185837, 37.793801], [-122.185871, 37.793722], [-122.185886, 37.793673], [-122.185896, 37.793614], [-122.185897, 37.793558], [-122.185891, 37.793505], [-122.18588, 37.793463], [-122.185836, 37.793375], [-122.185798, 37.793332], [-122.185732, 37.793268], [-122.185612, 37.793182], [-122.184827, 37.792723], [-122.184629, 37.792595], [-122.184553, 37.792556], [-122.184483, 37.792529], [-122.184344, 37.792486], [-122.184262, 37.792471], [-122.184089, 37.79245], [-122.183759, 37.792074], [-122.184278, 37.791537], [-122.184521, 37.791265], [-122.18459, 37.791195], [-122.1848, 37.790986], [-122.18487, 37.790917], [-122.184976, 37.790801], [-122.185039, 37.790734], [-122.185306, 37.790466], [-122.185418, 37.790356], [-122.185435, 37.790337], [-122.18549, 37.790283], [-122.185508, 37.790265], [-122.185602, 37.790171], [-122.18582, 37.789954], [-122.185886, 37.789892], [-122.185984, 37.789802], [-122.186172, 37.789766], [-122.186224, 37.789784], [-122.186531, 37.789895], [-122.186915, 37.790057], [-122.187143, 37.790154], [-122.187351, 37.790256], [-122.187976, 37.790565], [-122.188059, 37.790606], [-122.188147, 37.790645], [-122.18819, 37.790656], [-122.18822, 37.790655], [-122.188276, 37.790636], [-122.188515, 37.790512], [-122.188595, 37.790471], [-122.188798, 37.790367], [-122.189407, 37.790059], [-122.189611, 37.789956], [-122.189713, 37.789902], [-122.19002, 37.789744], [-122.190123, 37.789692], [-122.191207, 37.789133], [-122.191412, 37.789027], [-122.192401, 37.788521], [-122.192598, 37.788413], [-122.1927, 37.788362], [-122.19279, 37.78848]]], [[[-122.192587, 37.79762], [-122.192678, 37.797711], [-122.192837, 37.797859], [-122.192943, 37.797953], [-122.193066, 37.798061], [-122.192982, 37.798123], [-122.192956, 37.798143], [-122.192587, 37.79762]]]]}}, {"type": "Feature", "properties": {"grade": "C", "cat": "Definitely Declining", "city": "Oakland", "label": "C25"}, "geometry": {"type": "MultiPolygon", "coordinates": [[[[-122.17535, 37.78095], [-122.17555, 37.78159], [-122.1758, 37.78191], [-122.17601, 37.78211], [-122.17633, 37.78231], [-122.17654, 37.78244], [-122.177, 37.78267], [-122.1773, 37.78274], [-122.17784, 37.78271], [-122.17825, 37.78252], [-122.17854, 37.78243], [-122.17889, 37.78249], [-122.17909, 37.78257], [-122.17928, 37.7828], [-122.17942, 37.78302], [-122.17955, 37.78328], [-122.17972, 37.78352], [-122.18014, 37.78374], [-122.18053, 37.78389], [-122.18081, 37.78398], [-122.18144, 37.78398], [-122.18194, 37.78391], [-122.18254, 37.7838], [-122.18314, 37.78384], [-122.18398, 37.78393], [-122.18445, 37.78398], [-122.18501, 37.78409], [-122.18614, 37.78418], [-122.18723, 37.7842], [-122.18713, 37.78351], [-122.18698, 37.78262], [-122.18681, 37.78049], [-122.18677, 37.78015], [-122.18744, 37.78029], [-122.18797, 37.78051], [-122.18821, 37.78091], [-122.18852, 37.78159], [-122.18862, 37.78235], [-122.18857, 37.78277], [-122.18965, 37.78304], [-122.19038, 37.78331], [-122.19079, 37.7835], [-122.19032, 37.784], [-122.18987, 37.7843], [-122.18978, 37.7844], [-122.18983, 37.78464], [-122.18985, 37.784667], [-122.189253, 37.784561], [-122.188757, 37.784473], [-122.188733, 37.784469], [-122.188694, 37.784463], [-122.188621, 37.784452], [-122.188586, 37.784446], [-122.18795, 37.784371], [-122.187784, 37.784355], [-122.187465, 37.784334], [-122.185853, 37.784245], [-122.184924, 37.784206], [-122.184705, 37.784191], [-122.183689, 37.784167], [-122.183543, 37.784163], [-122.18273, 37.784144], [-122.182387, 37.784127], [-122.182108, 37.784114], [-122.181855, 37.784106], [-122.181097, 37.784082], [-122.180845, 37.784075], [-122.180744, 37.784071], [-122.180725, 37.784071], [-122.180701, 37.78407], [-122.180441, 37.784065], [-122.18034, 37.784064], [-122.180194, 37.784057], [-122.179948, 37.784055], [-122.179893, 37.784055], [-122.179735, 37.784046], [-122.179451, 37.784019], [-122.179176, 37.783977], [-122.178785, 37.783898], [-122.178401, 37.783822], [-122.17822, 37.783765], [-122.178023, 37.783708], [-122.177904, 37.783665], [-122.17769, 37.783588], [-122.177329, 37.783424], [-122.177049, 37.783281], [-122.176778, 37.783126], [-122.176514, 37.782959], [-122.17641, 37.782893], [-122.17608, 37.782672], [-122.175876, 37.782537], [-122.175548, 37.78232], [-122.175262, 37.782137], [-122.175057, 37.782006], [-122.175015, 37.781979], [-122.174771, 37.781827], [-122.174056, 37.781382], [-122.17391, 37.781297], [-122.173663, 37.781155], [-122.173619, 37.781129], [-122.173648, 37.780986], [-122.173655, 37.780953], [-122.173688, 37.78082], [-122.173748, 37.780575], [-122.173752, 37.780561], [-122.17377, 37.780505], [-122.173804, 37.780425], [-122.173934, 37.780367], [-122.174544, 37.780295], [-122.175055, 37.78021], [-122.175215, 37.780186], [-122.17535, 37.78095]]]]}}, {"type": "Feature", "properties": {"grade": "C", "cat": "Definitely Declining", "city": "Oakland", "label": "C25"}, "geometry": {"type": "MultiPolygon", "coordinates": [[[[-122.19001, 37.78489], [-122.19028, 37.78511], [-122.19062, 37.7852], [-122.19109, 37.78527], [-122.19146, 37.78538], [-122.19224, 37.78548], [-122.19279, 37.78554], [-122.19308, 37.78565], [-122.19342, 37.78579], [-122.19374, 37.78597], [-122.1939, 37.78623], [-122.19397, 37.78635], [-122.19313, 37.78693], [-122.1934, 37.78758], [-122.1924, 37.78797], [-122.1927, 37.788362], [-122.192598, 37.788413], [-122.192401, 37.788521], [-122.191412, 37.789027], [-122.191207, 37.789133], [-122.190123, 37.789692], [-122.19002, 37.789744], [-122.189713, 37.789902], [-122.189611, 37.789956], [-122.189407, 37.790059], [-122.188798, 37.790367], [-122.188595, 37.790471], [-122.188515, 37.790512], [-122.188276, 37.790636], [-122.18822, 37.790655], [-122.18819, 37.790656], [-122.188147, 37.790645], [-122.188059, 37.790606], [-122.187976, 37.790565], [-122.187351, 37.790256], [-122.187143, 37.790154], [-122.186915, 37.790057], [-122.186531, 37.789895], [-122.186224, 37.789784], [-122.186172, 37.789766], [-122.185984, 37.789802], [-122.185886, 37.789892], [-122.18582, 37.789954], [-122.185602, 37.790171], [-122.185508, 37.790265], [-122.18549, 37.790283], [-122.185435, 37.790337], [-122.185418, 37.790356], [-122.185306, 37.790466], [-122.185039, 37.790734], [-122.184976, 37.790801], [-122.18487, 37.790917], [-122.1848, 37.790986], [-122.18459, 37.791195], [-122.184521, 37.791265], [-122.184278, 37.791537], [-122.183759, 37.792074], [-122.184089, 37.79245], [-122.184262, 37.792471], [-122.184344, 37.792486], [-122.184483, 37.792529], [-122.184553, 37.792556], [-122.184629, 37.792595], [-122.184827, 37.792723], [-122.185612, 37.793182], [-122.185732, 37.793268], [-122.185798, 37.793332], [-122.185836, 37.793375], [-122.18588, 37.793463], [-122.185891, 37.793505], [-122.185897, 37.793558], [-122.185896, 37.793614], [-122.185886, 37.793673], [-122.185871, 37.793722], [-122.185837, 37.793801], [-122.185811, 37.79383], [-122.185748, 37.793885], [-122.185558, 37.794022], [-122.185537, 37.794038], [-122.185422, 37.794138], [-122.185316, 37.794272], [-122.185203, 37.794464], [-122.185172, 37.794531], [-122.185156, 37.79459], [-122.185143, 37.794662], [-122.185129, 37.794783], [-122.185129, 37.794833], [-122.185131, 37.794961], [-122.185143, 37.795025], [-122.185183, 37.795143], [-122.185315, 37.79527], [-122.185336, 37.79529], [-122.185431, 37.795392], [-122.185503, 37.795478], [-122.185583, 37.795588], [-122.185644, 37.795715], [-122.185675, 37.795806], [-122.18569, 37.79589], [-122.185641, 37.796131], [-122.185604, 37.796236], [-122.185584, 37.796296], [-122.185557, 37.796351], [-122.185467, 37.796487], [-122.18539, 37.796569], [-122.185296, 37.796648], [-122.184841, 37.796959], [-122.184547, 37.797162], [-122.184387, 37.797244], [-122.184229, 37.797039], [-122.183745, 37.79639], [-122.183211, 37.795705], [-122.182896, 37.795282], [-122.182747, 37.795071], [-122.182476, 37.794667], [-122.182303, 37.794391], [-122.181994, 37.79387], [-122.181798, 37.794037], [-122.181623, 37.794182], [-122.181569, 37.794211], [-122.181515, 37.794231], [-122.181453, 37.794239], [-122.181395, 37.794235], [-122.18132, 37.794217], [-122.181282, 37.7942], [-122.181248, 37.79418], [-122.181193, 37.794124], [-122.181161, 37.794077], [-122.181114, 37.79396], [-122.18107, 37.793723], [-122.181067, 37.793683], [-122.18104, 37.793613], [-122.180997, 37.793532], [-122.180887, 37.793394], [-122.180753, 37.793213], [-122.180616, 37.79304], [-122.180462, 37.792855], [-122.179918, 37.792142], [-122.179832, 37.792007], [-122.179708, 37.79186], [-122.179657, 37.791765], [-122.179638, 37.791706], [-122.179633, 37.791688], [-122.179634, 37.79161], [-122.179677, 37.791461], [-122.179767, 37.791264], [-122.17986, 37.791021], [-122.179894, 37.790906], [-122.179908, 37.790863], [-122.17993, 37.790739], [-122.179926, 37.790675], [-122.179924, 37.790628], [-122.179907, 37.790586], [-122.179869, 37.790525], [-122.179825, 37.790469], [-122.179735, 37.790382], [-122.17967, 37.790321], [-122.179603, 37.790259], [-122.179541, 37.790209], [-122.179462, 37.790156], [-122.179388, 37.790108], [-122.179187, 37.789979], [-122.179155, 37.789952], [-122.179125, 37.789926], [-122.179014, 37.789806], [-122.178897, 37.789669], [-122.178628, 37.789321], [-122.178617, 37.789308], [-122.178439, 37.789092], [-122.178391, 37.789038], [-122.178248, 37.788876], [-122.178201, 37.788822], [-122.178124, 37.788719], [-122.177987, 37.788535], [-122.177915, 37.788447], [-122.17789, 37.788416], [-122.17781, 37.788317], [-122.177691, 37.788169], [-122.177529, 37.788012], [-122.177395, 37.787863], [-122.177281, 37.787737], [-122.177195, 37.787633], [-122.177082, 37.787424], [-122.177061, 37.78735], [-122.177051, 37.787276], [-122.177052, 37.787194], [-122.177104, 37.786973], [-122.177132, 37.786865], [-122.177154, 37.786829], [-122.177438, 37.7862], [-122.177692, 37.78564], [-122.177766, 37.785527], [-122.177776, 37.785513], [-122.17781, 37.78545], [-122.177852, 37.785375], [-122.177956, 37.78517], [-122.178018, 37.78505], [-122.178048, 37.784979], [-122.178088, 37.784904], [-122.178147, 37.784834], [-122.1782, 37.784783], [-122.178278, 37.784708], [-122.178321, 37.784669], [-122.1784, 37.784607], [-122.178528, 37.784528], [-122.17862, 37.784477], [-122.178721, 37.784432], [-122.178491, 37.783994], [-122.178451, 37.783912], [-122.178401, 37.783822], [-122.178785, 37.783898], [-122.179176, 37.783977], [-122.179451, 37.784019], [-122.179735, 37.784046], [-122.179893, 37.784055], [-122.179948, 37.784055], [-122.180194, 37.784057], [-122.18034, 37.784064], [-122.180441, 37.784065], [-122.180701, 37.78407], [-122.180725, 37.784071], [-122.180744, 37.784071], [-122.180845, 37.784075], [-122.181097, 37.784082], [-122.181855, 37.784106], [-122.182108, 37.784114], [-122.182387, 37.784127], [-122.18273, 37.784144], [-122.183543, 37.784163], [-122.183689, 37.784167], [-122.184705, 37.784191], [-122.184924, 37.784206], [-122.185853, 37.784245], [-122.187465, 37.784334], [-122.187784, 37.784355], [-122.18795, 37.784371], [-122.188586, 37.784446], [-122.188621, 37.784452], [-122.188694, 37.784463], [-122.188733, 37.784469], [-122.188757, 37.784473], [-122.189253, 37.784561], [-122.18985, 37.784667], [-122.19001, 37.78489]]]]}}, {"type": "Feature", "properties": {"grade": "C", "cat": "Definitely Declining", "city": "Oakland", "label": "C25"}, "geometry": {"type": "MultiPolygon", "coordinates": [[[[-122.18292, 37.79758], [-122.18175, 37.79755], [-122.18089, 37.79752], [-122.18007, 37.79766], [-122.17929, 37.79758], [-122.17818, 37.79724], [-122.17715, 37.79693], [-122.17625, 37.79637], [-122.17572, 37.79594], [-122.175473, 37.795515], [-122.175818, 37.794814], [-122.175995, 37.794631], [-122.176068, 37.794568], [-122.176144, 37.794511], [-122.176244, 37.794445], [-122.1764, 37.794375], [-122.176465, 37.794346], [-122.17655, 37.79432], [-122.176756, 37.794264], [-122.176848, 37.794246], [-122.17692, 37.794239], [-122.17701, 37.794237], [-122.177164, 37.794241], [-122.17729, 37.794254], [-122.177415, 37.794273], [-122.177513, 37.794292], [-122.177619, 37.79432], [-122.177804, 37.794399], [-122.177895, 37.794448], [-122.178102, 37.794591], [-122.178546, 37.794959], [-122.179174, 37.795475], [-122.17936, 37.795618], [-122.179396, 37.795645], [-122.179641, 37.7958], [-122.179743, 37.795865], [-122.179909, 37.795947], [-122.180067, 37.796005], [-122.180253, 37.796067], [-122.180385, 37.796098], [-122.180565, 37.796133], [-122.180581, 37.796136], [-122.180707, 37.796164], [-122.180913, 37.796186], [-122.181138, 37.79621], [-122.18123, 37.796216], [-122.181443, 37.796231], [-122.181767, 37.796268], [-122.181975, 37.7963], [-122.1821, 37.796333], [-122.182175, 37.79636], [-122.182325, 37.796416], [-122.182469, 37.796485], [-122.182571, 37.796555], [-122.182581, 37.796563], [-122.182715, 37.796668], [-122.182769, 37.796717], [-122.182856, 37.796816], [-122.182874, 37.796847], [-122.182944, 37.796966], [-122.183117, 37.797374], [-122.183195, 37.797494], [-122.18292, 37.79758]]]]}}, {"type": "Feature", "properties": {"grade": "C", "cat": "Definitely Declining", "city": "Oakland", "label": "C25"}, "geometry": {"type": "MultiPolygon", "coordinates": [[[[-122.17533, 37.79527], [-122.17515, 37.79487], [-122.17444, 37.79456], [-122.17387, 37.79442], [-122.17362, 37.79403], [-122.17355, 37.79349], [-122.17376, 37.79301], [-122.17426, 37.79242], [-122.17451, 37.79189], [-122.17458, 37.79147], [-122.17515, 37.79087], [-122.17568, 37.79037], [-122.1759, 37.79014], [-122.17584, 37.78995], [-122.17544, 37.78982], [-122.17487, 37.78976], [-122.17451, 37.78972], [-122.17414, 37.78982], [-122.17383, 37.78986], [-122.17347, 37.78983], [-122.1731, 37.78973], [-122.17279, 37.78951], [-122.17209, 37.7891], [-122.17129, 37.7887], [-122.17085, 37.78857], [-122.17055, 37.78848], [-122.16985, 37.78818], [-122.16958, 37.78792], [-122.16932, 37.7877], [-122.16902, 37.78749], [-122.16832, 37.78725], [-122.16784, 37.78696], [-122.16744, 37.7866], [-122.16704, 37.78624], [-122.16639, 37.78582], [-122.1656, 37.78537], [-122.16509, 37.78503], [-122.16467, 37.78456], [-122.16442, 37.78424], [-122.16432, 37.78393], [-122.1643, 37.7836], [-122.16443, 37.78334], [-122.1648, 37.78297], [-122.1654, 37.78248], [-122.16584, 37.78218], [-122.1664, 37.78189], [-122.1671, 37.78164], [-122.16793, 37.78149], [-122.1687, 37.78133], [-122.17018, 37.78093], [-122.17106, 37.78068], [-122.1716, 37.78093], [-122.17178, 37.78097], [-122.17199, 37.7809], [-122.17212, 37.78071], [-122.17227, 37.78047], [-122.172296, 37.780423], [-122.172984, 37.78079], [-122.173619, 37.781129], [-122.173663, 37.781155], [-122.17391, 37.781297], [-122.174056, 37.781382], [-122.174771, 37.781827], [-122.175015, 37.781979], [-122.175057, 37.782006], [-122.175262, 37.782137], [-122.175548, 37.78232], [-122.175876, 37.782537], [-122.17608, 37.782672], [-122.17641, 37.782893], [-122.176514, 37.782959], [-122.176778, 37.783126], [-122.177049, 37.783281], [-122.177329, 37.783424], [-122.17769, 37.783588], [-122.177904, 37.783665], [-122.178023, 37.783708], [-122.17822, 37.783765], [-122.178401, 37.783822], [-122.178451, 37.783912], [-122.178491, 37.783994], [-122.178721, 37.784432], [-122.17862, 37.784477], [-122.178528, 37.784528], [-122.1784, 37.784607], [-122.178321, 37.784669], [-122.178278, 37.784708], [-122.1782, 37.784783], [-122.178147, 37.784834], [-122.178088, 37.784904], [-122.178048, 37.784979], [-122.178018, 37.78505], [-122.177956, 37.78517], [-122.177852, 37.785375], [-122.17781, 37.78545], [-122.177776, 37.785513], [-122.177766, 37.785527], [-122.177692, 37.78564], [-122.177438, 37.7862], [-122.177154, 37.786829], [-122.177132, 37.786865], [-122.177104, 37.786973], [-122.177052, 37.787194], [-122.177051, 37.787276], [-122.177061, 37.78735], [-122.177082, 37.787424], [-122.177195, 37.787633], [-122.177281, 37.787737], [-122.177395, 37.787863], [-122.177529, 37.788012], [-122.177691, 37.788169], [-122.17781, 37.788317], [-122.17789, 37.788416], [-122.177915, 37.788447], [-122.177987, 37.788535], [-122.178124, 37.788719], [-122.178201, 37.788822], [-122.178248, 37.788876], [-122.178391, 37.789038], [-122.178439, 37.789092], [-122.178617, 37.789308], [-122.178628, 37.789321], [-122.178897, 37.789669], [-122.179014, 37.789806], [-122.179125, 37.789926], [-122.179155, 37.789952], [-122.179187, 37.789979], [-122.179388, 37.790108], [-122.179462, 37.790156], [-122.179541, 37.790209], [-122.179603, 37.790259], [-122.17967, 37.790321], [-122.179735, 37.790382], [-122.179825, 37.790469], [-122.179869, 37.790525], [-122.179907, 37.790586], [-122.179924, 37.790628], [-122.179926, 37.790675], [-122.17993, 37.790739], [-122.179908, 37.790863], [-122.179894, 37.790906], [-122.17986, 37.791021], [-122.179767, 37.791264], [-122.179677, 37.791461], [-122.179634, 37.79161], [-122.179633, 37.791688], [-122.179638, 37.791706], [-122.179657, 37.791765], [-122.179708, 37.79186], [-122.179832, 37.792007], [-122.179918, 37.792142], [-122.180462, 37.792855], [-122.180616, 37.79304], [-122.180753, 37.793213], [-122.180887, 37.793394], [-122.180997, 37.793532], [-122.18104, 37.793613], [-122.181067, 37.793683], [-122.18107, 37.793723], [-122.181114, 37.79396], [-122.181161, 37.794077], [-122.181193, 37.794124], [-122.181248, 37.79418], [-122.181282, 37.7942], [-122.18132, 37.794217], [-122.181395, 37.794235], [-122.181453, 37.794239], [-122.181515, 37.794231], [-122.181569, 37.794211], [-122.181623, 37.794182], [-122.181798, 37.794037], [-122.181994, 37.79387], [-122.182303, 37.794391], [-122.182476, 37.794667], [-122.182747, 37.795071], [-122.182896, 37.795282], [-122.183211, 37.795705], [-122.183745, 37.79639], [-122.184229, 37.797039], [-122.184387, 37.797244], [-122.184449, 37.797324], [-122.18442, 37.7973], [-122.18356, 37.79738], [-122.183195, 37.797494], [-122.183117, 37.797374], [-122.182944, 37.796966], [-122.182874, 37.796847], [-122.182856, 37.796816], [-122.182769, 37.796717], [-122.182715, 37.796668], [-122.182581, 37.796563], [-122.182571, 37.796555], [-122.182469, 37.796485], [-122.182325, 37.796416], [-122.182175, 37.79636], [-122.1821, 37.796333], [-122.181975, 37.7963], [-122.181767, 37.796268], [-122.181443, 37.796231], [-122.18123, 37.796216], [-122.181138, 37.79621], [-122.180913, 37.796186], [-122.180707, 37.796164], [-122.180581, 37.796136], [-122.180565, 37.796133], [-122.180385, 37.796098], [-122.180253, 37.796067], [-122.180067, 37.796005], [-122.179909, 37.795947], [-122.179743, 37.795865], [-122.179641, 37.7958], [-122.179396, 37.795645], [-122.17936, 37.795618], [-122.179174, 37.795475], [-122.178546, 37.794959], [-122.178102, 37.794591], [-122.177895, 37.794448], [-122.177804, 37.794399], [-122.177619, 37.79432], [-122.177513, 37.794292], [-122.177415, 37.794273], [-122.17729, 37.794254], [-122.177164, 37.794241], [-122.17701, 37.794237], [-122.17692, 37.794239], [-122.176848, 37.794246], [-122.176756, 37.794264], [-122.17655, 37.79432], [-122.176465, 37.794346], [-122.1764, 37.794375], [-122.176244, 37.794445], [-122.176144, 37.794511], [-122.176068, 37.794568], [-122.175995, 37.794631], [-122.175818, 37.794814], [-122.175473, 37.795515], [-122.17533, 37.79527]]]]}}, {"type": "Feature", "properties": {"grade": "C", "cat": "Definitely Declining", "city": "Oakland", "label": "C25"}, "geometry": {"type": "MultiPolygon", "coordinates": [[[[-122.17517, 37.77993], [-122.175215, 37.780186], [-122.175055, 37.78021], [-122.175033, 37.780145], [-122.17498, 37.779944], [-122.17517, 37.77993]]]]}}, {"type": "Feature", "properties": {"grade": "C", "cat": "Definitely Declining", "city": "Oakland", "label": "C25"}, "geometry": {"type": "MultiPolygon", "coordinates": [[[[-122.17253, 37.78], [-122.17329, 37.78004], [-122.17406, 37.78001], [-122.17498, 37.779944], [-122.175033, 37.780145], [-122.175055, 37.78021], [-122.174544, 37.780295], [-122.173934, 37.780367], [-122.173804, 37.780425], [-122.17377, 37.780505], [-122.173752, 37.780561], [-122.173748, 37.780575], [-122.173688, 37.78082], [-122.173655, 37.780953], [-122.173648, 37.780986], [-122.173619, 37.781129], [-122.172984, 37.78079], [-122.172296, 37.780423], [-122.17253, 37.78]]]]}}, {"type": "Feature", "properties": {"grade": "C", "cat": "Definitely Declining", "city": "Oakland", "label": "C26"}, "geometry": {"type": "MultiPolygon", "coordinates": [[[[-122.21504, 37.77391], [-122.21353, 37.77566], [-122.21286, 37.77504], [-122.21353, 37.77456], [-122.21277, 37.77405], [-122.21253, 37.77422], [-122.212404, 37.774158], [-122.212506, 37.77408], [-122.212597, 37.77401], [-122.212871, 37.773803], [-122.212963, 37.773734], [-122.213071, 37.773654], [-122.213396, 37.773418], [-122.213505, 37.773339], [-122.213597, 37.77327], [-122.21504, 37.77391]]]]}}, {"type": "Feature", "properties": {"grade": "C", "cat": "Definitely Declining", "city": "Oakland", "label": "C26"}, "geometry": {"type": "MultiPolygon", "coordinates": [[[[-122.21149, 37.77371], [-122.2095, 37.77282], [-122.20875, 37.77244], [-122.20834, 37.77219], [-122.20682, 37.77219], [-122.20448, 37.77215], [-122.20159, 37.77206], [-122.20096, 37.77194], [-122.200812, 37.771923], [-122.200814, 37.771798], [-122.200814, 37.771741], [-122.200813, 37.770917], [-122.200809, 37.770067], [-122.200816, 37.769238], [-122.20084, 37.76913], [-122.201007, 37.769016], [-122.201471, 37.768691], [-122.201673, 37.768543], [-122.202091, 37.768242], [-122.202536, 37.767936], [-122.203325, 37.767377], [-122.20494, 37.76801], [-122.20614, 37.76858], [-122.20698, 37.76915], [-122.20836, 37.76986], [-122.21432, 37.77267], [-122.21353, 37.77324], [-122.213597, 37.77327], [-122.213505, 37.773339], [-122.213396, 37.773418], [-122.213071, 37.773654], [-122.212963, 37.773734], [-122.212871, 37.773803], [-122.212597, 37.77401], [-122.212506, 37.77408], [-122.212404, 37.774158], [-122.21149, 37.77371]]]]}}, {"type": "Feature", "properties": {"grade": "C", "cat": "Definitely Declining", "city": "Oakland", "label": "C26"}, "geometry": {"type": "MultiPolygon", "coordinates": [[[[-122.20017, 37.77185], [-122.19906, 37.77188], [-122.19765, 37.77185], [-122.19689, 37.77183], [-122.19611, 37.77171], [-122.19541, 37.7717], [-122.19453, 37.77164], [-122.19391, 37.77155], [-122.19311, 37.77127], [-122.1927, 37.77108], [-122.19232, 37.77089], [-122.191648, 37.770669], [-122.192194, 37.770292], [-122.192683, 37.76994], [-122.19325, 37.76954], [-122.193282, 37.769517], [-122.193382, 37.769451], [-122.193415, 37.769429], [-122.193522, 37.769353], [-122.193668, 37.76925], [-122.193844, 37.769127], [-122.193952, 37.769052], [-122.194236, 37.768848], [-122.194336, 37.768777], [-122.194984, 37.768322], [-122.195112, 37.768239], [-122.195729, 37.767804], [-122.19634, 37.767371], [-122.19939, 37.76995], [-122.20323, 37.76734], [-122.203325, 37.767377], [-122.202536, 37.767936], [-122.202091, 37.768242], [-122.201673, 37.768543], [-122.201471, 37.768691], [-122.201007, 37.769016], [-122.20084, 37.76913], [-122.200816, 37.769238], [-122.200809, 37.770067], [-122.200813, 37.770917], [-122.200814, 37.771741], [-122.200814, 37.771798], [-122.200812, 37.771923], [-122.20017, 37.77185]]]]}}, {"type": "Feature", "properties": {"grade": "C", "cat": "Definitely Declining", "city": "Oakland", "label": "C26"}, "geometry": {"type": "MultiPolygon", "coordinates": [[[[-122.18988, 37.76402], [-122.1904, 37.76311], [-122.18912, 37.76187], [-122.18991, 37.76135], [-122.192292, 37.762347], [-122.190754, 37.763348], [-122.190235, 37.763686], [-122.190169, 37.76375], [-122.189971, 37.763945], [-122.189906, 37.76401], [-122.189887, 37.764027], [-122.18988, 37.76402]]]]}}, {"type": "Feature", "properties": {"grade": "C", "cat": "Definitely Declining", "city": "Oakland", "label": "C26"}, "geometry": {"type": "MultiPolygon", "coordinates": [[[[-122.19159, 37.77065], [-122.19124, 37.77049], [-122.19105, 37.77026], [-122.19074, 37.77044], [-122.19021, 37.77089], [-122.18974, 37.77121], [-122.1893, 37.77122], [-122.18843, 37.77116], [-122.18727, 37.77089], [-122.18595, 37.77064], [-122.18474, 37.77049], [-122.18297, 37.77032], [-122.18296, 37.76966], [-122.18513, 37.76986], [-122.19152, 37.76579], [-122.189887, 37.764027], [-122.189906, 37.76401], [-122.189971, 37.763945], [-122.190169, 37.76375], [-122.190235, 37.763686], [-122.190754, 37.763348], [-122.192292, 37.762347], [-122.19469, 37.76335], [-122.19486, 37.76361], [-122.19466, 37.76373], [-122.19268, 37.76495], [-122.19392, 37.76612], [-122.19328, 37.76656], [-122.19499, 37.7681], [-122.19628, 37.76732], [-122.19634, 37.767371], [-122.195729, 37.767804], [-122.195112, 37.768239], [-122.194984, 37.768322], [-122.194336, 37.768777], [-122.194236, 37.768848], [-122.193952, 37.769052], [-122.193844, 37.769127], [-122.193668, 37.76925], [-122.193522, 37.769353], [-122.193415, 37.769429], [-122.193382, 37.769451], [-122.193282, 37.769517], [-122.19325, 37.76954], [-122.192683, 37.76994], [-122.192194, 37.770292], [-122.191648, 37.770669], [-122.19159, 37.77065]]]]}}, {"type": "Feature", "properties": {"grade": "C", "cat": "Definitely Declining", "city": "Oakland", "label": "C27"}, "geometry": {"type": "MultiPolygon", "coordinates": [[[[-122.18072, 37.77993], [-122.18053, 37.78017], [-122.18037, 37.7803], [-122.18001, 37.78027], [-122.17967, 37.78035], [-122.17956, 37.78033], [-122.17919, 37.78009], [-122.17892, 37.77997], [-122.17872, 37.77994], [-122.17849, 37.77997], [-122.17815, 37.7801], [-122.17749, 37.779873], [-122.177614, 37.779863], [-122.178, 37.779857], [-122.178281, 37.779854], [-122.178572, 37.779854], [-122.179447, 37.779855], [-122.179471, 37.779856], [-122.179656, 37.77985], [-122.179738, 37.779841], [-122.179869, 37.779827], [-122.179906, 37.779819], [-122.179997, 37.779801], [-122.180189, 37.779744], [-122.180375, 37.779668], [-122.18039, 37.77966], [-122.18043, 37.77964], [-122.18072, 37.77993]]]]}}, {"type": "Feature", "properties": {"grade": "C", "cat": "Definitely Declining", "city": "Oakland", "label": "C27"}, "geometry": {"type": "MultiPolygon", "coordinates": [[[[-122.17716, 37.77976], [-122.17672, 37.77953], [-122.17571, 37.77927], [-122.17505, 37.77908], [-122.17419, 37.77892], [-122.1732, 37.77867], [-122.17293, 37.7784], [-122.17286, 37.77818], [-122.17286, 37.77795], [-122.17297, 37.77771], [-122.17341, 37.77755], [-122.17395, 37.77757], [-122.17465, 37.77762], [-122.17377, 37.77648], [-122.17323, 37.77627], [-122.17249, 37.77586], [-122.17171, 37.7755], [-122.17127, 37.77516], [-122.17092, 37.77478], [-122.17053, 37.77477], [-122.17023, 37.77487], [-122.16998, 37.77506], [-122.169847, 37.774954], [-122.169832, 37.774937], [-122.1696, 37.774458], [-122.169609, 37.774407], [-122.169627, 37.774396], [-122.169668, 37.774373], [-122.169713, 37.774328], [-122.169736, 37.774294], [-122.169757, 37.774247], [-122.169751, 37.774146], [-122.169742, 37.774107], [-122.169725, 37.774067], [-122.169655, 37.773978], [-122.169433, 37.773693], [-122.169331, 37.773591], [-122.169104, 37.773279], [-122.169055, 37.773212], [-122.168997, 37.773007], [-122.168982, 37.772964], [-122.168964, 37.772891], [-122.168943, 37.772799], [-122.168941, 37.772739], [-122.168939, 37.772696], [-122.168945, 37.772644], [-122.168958, 37.77259], [-122.168981, 37.772541], [-122.169033, 37.772433], [-122.169174, 37.772164], [-122.169219, 37.77208], [-122.169243, 37.772035], [-122.16941, 37.77175], [-122.17032, 37.77094], [-122.17082, 37.77135], [-122.17144, 37.77173], [-122.17189, 37.77189], [-122.17237, 37.77204], [-122.17276, 37.77217], [-122.17325, 37.77238], [-122.17351, 37.7726], [-122.17359, 37.77282], [-122.17363, 37.77317], [-122.17368, 37.77347], [-122.17273, 37.77402], [-122.17214, 37.77425], [-122.17299, 37.77515], [-122.17333, 37.77553], [-122.17363, 37.77578], [-122.17392, 37.77594], [-122.17411, 37.77599], [-122.17435, 37.776], [-122.17457, 37.77601], [-122.17484, 37.77606], [-122.17496, 37.77619], [-122.17514, 37.77642], [-122.17523, 37.77661], [-122.17544, 37.77675], [-122.17574, 37.77681], [-122.17601, 37.7768], [-122.17625, 37.77669], [-122.17648, 37.77654], [-122.17678, 37.77632], [-122.17791, 37.77727], [-122.17835, 37.77765], [-122.17763, 37.77799], [-122.17919, 37.77938], [-122.17979, 37.779], [-122.18043, 37.77964], [-122.18039, 37.77966], [-122.180375, 37.779668], [-122.180189, 37.779744], [-122.179997, 37.779801], [-122.179906, 37.779819], [-122.179869, 37.779827], [-122.179738, 37.779841], [-122.179656, 37.77985], [-122.179471, 37.779856], [-122.179447, 37.779855], [-122.178572, 37.779854], [-122.178281, 37.779854], [-122.178, 37.779857], [-122.177614, 37.779863], [-122.17749, 37.779873], [-122.17716, 37.77976]]]]}}, {"type": "Feature", "properties": {"grade": "C", "cat": "Definitely Declining", "city": "Oakland", "label": "C27"}, "geometry": {"type": "MultiPolygon", "coordinates": [[[[-122.15872, 37.76599], [-122.15916, 37.76604], [-122.15948, 37.76611], [-122.15975, 37.76618], [-122.16003, 37.7662], [-122.16037, 37.76617], [-122.1606, 37.76602], [-122.16073, 37.76588], [-122.16097, 37.76564], [-122.16113, 37.7655], [-122.16145, 37.76543], [-122.1619, 37.76547], [-122.16217, 37.76538], [-122.16232, 37.76525], [-122.16265, 37.7651], [-122.16326, 37.76515], [-122.16385, 37.76518], [-122.16421, 37.76512], [-122.16473, 37.76496], [-122.16505, 37.76489], [-122.16597, 37.76609], [-122.1664, 37.7665], [-122.16672, 37.76636], [-122.1678, 37.76699], [-122.16923, 37.76784], [-122.16828, 37.76894], [-122.16779, 37.76942], [-122.16731, 37.76962], [-122.16707, 37.76976], [-122.16678, 37.76991], [-122.16655, 37.77018], [-122.16652, 37.77039], [-122.16661, 37.77067], [-122.16698, 37.77094], [-122.16741, 37.77107], [-122.16786, 37.77119], [-122.16812, 37.77135], [-122.16831, 37.77175], [-122.16844, 37.772], [-122.16864, 37.77228], [-122.1688, 37.77246], [-122.16894, 37.77255], [-122.169243, 37.772035], [-122.169219, 37.77208], [-122.169174, 37.772164], [-122.169033, 37.772433], [-122.168981, 37.772541], [-122.168958, 37.77259], [-122.168945, 37.772644], [-122.168939, 37.772696], [-122.168941, 37.772739], [-122.168943, 37.772799], [-122.168964, 37.772891], [-122.168982, 37.772964], [-122.168997, 37.773007], [-122.169055, 37.773212], [-122.169104, 37.773279], [-122.169331, 37.773591], [-122.169433, 37.773693], [-122.169655, 37.773978], [-122.169725, 37.774067], [-122.169742, 37.774107], [-122.169751, 37.774146], [-122.169757, 37.774247], [-122.169736, 37.774294], [-122.169713, 37.774328], [-122.169668, 37.774373], [-122.169627, 37.774396], [-122.169609, 37.774407], [-122.16963, 37.77428], [-122.16912, 37.77436], [-122.16886, 37.77425], [-122.16863, 37.77403], [-122.16825, 37.77383], [-122.16801, 37.77382], [-122.16793, 37.77332], [-122.16751, 37.77276], [-122.16701, 37.77236], [-122.16549, 37.77137], [-122.16461, 37.77072], [-122.16393, 37.77032], [-122.1624, 37.76968], [-122.16108, 37.76908], [-122.16025, 37.76866], [-122.1591, 37.76776], [-122.15885, 37.76747], [-122.15969, 37.76744], [-122.15985, 37.76736], [-122.15981, 37.76721], [-122.15962, 37.76706], [-122.1594, 37.76686], [-122.159176, 37.766809], [-122.159486, 37.76682], [-122.159531, 37.766821], [-122.160025, 37.766832], [-122.159971, 37.766722], [-122.159926, 37.766683], [-122.15983, 37.766631], [-122.159775, 37.766606], [-122.159654, 37.766553], [-122.159043, 37.766298], [-122.158814, 37.766222], [-122.158798, 37.766214], [-122.158708, 37.766174], [-122.158624, 37.766124], [-122.158582, 37.766083], [-122.158553, 37.766029], [-122.158548, 37.765995], [-122.15872, 37.76599]]], [[[-122.16978, 37.7749], [-122.1696, 37.77471], [-122.16959, 37.77452], [-122.1696, 37.774458], [-122.169832, 37.774937], [-122.169847, 37.774954], [-122.16978, 37.7749]]]]}}, {"type": "Feature", "properties": {"grade": "C", "cat": "Definitely Declining", "city": "Oakland", "label": "C27"}, "geometry": {"type": "MultiPolygon", "coordinates": [[[[-122.15896, 37.76676], [-122.15861, 37.7667], [-122.15831, 37.76653], [-122.1582, 37.76635], [-122.15819, 37.76619], [-122.15839, 37.766], [-122.158548, 37.765995], [-122.158553, 37.766029], [-122.158582, 37.766083], [-122.158624, 37.766124], [-122.158708, 37.766174], [-122.158798, 37.766214], [-122.158814, 37.766222], [-122.159043, 37.766298], [-122.159654, 37.766553], [-122.159775, 37.766606], [-122.15983, 37.766631], [-122.159926, 37.766683], [-122.159971, 37.766722], [-122.160025, 37.766832], [-122.159531, 37.766821], [-122.159486, 37.76682], [-122.159176, 37.766809], [-122.15896, 37.76676]]]]}}, {"type": "Feature", "properties": {"grade": "C", "cat": "Definitely Declining", "city": "Oakland", "label": "C28"}, "geometry": {"type": "MultiPolygon", "coordinates": [[[[-122.17964, 37.7749], [-122.17621, 37.77337], [-122.17589, 37.77305], [-122.17512, 37.77237], [-122.17482, 37.77201], [-122.17429, 37.77157], [-122.1736, 37.77115], [-122.17254, 37.77072], [-122.17219, 37.77046], [-122.17257, 37.77007], [-122.17236, 37.76993], [-122.172721, 37.769491], [-122.172807, 37.769528], [-122.173135, 37.769667], [-122.173238, 37.769659], [-122.175458, 37.770727], [-122.175654, 37.770816], [-122.176241, 37.771083], [-122.176438, 37.771173], [-122.1766, 37.771262], [-122.17671, 37.771333], [-122.176786, 37.771393], [-122.176807, 37.77141], [-122.176949, 37.77153], [-122.177345, 37.771919], [-122.177671, 37.772263], [-122.177957, 37.772563], [-122.178097, 37.772665], [-122.178518, 37.772972], [-122.178659, 37.773075], [-122.178796, 37.773182], [-122.178864, 37.773236], [-122.17965, 37.77393], [-122.17977, 37.77398], [-122.179804, 37.773955], [-122.180165, 37.774257], [-122.18036, 37.774387], [-122.180382, 37.774401], [-122.17964, 37.7749]]]]}}, {"type": "Feature", "properties": {"grade": "C", "cat": "Definitely Declining", "city": "Oakland", "label": "C28"}, "geometry": {"type": "MultiPolygon", "coordinates": [[[[-122.1746, 37.76763], [-122.17365, 37.76823], [-122.17366, 37.768242], [-122.173488, 37.768354], [-122.172832, 37.76875], [-122.172529, 37.768933], [-122.172366, 37.769014], [-122.1723, 37.76897], [-122.17128, 37.7683], [-122.16994, 37.76743], [-122.16907, 37.76684], [-122.16825, 37.76633], [-122.16795, 37.76609], [-122.16745, 37.76537], [-122.16962, 37.76445], [-122.17139, 37.76328], [-122.17279, 37.76253], [-122.17237, 37.76208], [-122.172582, 37.761966], [-122.172681, 37.762062], [-122.172696, 37.762077], [-122.172744, 37.762122], [-122.172761, 37.762137], [-122.172906, 37.762274], [-122.172936, 37.762302], [-122.173334, 37.762693], [-122.173477, 37.762833], [-122.173582, 37.762938], [-122.1739, 37.763254], [-122.174007, 37.76336], [-122.174117, 37.763469], [-122.17445, 37.763799], [-122.174561, 37.763909], [-122.174668, 37.764013], [-122.174989, 37.764326], [-122.175096, 37.764431], [-122.175211, 37.764539], [-122.17534, 37.76466], [-122.175506, 37.764799], [-122.17557, 37.764846], [-122.175698, 37.76494], [-122.177043, 37.765726], [-122.177197, 37.765816], [-122.177082, 37.765952], [-122.17708, 37.76595], [-122.17639, 37.76644], [-122.176003, 37.76674], [-122.1757, 37.766932], [-122.174998, 37.767375], [-122.174659, 37.767594], [-122.1746, 37.76763]]]]}}, {"type": "Feature", "properties": {"grade": "C", "cat": "Definitely Declining", "city": "Oakland", "label": "C28"}, "geometry": {"type": "MultiPolygon", "coordinates": [[[[-122.17376, 37.76133], [-122.1722, 37.7594], [-122.17565, 37.75782], [-122.17666, 37.75913], [-122.17676, 37.75972], [-122.17568, 37.76012], [-122.17695, 37.76127], [-122.17797, 37.76108], [-122.17903, 37.76036], [-122.1813, 37.76277], [-122.18007, 37.76366], [-122.180209, 37.763796], [-122.180165, 37.763824], [-122.18011, 37.76386], [-122.179969, 37.76395], [-122.179856, 37.764023], [-122.179546, 37.76422], [-122.179405, 37.76431], [-122.179355, 37.764342], [-122.179206, 37.764437], [-122.179157, 37.76447], [-122.179059, 37.764533], [-122.178471, 37.764899], [-122.177756, 37.765367], [-122.177651, 37.765431], [-122.177632, 37.765447], [-122.177427, 37.765596], [-122.177239, 37.765771], [-122.177197, 37.765816], [-122.177043, 37.765726], [-122.175698, 37.76494], [-122.17557, 37.764846], [-122.175506, 37.764799], [-122.17534, 37.76466], [-122.175211, 37.764539], [-122.175096, 37.764431], [-122.174989, 37.764326], [-122.174668, 37.764013], [-122.174561, 37.763909], [-122.17445, 37.763799], [-122.174117, 37.763469], [-122.174007, 37.76336], [-122.1739, 37.763254], [-122.173582, 37.762938], [-122.173477, 37.762833], [-122.173334, 37.762693], [-122.172936, 37.762302], [-122.172906, 37.762274], [-122.172761, 37.762137], [-122.172744, 37.762122], [-122.172696, 37.762077], [-122.172681, 37.762062], [-122.172582, 37.761966], [-122.17376, 37.76133]]]]}}, {"type": "Feature", "properties": {"grade": "C", "cat": "Definitely Declining", "city": "Oakland", "label": "C28"}, "geometry": {"type": "MultiPolygon", "coordinates": [[[[-122.1788, 37.76841], [-122.1808, 37.76987], [-122.18059, 37.76996], [-122.17717, 37.76986], [-122.177, 37.76969], [-122.1788, 37.76841]]], [[[-122.181912, 37.772353], [-122.181981, 37.772422], [-122.181528, 37.772713], [-122.181096, 37.772992], [-122.181912, 37.772353]]], [[[-122.17424, 37.76893], [-122.17488, 37.76964], [-122.17498, 37.76996], [-122.17494, 37.77042], [-122.17649, 37.77112], [-122.17696, 37.77134], [-122.17773, 37.77226], [-122.17798, 37.7725], [-122.17879, 37.77317], [-122.178864, 37.773236], [-122.178796, 37.773182], [-122.178659, 37.773075], [-122.178518, 37.772972], [-122.178097, 37.772665], [-122.177957, 37.772563], [-122.177671, 37.772263], [-122.177345, 37.771919], [-122.176949, 37.77153], [-122.176807, 37.77141], [-122.176786, 37.771393], [-122.17671, 37.771333], [-122.1766, 37.771262], [-122.176438, 37.771173], [-122.176241, 37.771083], [-122.175654, 37.770816], [-122.175458, 37.770727], [-122.173238, 37.769659], [-122.173135, 37.769667], [-122.172807, 37.769528], [-122.172721, 37.769491], [-122.17278, 37.76942], [-122.17278, 37.76929], [-122.172366, 37.769014], [-122.172529, 37.768933], [-122.172832, 37.76875], [-122.173488, 37.768354], [-122.17366, 37.768242], [-122.17424, 37.76893]]], [[[-122.17577, 37.76692], [-122.17532, 37.7672], [-122.174659, 37.767594], [-122.174998, 37.767375], [-122.1757, 37.766932], [-122.176003, 37.76674], [-122.17577, 37.76692]]], [[[-122.18259, 37.76613], [-122.17948, 37.76792], [-122.17867, 37.76733], [-122.17788, 37.7667], [-122.17736, 37.76624], [-122.177082, 37.765952], [-122.177197, 37.765816], [-122.177239, 37.765771], [-122.177427, 37.765596], [-122.177632, 37.765447], [-122.177651, 37.765431], [-122.177756, 37.765367], [-122.178471, 37.764899], [-122.179059, 37.764533], [-122.179157, 37.76447], [-122.179206, 37.764437], [-122.179355, 37.764342], [-122.179405, 37.76431], [-122.179546, 37.76422], [-122.179856, 37.764023], [-122.179969, 37.76395], [-122.18011, 37.76386], [-122.180165, 37.763824], [-122.180209, 37.763796], [-122.18259, 37.76613]]]]}}, {"type": "Feature", "properties": {"grade": "C", "cat": "Definitely Declining", "city": "Oakland", "label": "C28"}, "geometry": {"type": "MultiPolygon", "coordinates": [[[[-122.18212, 37.77219], [-122.18302, 37.77151], [-122.18391, 37.77203], [-122.180382, 37.774401], [-122.18036, 37.774387], [-122.180165, 37.774257], [-122.179804, 37.773955], [-122.18092, 37.77313], [-122.181096, 37.772992], [-122.181528, 37.772713], [-122.181981, 37.772422], [-122.181912, 37.772353], [-122.18212, 37.77219]]]]}}, {"type": "Feature", "properties": {"grade": "C", "cat": "Definitely Declining", "city": "Oakland", "label": "C29"}, "geometry": {"type": "MultiPolygon", "coordinates": [[[[-122.17054, 37.76014], [-122.16771, 37.76141], [-122.167692, 37.761379], [-122.167845, 37.761308], [-122.16807, 37.761204], [-122.168508, 37.761], [-122.168729, 37.760898], [-122.168805, 37.760861], [-122.169035, 37.760754], [-122.169112, 37.760718], [-122.169402, 37.760578], [-122.170272, 37.76016], [-122.170294, 37.76015], [-122.170384, 37.760112], [-122.170472, 37.760049], [-122.17054, 37.76014]]]]}}, {"type": "Feature", "properties": {"grade": "C", "cat": "Definitely Declining", "city": "Oakland", "label": "C29"}, "geometry": {"type": "MultiPolygon", "coordinates": [[[[-122.16326, 37.76038], [-122.163117, 37.760362], [-122.16308, 37.760261], [-122.16283, 37.759572], [-122.16326, 37.76038]]], [[[-122.16745, 37.76096], [-122.16716, 37.76045], [-122.16657, 37.76008], [-122.16577, 37.75982], [-122.16753, 37.7592], [-122.16568, 37.75691], [-122.1631, 37.75783], [-122.16229, 37.75636], [-122.1614, 37.75381], [-122.16087, 37.752682], [-122.161904, 37.7522], [-122.162119, 37.7521], [-122.162766, 37.751804], [-122.162982, 37.751705], [-122.163194, 37.751602], [-122.163811, 37.751305], [-122.163832, 37.751294], [-122.163939, 37.751241], [-122.16592, 37.75397], [-122.170472, 37.760049], [-122.170384, 37.760112], [-122.170294, 37.76015], [-122.170272, 37.76016], [-122.169402, 37.760578], [-122.169112, 37.760718], [-122.169035, 37.760754], [-122.168805, 37.760861], [-122.168729, 37.760898], [-122.168508, 37.761], [-122.16807, 37.761204], [-122.167845, 37.761308], [-122.167692, 37.761379], [-122.16745, 37.76096]]]]}}, {"type": "Feature", "properties": {"grade": "C", "cat": "Definitely Declining", "city": "Oakland", "label": "C29"}, "geometry": {"type": "MultiPolygon", "coordinates": [[[[-122.16263, 37.7603], [-122.16171, 37.75982], [-122.1608, 37.75927], [-122.15992, 37.75873], [-122.15902, 37.75814], [-122.15783, 37.75728], [-122.157, 37.75664], [-122.15658, 37.7562], [-122.15624, 37.75583], [-122.1576, 37.75454], [-122.15743, 37.75427], [-122.15743, 37.7539], [-122.15641, 37.75386], [-122.15638, 37.75343], [-122.1561, 37.753], [-122.15432, 37.75168], [-122.154164, 37.751722], [-122.15421, 37.751699], [-122.154381, 37.751643], [-122.154735, 37.751842], [-122.155053, 37.752017], [-122.15527, 37.752137], [-122.155624, 37.752317], [-122.155737, 37.752403], [-122.155851, 37.752501], [-122.156121, 37.752789], [-122.156334, 37.75307], [-122.156358, 37.753124], [-122.156417, 37.753355], [-122.156467, 37.753423], [-122.15651, 37.753459], [-122.156562, 37.753489], [-122.156677, 37.753537], [-122.157388, 37.753833], [-122.157583, 37.753788], [-122.15817, 37.753654], [-122.158366, 37.75361], [-122.158562, 37.753561], [-122.159152, 37.753417], [-122.159349, 37.753369], [-122.159385, 37.753362], [-122.15942, 37.753345], [-122.159552, 37.753285], [-122.16023, 37.75547], [-122.16106, 37.75578], [-122.16177, 37.75758], [-122.16283, 37.759572], [-122.16308, 37.760261], [-122.163117, 37.760362], [-122.16263, 37.7603]]]]}}, {"type": "Feature", "properties": {"grade": "C", "cat": "Definitely Declining", "city": "Oakland", "label": "C29"}, "geometry": {"type": "MultiPolygon", "coordinates": [[[[-122.11806, 37.753], [-122.11815, 37.75283], [-122.11867, 37.75249], [-122.119, 37.7522], [-122.11979, 37.75183], [-122.12023, 37.75159], [-122.12047, 37.75143], [-122.12078, 37.75124], [-122.12121, 37.75093], [-122.1218, 37.75054], [-122.12223, 37.75019], [-122.12245, 37.74994], [-122.12255, 37.74975], [-122.12269, 37.7495], [-122.122814, 37.749105], [-122.122938, 37.749201], [-122.12305, 37.749332], [-122.12313, 37.749471], [-122.123195, 37.749629], [-122.123224, 37.749755], [-122.123279, 37.749891], [-122.123476, 37.750203], [-122.123547, 37.750312], [-122.123798, 37.750697], [-122.124141, 37.751209], [-122.12401, 37.751307], [-122.124139, 37.751366], [-122.124164, 37.751378], [-122.12443, 37.75151], [-122.124607, 37.751613], [-122.124617, 37.751619], [-122.12476, 37.751713], [-122.125074, 37.751925], [-122.125098, 37.751944], [-122.12585, 37.752546], [-122.12606, 37.752709], [-122.126084, 37.752728], [-122.126294, 37.752923], [-122.126354, 37.752994], [-122.126524, 37.75326], [-122.127036, 37.754059], [-122.127117, 37.754185], [-122.127229, 37.754309], [-122.127258, 37.75434], [-122.127348, 37.754433], [-122.127378, 37.754464], [-122.127763, 37.754843], [-122.127941, 37.75504], [-122.128022, 37.755115], [-122.128076, 37.755154], [-122.12814, 37.755186], [-122.128424, 37.755301], [-122.128544, 37.755372], [-122.128562, 37.755383], [-122.128668, 37.755453], [-122.128852, 37.755599], [-122.129114, 37.755817], [-122.129292, 37.755954], [-122.129338, 37.755977], [-122.12952, 37.756046], [-122.129757, 37.756108], [-122.130224, 37.756209], [-122.12964, 37.75655], [-122.12919, 37.75681], [-122.12808, 37.75719], [-122.12727, 37.75762], [-122.12503, 37.75822], [-122.12346, 37.75858], [-122.12285, 37.75876], [-122.122648, 37.758885], [-122.121411, 37.757447], [-122.121287, 37.757301], [-122.121112, 37.757095], [-122.120763, 37.756682], [-122.120391, 37.756243], [-122.119998, 37.75578], [-122.119842, 37.755597], [-122.119508, 37.755181], [-122.119283, 37.754877], [-122.119168, 37.754712], [-122.118987, 37.754455], [-122.118912, 37.754348], [-122.118865, 37.754281], [-122.118842, 37.754235], [-122.11883, 37.754204], [-122.118818, 37.754153], [-122.118553, 37.753796], [-122.118417, 37.753618], [-122.118378, 37.753565], [-122.11836, 37.75355], [-122.118334, 37.753521], [-122.118327, 37.753512], [-122.118342, 37.753505], [-122.118242, 37.75336], [-122.118018, 37.753037], [-122.11806, 37.753]]]]}}, {"type": "Feature", "properties": {"grade": "C", "cat": "Definitely Declining", "city": "Oakland", "label": "C29"}, "geometry": {"type": "MultiPolygon", "coordinates": [[[[-122.12284, 37.74902], [-122.12304, 37.74835], [-122.12345, 37.74817], [-122.12384, 37.74807], [-122.12401, 37.74801], [-122.12419, 37.74793], [-122.12448, 37.74778], [-122.12496, 37.74755], [-122.12569, 37.7472], [-122.126, 37.74697], [-122.12644, 37.7468], [-122.12674, 37.74668], [-122.12708, 37.74658], [-122.12784, 37.74624], [-122.12846, 37.74605], [-122.12887, 37.7459], [-122.12947, 37.7458], [-122.13015, 37.74572], [-122.13094, 37.7456], [-122.13139, 37.74549], [-122.13194, 37.74542], [-122.13232, 37.74533], [-122.13278, 37.74529], [-122.13324, 37.74521], [-122.13397, 37.74518], [-122.13498, 37.74501], [-122.13658, 37.74474], [-122.13793, 37.74444], [-122.13962, 37.74391], [-122.14041, 37.74367], [-122.14106, 37.74354], [-122.14128, 37.74357], [-122.14167, 37.74375], [-122.14219, 37.74393], [-122.14274, 37.74417], [-122.14293, 37.74445], [-122.14309, 37.74469], [-122.14321, 37.7449], [-122.14331, 37.74502], [-122.14348, 37.74505], [-122.14371, 37.74504], [-122.14413, 37.74496], [-122.1446, 37.74481], [-122.14502, 37.74472], [-122.14533, 37.74477], [-122.14568, 37.74484], [-122.14595, 37.74473], [-122.14694, 37.74411], [-122.147206, 37.74394], [-122.147623, 37.744233], [-122.147676, 37.74427], [-122.148003, 37.744511], [-122.148126, 37.744613], [-122.148343, 37.744815], [-122.148647, 37.745129], [-122.148726, 37.745217], [-122.148908, 37.745435], [-122.148915, 37.745445], [-122.148999, 37.74557], [-122.149146, 37.745801], [-122.149256, 37.745967], [-122.149339, 37.746105], [-122.149349, 37.746124], [-122.14814, 37.74621], [-122.14742, 37.74647], [-122.14702, 37.74685], [-122.14676, 37.74768], [-122.14628, 37.7488], [-122.14585, 37.74939], [-122.14545, 37.74973], [-122.14495, 37.74982], [-122.14331, 37.75012], [-122.14103, 37.75068], [-122.1401, 37.75104], [-122.13844, 37.75196], [-122.13685, 37.75284], [-122.13582, 37.75339], [-122.13506, 37.75397], [-122.13464, 37.75427], [-122.1339, 37.7545], [-122.13307, 37.7548], [-122.1324, 37.75506], [-122.1315, 37.75568], [-122.13048, 37.75606], [-122.130224, 37.756209], [-122.129757, 37.756108], [-122.12952, 37.756046], [-122.129338, 37.755977], [-122.129292, 37.755954], [-122.129114, 37.755817], [-122.128852, 37.755599], [-122.128668, 37.755453], [-122.128562, 37.755383], [-122.128544, 37.755372], [-122.128424, 37.755301], [-122.12814, 37.755186], [-122.128076, 37.755154], [-122.128022, 37.755115], [-122.127941, 37.75504], [-122.127763, 37.754843], [-122.127378, 37.754464], [-122.127348, 37.754433], [-122.127258, 37.75434], [-122.127229, 37.754309], [-122.127117, 37.754185], [-122.127036, 37.754059], [-122.126524, 37.75326], [-122.126354, 37.752994], [-122.126294, 37.752923], [-122.126084, 37.752728], [-122.12606, 37.752709], [-122.12585, 37.752546], [-122.125098, 37.751944], [-122.125074, 37.751925], [-122.12476, 37.751713], [-122.124617, 37.751619], [-122.124607, 37.751613], [-122.12443, 37.75151], [-122.124164, 37.751378], [-122.124139, 37.751366], [-122.12401, 37.751307], [-122.124141, 37.751209], [-122.123798, 37.750697], [-122.123547, 37.750312], [-122.123476, 37.750203], [-122.123279, 37.749891], [-122.123224, 37.749755], [-122.123195, 37.749629], [-122.12313, 37.749471], [-122.12305, 37.749332], [-122.122938, 37.749201], [-122.122814, 37.749105], [-122.12284, 37.74902]]]]}}, {"type": "Feature", "properties": {"grade": "C", "cat": "Definitely Declining", "city": "Oakland", "label": "C29"}, "geometry": {"type": "MultiPolygon", "coordinates": [[[[-122.14992, 37.74201], [-122.14931, 37.74218], [-122.14867, 37.7424], [-122.14824, 37.74263], [-122.14716, 37.74338], [-122.14673, 37.74297], [-122.146434, 37.742556], [-122.146522, 37.742499], [-122.146609, 37.742354], [-122.146721, 37.74217], [-122.14689, 37.741936], [-122.14699, 37.7418], [-122.147076, 37.741695], [-122.147337, 37.741381], [-122.147351, 37.741365], [-122.147436, 37.741289], [-122.147457, 37.74127], [-122.147503, 37.741229], [-122.147521, 37.741216], [-122.147545, 37.7412], [-122.14767, 37.741138], [-122.147772, 37.741104], [-122.147907, 37.741061], [-122.148433, 37.740898], [-122.14848, 37.740888], [-122.148558, 37.740874], [-122.148725, 37.740859], [-122.148747, 37.740868], [-122.148814, 37.740897], [-122.148837, 37.740907], [-122.149011, 37.740986], [-122.149083, 37.741019], [-122.14953, 37.741232], [-122.149703, 37.741315], [-122.149896, 37.741406], [-122.150475, 37.74168], [-122.150668, 37.741772], [-122.150798, 37.741827], [-122.14992, 37.74201]]], [[[-122.14772, 37.74361], [-122.14946, 37.74467], [-122.15232, 37.74279], [-122.152301, 37.742768], [-122.152445, 37.742883], [-122.152496, 37.742923], [-122.152546, 37.742966], [-122.152584, 37.743004], [-122.152719, 37.743139], [-122.152835, 37.743261], [-122.152918, 37.743348], [-122.153057, 37.743493], [-122.153433, 37.743885], [-122.153479, 37.743929], [-122.153625, 37.744069], [-122.153831, 37.744253], [-122.153902, 37.74431], [-122.154048, 37.744428], [-122.154362, 37.744667], [-122.154793, 37.744962], [-122.154828, 37.744986], [-122.155094, 37.745175], [-122.155309, 37.745319], [-122.155713, 37.745588], [-122.155902, 37.745715], [-122.155957, 37.745752], [-122.156174, 37.745897], [-122.156221, 37.745929], [-122.156288, 37.745983], [-122.156328, 37.74602], [-122.156395, 37.746081], [-122.156497, 37.746226], [-122.156672, 37.746502], [-122.156779, 37.74667], [-122.156998, 37.747005], [-122.157234, 37.747374], [-122.157345, 37.747542], [-122.157679, 37.748047], [-122.157791, 37.748216], [-122.157839, 37.748289], [-122.157984, 37.748511], [-122.158033, 37.748585], [-122.158208, 37.748853], [-122.15842, 37.749178], [-122.158701, 37.749601], [-122.158737, 37.749655], [-122.158851, 37.749826], [-122.158911, 37.749925], [-122.159014, 37.750084], [-122.159326, 37.750564], [-122.15943, 37.750724], [-122.159503, 37.750835], [-122.159724, 37.751169], [-122.159798, 37.751281], [-122.159831, 37.751335], [-122.159925, 37.751596], [-122.160236, 37.752453], [-122.160392, 37.752881], [-122.15955, 37.75328], [-122.159552, 37.753285], [-122.15942, 37.753345], [-122.159385, 37.753362], [-122.159349, 37.753369], [-122.159152, 37.753417], [-122.158562, 37.753561], [-122.158366, 37.75361], [-122.15817, 37.753654], [-122.157583, 37.753788], [-122.157388, 37.753833], [-122.156677, 37.753537], [-122.156562, 37.753489], [-122.15651, 37.753459], [-122.156467, 37.753423], [-122.156417, 37.753355], [-122.156358, 37.753124], [-122.156334, 37.75307], [-122.156121, 37.752789], [-122.155851, 37.752501], [-122.155737, 37.752403], [-122.155624, 37.752317], [-122.15527, 37.752137], [-122.155053, 37.752017], [-122.154735, 37.751842], [-122.154381, 37.751643], [-122.15421, 37.751699], [-122.154164, 37.751722], [-122.15329, 37.75196], [-122.15249, 37.75102], [-122.15234, 37.75083], [-122.15187, 37.74973], [-122.15035, 37.74739], [-122.1494, 37.74612], [-122.149349, 37.746124], [-122.149339, 37.746105], [-122.149256, 37.745967], [-122.149146, 37.745801], [-122.148999, 37.74557], [-122.148915, 37.745445], [-122.148908, 37.745435], [-122.148726, 37.745217], [-122.148647, 37.745129], [-122.148343, 37.744815], [-122.148126, 37.744613], [-122.148003, 37.744511], [-122.147676, 37.74427], [-122.147623, 37.744233], [-122.147206, 37.74394], [-122.14772, 37.74361]]]]}}, {"type": "Feature", "properties": {"grade": "C", "cat": "Definitely Declining", "city": "Oakland", "label": "C29"}, "geometry": {"type": "MultiPolygon", "coordinates": [[[[-122.15208, 37.74251], [-122.15175, 37.7423], [-122.15128, 37.74203], [-122.15088, 37.74181], [-122.150798, 37.741827], [-122.150668, 37.741772], [-122.150475, 37.74168], [-122.149896, 37.741406], [-122.149703, 37.741315], [-122.14953, 37.741232], [-122.149083, 37.741019], [-122.149011, 37.740986], [-122.148837, 37.740907], [-122.148814, 37.740897], [-122.148747, 37.740868], [-122.148725, 37.740859], [-122.148962, 37.740796], [-122.149018, 37.740779], [-122.149541, 37.740622], [-122.149894, 37.740521], [-122.150187, 37.740439], [-122.150379, 37.740386], [-122.150957, 37.74023], [-122.15115, 37.740178], [-122.15131, 37.740132], [-122.15179, 37.739997], [-122.151951, 37.739952], [-122.152242, 37.73987], [-122.153117, 37.739628], [-122.153409, 37.739548], [-122.15375, 37.739453], [-122.154776, 37.739171], [-122.155015, 37.739106], [-122.155025, 37.739104], [-122.15681, 37.74163], [-122.15868, 37.74432], [-122.160885, 37.746912], [-122.160894, 37.746924], [-122.161042, 37.747124], [-122.161101, 37.747205], [-122.1629, 37.74981], [-122.163939, 37.751241], [-122.163832, 37.751294], [-122.163811, 37.751305], [-122.163194, 37.751602], [-122.162982, 37.751705], [-122.162766, 37.751804], [-122.162119, 37.7521], [-122.161904, 37.7522], [-122.16087, 37.752682], [-122.16086, 37.75266], [-122.160392, 37.752881], [-122.160236, 37.752453], [-122.159925, 37.751596], [-122.159831, 37.751335], [-122.159798, 37.751281], [-122.159724, 37.751169], [-122.159503, 37.750835], [-122.15943, 37.750724], [-122.159326, 37.750564], [-122.159014, 37.750084], [-122.158911, 37.749925], [-122.158851, 37.749826], [-122.158737, 37.749655], [-122.158701, 37.749601], [-122.15842, 37.749178], [-122.158208, 37.748853], [-122.158033, 37.748585], [-122.157984, 37.748511], [-122.157839, 37.748289], [-122.157791, 37.748216], [-122.157679, 37.748047], [-122.157345, 37.747542], [-122.157234, 37.747374], [-122.156998, 37.747005], [-122.156779, 37.74667], [-122.156672, 37.746502], [-122.156497, 37.746226], [-122.156395, 37.746081], [-122.156328, 37.74602], [-122.156288, 37.745983], [-122.156221, 37.745929], [-122.156174, 37.745897], [-122.155957, 37.745752], [-122.155902, 37.745715], [-122.155713, 37.745588], [-122.155309, 37.745319], [-122.155094, 37.745175], [-122.154828, 37.744986], [-122.154793, 37.744962], [-122.154362, 37.744667], [-122.154048, 37.744428], [-122.153902, 37.74431], [-122.153831, 37.744253], [-122.153625, 37.744069], [-122.153479, 37.743929], [-122.153433, 37.743885], [-122.153057, 37.743493], [-122.152918, 37.743348], [-122.152835, 37.743261], [-122.152719, 37.743139], [-122.152584, 37.743004], [-122.152546, 37.742966], [-122.152496, 37.742923], [-122.152445, 37.742883], [-122.152301, 37.742768], [-122.15208, 37.74251]]]]}}, {"type": "Feature", "properties": {"grade": "C", "cat": "Definitely Declining", "city": "Oakland", "label": "C29"}, "geometry": {"type": "MultiPolygon", "coordinates": [[[[-122.16096, 37.747], [-122.161101, 37.747205], [-122.161042, 37.747124], [-122.160894, 37.746924], [-122.160885, 37.746912], [-122.16096, 37.747]]]]}}, {"type": "Feature", "properties": {"grade": "C", "cat": "Definitely Declining", "city": "Oakland", "label": "C29"}, "geometry": {"type": "MultiPolygon", "coordinates": [[[[-122.12248, 37.75899], [-122.1223, 37.75893], [-122.12184, 37.75833], [-122.12157, 37.75813], [-122.12127, 37.75804], [-122.12087, 37.75798], [-122.12036, 37.75797], [-122.1201, 37.75791], [-122.1198, 37.75776], [-122.11933, 37.75728], [-122.11897, 37.75697], [-122.11857, 37.75662], [-122.11819, 37.75638], [-122.11767, 37.75603], [-122.11742, 37.75583], [-122.11715, 37.75547], [-122.117, 37.75508], [-122.11688, 37.75469], [-122.11685, 37.75431], [-122.11689, 37.75392], [-122.1172, 37.75356], [-122.11759, 37.75327], [-122.11797, 37.75308], [-122.118018, 37.753037], [-122.118242, 37.75336], [-122.118342, 37.753505], [-122.118327, 37.753512], [-122.118334, 37.753521], [-122.11836, 37.75355], [-122.118378, 37.753565], [-122.118417, 37.753618], [-122.118553, 37.753796], [-122.118818, 37.754153], [-122.11883, 37.754204], [-122.118842, 37.754235], [-122.118865, 37.754281], [-122.118912, 37.754348], [-122.118987, 37.754455], [-122.119168, 37.754712], [-122.119283, 37.754877], [-122.119508, 37.755181], [-122.119842, 37.755597], [-122.119998, 37.75578], [-122.120391, 37.756243], [-122.120763, 37.756682], [-122.121112, 37.757095], [-122.121287, 37.757301], [-122.121411, 37.757447], [-122.122648, 37.758885], [-122.12248, 37.75899]]]]}}, {"type": "Feature", "properties": {"grade": "C", "cat": "Definitely Declining", "city": "Oakland", "label": "C29"}, "geometry": {"type": "MultiPolygon", "coordinates": [[[[-122.14638, 37.74248], [-122.14598, 37.74199], [-122.14568, 37.74157], [-122.1467, 37.74135], [-122.14888, 37.74078], [-122.14961, 37.74058], [-122.15207, 37.73989], [-122.15498, 37.73904], [-122.155025, 37.739104], [-122.155015, 37.739106], [-122.154776, 37.739171], [-122.15375, 37.739453], [-122.153409, 37.739548], [-122.153117, 37.739628], [-122.152242, 37.73987], [-122.151951, 37.739952], [-122.15179, 37.739997], [-122.15131, 37.740132], [-122.15115, 37.740178], [-122.150957, 37.74023], [-122.150379, 37.740386], [-122.150187, 37.740439], [-122.149894, 37.740521], [-122.149541, 37.740622], [-122.149018, 37.740779], [-122.148962, 37.740796], [-122.148725, 37.740859], [-122.148558, 37.740874], [-122.14848, 37.740888], [-122.148433, 37.740898], [-122.147907, 37.741061], [-122.147772, 37.741104], [-122.14767, 37.741138], [-122.147545, 37.7412], [-122.147521, 37.741216], [-122.147503, 37.741229], [-122.147457, 37.74127], [-122.147436, 37.741289], [-122.147351, 37.741365], [-122.147337, 37.741381], [-122.147076, 37.741695], [-122.14699, 37.7418], [-122.14689, 37.741936], [-122.146721, 37.74217], [-122.146609, 37.742354], [-122.146522, 37.742499], [-122.146434, 37.742556], [-122.14638, 37.74248]]]]}}, {"type": "Feature", "properties": {"grade": "C", "cat": "Definitely Declining", "city": "Oakland", "label": "C3"}, "geometry": {"type": "MultiPolygon", "coordinates": [[[[-122.29557, 37.88303], [-122.29447, 37.88293], [-122.294075, 37.882859], [-122.294243, 37.882669], [-122.294446, 37.882578], [-122.294553, 37.882662], [-122.29464, 37.882683], [-122.294681, 37.882691], [-122.294857, 37.882714], [-122.295148, 37.882838], [-122.295196, 37.882845], [-122.295657, 37.882907], [-122.295954, 37.882944], [-122.296092, 37.883048], [-122.29557, 37.88303]]]]}}, {"type": "Feature", "properties": {"grade": "C", "cat": "Definitely Declining", "city": "Oakland", "label": "C3"}, "geometry": {"type": "MultiPolygon", "coordinates": [[[[-122.29397, 37.88284], [-122.2929, 37.88265], [-122.29198, 37.8826], [-122.29115, 37.88265], [-122.29026, 37.88272], [-122.28954, 37.88288], [-122.28858, 37.88254], [-122.28808, 37.88249], [-122.28749, 37.88251], [-122.28684, 37.88224], [-122.2862, 37.88217], [-122.28561, 37.88223], [-122.2849, 37.88238], [-122.28613, 37.87943], [-122.28768, 37.87849], [-122.28721, 37.87753], [-122.28677, 37.87664], [-122.28285, 37.87694], [-122.282814, 37.876658], [-122.283069, 37.876639], [-122.283245, 37.876615], [-122.28351, 37.876579], [-122.284597, 37.876438], [-122.284869, 37.876403], [-122.285047, 37.876374], [-122.285163, 37.876355], [-122.285277, 37.876341], [-122.285391, 37.876329], [-122.285576, 37.876326], [-122.285973, 37.876297], [-122.286008, 37.876295], [-122.286205, 37.876271], [-122.286309, 37.876256], [-122.286625, 37.876214], [-122.28673, 37.8762], [-122.286892, 37.876179], [-122.287379, 37.87612], [-122.287542, 37.876101], [-122.287799, 37.876069], [-122.287945, 37.876052], [-122.288564, 37.875929], [-122.28871, 37.875901], [-122.288817, 37.875872], [-122.289008, 37.875848], [-122.289581, 37.875779], [-122.289773, 37.875756], [-122.289945, 37.875733], [-122.290462, 37.875666], [-122.290635, 37.875644], [-122.290807, 37.875621], [-122.291327, 37.875552], [-122.2915, 37.87553], [-122.291671, 37.875507], [-122.292184, 37.875442], [-122.292356, 37.87542], [-122.29252, 37.875395], [-122.293013, 37.875324], [-122.29313, 37.875307], [-122.293168, 37.875275], [-122.294025, 37.875184], [-122.29509, 37.87859], [-122.29646, 37.88305], [-122.29614, 37.88305], [-122.296092, 37.883048], [-122.295954, 37.882944], [-122.295657, 37.882907], [-122.295196, 37.882845], [-122.295148, 37.882838], [-122.294857, 37.882714], [-122.294681, 37.882691], [-122.29464, 37.882683], [-122.294553, 37.882662], [-122.294446, 37.882578], [-122.294243, 37.882669], [-122.294075, 37.882859], [-122.29397, 37.88284]], [[-122.28988, 37.88204], [-122.29071, 37.88004], [-122.28837, 37.87954], [-122.28762, 37.88148], [-122.28988, 37.88204]]]]}}, {"type": "Feature", "properties": {"grade": "C", "cat": "Definitely Declining", "city": "Oakland", "label": "C3"}, "geometry": {"type": "MultiPolygon", "coordinates": [[[[-122.29281, 37.87163], [-122.29378, 37.8744], [-122.294025, 37.875184], [-122.293168, 37.875275], [-122.29313, 37.875307], [-122.293013, 37.875324], [-122.29252, 37.875395], [-122.292356, 37.87542], [-122.292184, 37.875442], [-122.291671, 37.875507], [-122.2915, 37.87553], [-122.291327, 37.875552], [-122.290807, 37.875621], [-122.290635, 37.875644], [-122.290462, 37.875666], [-122.289945, 37.875733], [-122.289773, 37.875756], [-122.289581, 37.875779], [-122.289008, 37.875848], [-122.288817, 37.875872], [-122.28871, 37.875901], [-122.288564, 37.875929], [-122.287945, 37.876052], [-122.287799, 37.876069], [-122.287542, 37.876101], [-122.287379, 37.87612], [-122.286892, 37.876179], [-122.28673, 37.8762], [-122.286625, 37.876214], [-122.286309, 37.876256], [-122.286205, 37.876271], [-122.286008, 37.876295], [-122.285973, 37.876297], [-122.285576, 37.876326], [-122.285391, 37.876329], [-122.285277, 37.876341], [-122.285163, 37.876355], [-122.285047, 37.876374], [-122.284869, 37.876403], [-122.284597, 37.876438], [-122.28351, 37.876579], [-122.283245, 37.876615], [-122.283069, 37.876639], [-122.282814, 37.876658], [-122.28269, 37.87569], [-122.282415, 37.873524], [-122.282405, 37.873406], [-122.282378, 37.873204], [-122.282364, 37.87309], [-122.282356, 37.873018], [-122.282355, 37.873009], [-122.29281, 37.87163]]]]}}, {"type": "Feature", "properties": {"grade": "C", "cat": "Definitely Declining", "city": "Oakland", "label": "C3"}, "geometry": {"type": "MultiPolygon", "coordinates": [[[[-122.28235, 37.87301], [-122.282355, 37.873009], [-122.282356, 37.873018], [-122.282364, 37.87309], [-122.282378, 37.873204], [-122.282405, 37.873406], [-122.282415, 37.873524], [-122.28235, 37.87301]]]]}}, {"type": "Feature", "properties": {"grade": "C", "cat": "Definitely Declining", "city": "Oakland", "label": "C30"}, "geometry": {"type": "MultiPolygon", "coordinates": [[[[-122.17054, 37.76014], [-122.170472, 37.760049], [-122.170547, 37.759996], [-122.170628, 37.760101], [-122.17054, 37.76014]]]]}}, {"type": "Feature", "properties": {"grade": "C", "cat": "Definitely Declining", "city": "Oakland", "label": "C30"}, "geometry": {"type": "MultiPolygon", "coordinates": [[[[-122.1818, 37.76242], [-122.18252, 37.76193], [-122.18083, 37.76015], [-122.17946, 37.75889], [-122.17896, 37.7587], [-122.17676, 37.75972], [-122.17666, 37.75913], [-122.17565, 37.75782], [-122.1722, 37.7594], [-122.170628, 37.760101], [-122.170547, 37.759996], [-122.172188, 37.759199], [-122.172296, 37.75915], [-122.173998, 37.758317], [-122.175717, 37.757495], [-122.176058, 37.757328], [-122.177084, 37.756828], [-122.177253, 37.756746], [-122.17831, 37.75815], [-122.18023, 37.75866], [-122.185051, 37.760697], [-122.184685, 37.760935], [-122.184509, 37.761044], [-122.183981, 37.761374], [-122.183806, 37.761484], [-122.183616, 37.761605], [-122.183045, 37.76197], [-122.182856, 37.762092], [-122.182799, 37.762127], [-122.18263, 37.762232], [-122.182574, 37.762268], [-122.182015, 37.762631], [-122.1818, 37.76242]]]]}}, {"type": "Feature", "properties": {"grade": "C", "cat": "Definitely Declining", "city": "Oakland", "label": "C30"}, "geometry": {"type": "MultiPolygon", "coordinates": [[[[-122.18527, 37.76079], [-122.18719, 37.76138], [-122.18725, 37.7616], [-122.18348, 37.76407], [-122.182015, 37.762631], [-122.182574, 37.762268], [-122.18263, 37.762232], [-122.182799, 37.762127], [-122.182856, 37.762092], [-122.183045, 37.76197], [-122.183616, 37.761605], [-122.183806, 37.761484], [-122.183981, 37.761374], [-122.184509, 37.761044], [-122.184685, 37.760935], [-122.185051, 37.760697], [-122.18527, 37.76079]]]]}}, {"type": "Feature", "properties": {"grade": "C", "cat": "Definitely Declining", "city": "Oakland", "label": "C30"}, "geometry": {"type": "MultiPolygon", "coordinates": [[[[-122.17456, 37.75317], [-122.177253, 37.756746], [-122.177084, 37.756828], [-122.176058, 37.757328], [-122.175717, 37.757495], [-122.173998, 37.758317], [-122.172296, 37.75915], [-122.171679, 37.758355], [-122.17112, 37.757601], [-122.171005, 37.757444], [-122.170662, 37.756975], [-122.170548, 37.756819], [-122.170433, 37.756664], [-122.170091, 37.756199], [-122.169977, 37.756045], [-122.169887, 37.75592], [-122.16962, 37.755546], [-122.169531, 37.755422], [-122.169504, 37.755386], [-122.17456, 37.75317]]], [[[-122.1708, 37.74911], [-122.16976, 37.74963], [-122.17024, 37.75023], [-122.16937, 37.75068], [-122.17011, 37.75179], [-122.167637, 37.752878], [-122.167571, 37.752785], [-122.16763, 37.752757], [-122.167808, 37.752675], [-122.167868, 37.752648], [-122.167829, 37.752595], [-122.167215, 37.751742], [-122.168291, 37.75126], [-122.168061, 37.750949], [-122.167374, 37.750019], [-122.167145, 37.749709], [-122.167362, 37.74961], [-122.168014, 37.749314], [-122.168232, 37.749216], [-122.168446, 37.749115], [-122.169088, 37.748814], [-122.169303, 37.748714], [-122.169517, 37.748614], [-122.17016, 37.748316], [-122.170253, 37.748273], [-122.1708, 37.74911]]]]}}, {"type": "Feature", "properties": {"grade": "C", "cat": "Definitely Declining", "city": "Oakland", "label": "C30"}, "geometry": {"type": "MultiPolygon", "coordinates": [[[[-122.16702, 37.75315], [-122.1689, 37.75565], [-122.169504, 37.755386], [-122.169531, 37.755422], [-122.16962, 37.755546], [-122.169887, 37.75592], [-122.169977, 37.756045], [-122.170091, 37.756199], [-122.170433, 37.756664], [-122.170548, 37.756819], [-122.170662, 37.756975], [-122.171005, 37.757444], [-122.17112, 37.757601], [-122.171679, 37.758355], [-122.172296, 37.75915], [-122.172188, 37.759199], [-122.170547, 37.759996], [-122.170472, 37.760049], [-122.16592, 37.75397], [-122.163939, 37.751241], [-122.164044, 37.75119], [-122.164238, 37.751093], [-122.16482, 37.750806], [-122.165014, 37.75071], [-122.165196, 37.750623], [-122.165744, 37.750366], [-122.165817, 37.750332], [-122.165928, 37.750282], [-122.165956, 37.750268], [-122.166042, 37.750229], [-122.166071, 37.750217], [-122.166285, 37.750115], [-122.16693, 37.74981], [-122.167145, 37.749709], [-122.167374, 37.750019], [-122.168061, 37.750949], [-122.168291, 37.75126], [-122.167215, 37.751742], [-122.167829, 37.752595], [-122.167868, 37.752648], [-122.167808, 37.752675], [-122.16763, 37.752757], [-122.167571, 37.752785], [-122.167637, 37.752878], [-122.16702, 37.75315]]]]}}, {"type": "Feature", "properties": {"grade": "C", "cat": "Definitely Declining", "city": "Oakland", "label": "C30"}, "geometry": {"type": "MultiPolygon", "coordinates": [[[[-122.15868, 37.74432], [-122.15681, 37.74163], [-122.155025, 37.739104], [-122.155119, 37.739082], [-122.155203, 37.739201], [-122.155458, 37.73956], [-122.155543, 37.73968], [-122.155637, 37.739802], [-122.155922, 37.740169], [-122.156017, 37.740292], [-122.156108, 37.740412], [-122.156381, 37.740772], [-122.156473, 37.740892], [-122.156568, 37.741019], [-122.15669, 37.741169], [-122.156849, 37.741355], [-122.156867, 37.74138], [-122.156962, 37.741506], [-122.157005, 37.741586], [-122.157149, 37.741805], [-122.157589, 37.742475], [-122.157742, 37.742682], [-122.157953, 37.742966], [-122.158042, 37.743087], [-122.158312, 37.74345], [-122.158402, 37.743572], [-122.15849, 37.743688], [-122.158754, 37.744039], [-122.158842, 37.744156], [-122.158927, 37.74427], [-122.159182, 37.744614], [-122.159267, 37.744729], [-122.159314, 37.744793], [-122.159458, 37.744985], [-122.159506, 37.745049], [-122.159666, 37.745264], [-122.160146, 37.745909], [-122.160307, 37.746125], [-122.160453, 37.746324], [-122.160885, 37.746912], [-122.15868, 37.74432]]], [[[-122.1629, 37.74981], [-122.161101, 37.747205], [-122.161239, 37.747392], [-122.161833, 37.748196], [-122.161963, 37.748372], [-122.162032, 37.748465], [-122.162224, 37.748725], [-122.1628, 37.749508], [-122.162993, 37.749769], [-122.163203, 37.750053], [-122.163833, 37.750905], [-122.164044, 37.75119], [-122.163939, 37.751241], [-122.1629, 37.74981]]]]}}, {"type": "Feature", "properties": {"grade": "C", "cat": "Definitely Declining", "city": "Oakland", "label": "C30"}, "geometry": {"type": "MultiPolygon", "coordinates": [[[[-122.16688, 37.74347], [-122.16765, 37.74468], [-122.1691, 37.74651], [-122.170253, 37.748273], [-122.17016, 37.748316], [-122.169517, 37.748614], [-122.169303, 37.748714], [-122.169088, 37.748814], [-122.168446, 37.749115], [-122.168232, 37.749216], [-122.168014, 37.749314], [-122.167362, 37.74961], [-122.167145, 37.749709], [-122.16693, 37.74981], [-122.166285, 37.750115], [-122.166071, 37.750217], [-122.166042, 37.750229], [-122.165956, 37.750268], [-122.165928, 37.750282], [-122.165817, 37.750332], [-122.165744, 37.750366], [-122.165196, 37.750623], [-122.165014, 37.75071], [-122.16482, 37.750806], [-122.164238, 37.751093], [-122.164044, 37.75119], [-122.163833, 37.750905], [-122.163203, 37.750053], [-122.162993, 37.749769], [-122.1628, 37.749508], [-122.162224, 37.748725], [-122.162032, 37.748465], [-122.161963, 37.748372], [-122.161833, 37.748196], [-122.161239, 37.747392], [-122.161101, 37.747205], [-122.16096, 37.747], [-122.160885, 37.746912], [-122.160453, 37.746324], [-122.160307, 37.746125], [-122.160146, 37.745909], [-122.159666, 37.745264], [-122.159506, 37.745049], [-122.159762, 37.745054], [-122.160431, 37.745069], [-122.16053, 37.74505], [-122.16056, 37.745045], [-122.16078, 37.744992], [-122.16102, 37.744929], [-122.16174, 37.744741], [-122.161981, 37.744679], [-122.162225, 37.744611], [-122.16296, 37.74441], [-122.163205, 37.744343], [-122.163437, 37.744276], [-122.164133, 37.744077], [-122.164366, 37.744011], [-122.164616, 37.743951], [-122.165368, 37.743774], [-122.165619, 37.743715], [-122.165882, 37.743646], [-122.166673, 37.743441], [-122.166851, 37.743395], [-122.16688, 37.74347]]]]}}, {"type": "Feature", "properties": {"grade": "C", "cat": "Definitely Declining", "city": "Oakland", "label": "C30"}, "geometry": {"type": "MultiPolygon", "coordinates": [[[[-122.15723, 37.73892], [-122.15946, 37.74192], [-122.16038, 37.74124], [-122.16305, 37.74053], [-122.16319, 37.74049], [-122.16401, 37.74003], [-122.1646, 37.74184], [-122.1661, 37.74148], [-122.166851, 37.743395], [-122.166673, 37.743441], [-122.165882, 37.743646], [-122.165619, 37.743715], [-122.165368, 37.743774], [-122.164616, 37.743951], [-122.164366, 37.744011], [-122.164133, 37.744077], [-122.163437, 37.744276], [-122.163205, 37.744343], [-122.16296, 37.74441], [-122.162225, 37.744611], [-122.161981, 37.744679], [-122.16174, 37.744741], [-122.16102, 37.744929], [-122.16078, 37.744992], [-122.16056, 37.745045], [-122.16053, 37.74505], [-122.160431, 37.745069], [-122.159762, 37.745054], [-122.159506, 37.745049], [-122.159458, 37.744985], [-122.159314, 37.744793], [-122.159267, 37.744729], [-122.159182, 37.744614], [-122.158927, 37.74427], [-122.158842, 37.744156], [-122.158754, 37.744039], [-122.15849, 37.743688], [-122.158402, 37.743572], [-122.158312, 37.74345], [-122.158042, 37.743087], [-122.157953, 37.742966], [-122.157742, 37.742682], [-122.157589, 37.742475], [-122.157149, 37.741805], [-122.157005, 37.741586], [-122.156962, 37.741506], [-122.156867, 37.74138], [-122.156849, 37.741355], [-122.15669, 37.741169], [-122.156568, 37.741019], [-122.156473, 37.740892], [-122.156381, 37.740772], [-122.156108, 37.740412], [-122.156017, 37.740292], [-122.155922, 37.740169], [-122.155637, 37.739802], [-122.155543, 37.73968], [-122.155458, 37.73956], [-122.155203, 37.739201], [-122.155119, 37.739082], [-122.157024, 37.738548], [-122.157103, 37.738525], [-122.15723, 37.73892]]]]}}, {"type": "Feature", "properties": {"grade": "C", "cat": "Definitely Declining", "city": "Oakland", "label": "C30"}, "geometry": {"type": "MultiPolygon", "coordinates": [[[[-122.15498, 37.73904], [-122.155067, 37.739013], [-122.155119, 37.739082], [-122.155025, 37.739104], [-122.15498, 37.73904]]]]}}, {"type": "Feature", "properties": {"grade": "C", "cat": "Definitely Declining", "city": "Oakland", "label": "C30"}, "geometry": {"type": "MultiPolygon", "coordinates": [[[[-122.15706, 37.73839], [-122.157103, 37.738525], [-122.157024, 37.738548], [-122.155119, 37.739082], [-122.155067, 37.739013], [-122.15706, 37.73839]]]]}}, {"type": "Feature", "properties": {"grade": "C", "cat": "Definitely Declining", "city": "Oakland", "label": "C31"}, "geometry": {"type": "MultiPolygon", "coordinates": [[[[-122.14888, 37.74078], [-122.1467, 37.74135], [-122.14568, 37.74157], [-122.14468, 37.74042], [-122.144, 37.73965], [-122.14348, 37.73893], [-122.1428, 37.73786], [-122.14386, 37.73836], [-122.14487, 37.73884], [-122.14571, 37.73912], [-122.14694, 37.73914], [-122.1477, 37.739], [-122.14922, 37.73852], [-122.14966, 37.73991], [-122.14961, 37.74058], [-122.14888, 37.74078]]]]}}, {"type": "Feature", "properties": {"grade": "C", "cat": "Definitely Declining", "city": "Oakland", "label": "C32"}, "geometry": {"type": "MultiPolygon", "coordinates": [[[[-122.14027, 37.73725], [-122.13981, 37.73697], [-122.13947, 37.73652], [-122.13938, 37.73604], [-122.13939, 37.73526], [-122.13932, 37.73509], [-122.13918, 37.73478], [-122.13915, 37.73437], [-122.139858, 37.734354], [-122.139878, 37.734436], [-122.139886, 37.73447], [-122.139891, 37.734492], [-122.140094, 37.735429], [-122.140208, 37.735905], [-122.140243, 37.736051], [-122.140289, 37.736237], [-122.140371, 37.736461], [-122.140468, 37.736703], [-122.140612, 37.737004], [-122.14071, 37.737182], [-122.140772, 37.737282], [-122.140889, 37.737441], [-122.14027, 37.73725]]]]}}, {"type": "Feature", "properties": {"grade": "C", "cat": "Definitely Declining", "city": "Oakland", "label": "C32"}, "geometry": {"type": "MultiPolygon", "coordinates": [[[[-122.14734, 37.73418], [-122.14799, 37.73406], [-122.15094, 37.73353], [-122.15498, 37.73904], [-122.15207, 37.73989], [-122.14961, 37.74058], [-122.14966, 37.73991], [-122.14922, 37.73852], [-122.1477, 37.739], [-122.14694, 37.73914], [-122.14571, 37.73912], [-122.14487, 37.73884], [-122.14386, 37.73836], [-122.1428, 37.73786], [-122.14204, 37.73779], [-122.14137, 37.73759], [-122.140889, 37.737441], [-122.140772, 37.737282], [-122.14071, 37.737182], [-122.140612, 37.737004], [-122.140468, 37.736703], [-122.140371, 37.736461], [-122.140289, 37.736237], [-122.140243, 37.736051], [-122.140208, 37.735905], [-122.140094, 37.735429], [-122.139891, 37.734492], [-122.139886, 37.73447], [-122.139878, 37.734436], [-122.139858, 37.734354], [-122.14734, 37.73418]]]]}}, {"type": "Feature", "properties": {"grade": "C", "cat": "Definitely Declining", "city": "Oakland", "label": "C33"}, "geometry": {"type": "MultiPolygon", "coordinates": [[[[-122.14952, 37.72851], [-122.149441, 37.728563], [-122.149514, 37.728499], [-122.149632, 37.728411], [-122.149798, 37.728339], [-122.149918, 37.728307], [-122.14952, 37.72851]]], [[[-122.15392, 37.72804], [-122.153706, 37.728067], [-122.153755, 37.728049], [-122.153889, 37.728021], [-122.153926, 37.728013], [-122.15399, 37.728], [-122.15404, 37.727996], [-122.154079, 37.727993], [-122.154191, 37.727984], [-122.154312, 37.727995], [-122.15392, 37.72804]]], [[[-122.15695, 37.72766], [-122.156706, 37.727796], [-122.156709, 37.727787], [-122.156764, 37.727699], [-122.156847, 37.727616], [-122.156863, 37.727597], [-122.156963, 37.727481], [-122.15695, 37.72766]]]]}}, {"type": "Feature", "properties": {"grade": "C", "cat": "Definitely Declining", "city": "Oakland", "label": "C33"}, "geometry": {"type": "MultiPolygon", "coordinates": [[[[-122.15158, 37.71743], [-122.15675, 37.7257], [-122.15359, 37.723397], [-122.153349, 37.723218], [-122.153046, 37.722995], [-122.152851, 37.722852], [-122.152829, 37.722836], [-122.152766, 37.722789], [-122.152745, 37.722774], [-122.152564, 37.722637], [-122.152024, 37.722226], [-122.151844, 37.722089], [-122.151668, 37.721962], [-122.150852, 37.721364], [-122.150758, 37.721288], [-122.149896, 37.720633], [-122.149724, 37.72051], [-122.148935, 37.719914], [-122.148636, 37.719698], [-122.148502, 37.7196], [-122.148101, 37.719308], [-122.147968, 37.719211], [-122.148023, 37.719187], [-122.148366, 37.719043], [-122.149561, 37.718544], [-122.14996, 37.718378], [-122.150131, 37.718306], [-122.150644, 37.71809], [-122.150816, 37.718019], [-122.15098, 37.717953], [-122.151473, 37.717757], [-122.151574, 37.717718], [-122.151638, 37.717692], [-122.15154, 37.717541], [-122.15149, 37.717464], [-122.15158, 37.71743]]]]}}, {"type": "Feature", "properties": {"grade": "C", "cat": "Definitely Declining", "city": "Oakland", "label": "C33"}, "geometry": {"type": "MultiPolygon", "coordinates": [[[[-122.148548, 37.719722], [-122.148636, 37.719698], [-122.148935, 37.719914], [-122.149724, 37.72051], [-122.149896, 37.720633], [-122.150758, 37.721288], [-122.150852, 37.721364], [-122.151668, 37.721962], [-122.151844, 37.722089], [-122.152024, 37.722226], [-122.152564, 37.722637], [-122.152745, 37.722774], [-122.152766, 37.722789], [-122.152829, 37.722836], [-122.152851, 37.722852], [-122.153046, 37.722995], [-122.153349, 37.723218], [-122.15359, 37.723397], [-122.148548, 37.719722]]], [[[-122.14888, 37.72894], [-122.148632, 37.72889], [-122.148375, 37.728278], [-122.148314, 37.728132], [-122.148286, 37.728064], [-122.148206, 37.727882], [-122.147967, 37.727337], [-122.147917, 37.727223], [-122.147888, 37.727156], [-122.147813, 37.726982], [-122.147591, 37.726461], [-122.147517, 37.726288], [-122.147438, 37.726109], [-122.147203, 37.725573], [-122.147125, 37.725395], [-122.147046, 37.725214], [-122.146809, 37.724673], [-122.146731, 37.724493], [-122.146653, 37.724312], [-122.146422, 37.723771], [-122.146345, 37.723591], [-122.145925, 37.722617], [-122.145496, 37.72167], [-122.145413, 37.721472], [-122.14508, 37.720682], [-122.145791, 37.720484], [-122.147809, 37.719926], [-122.15608, 37.72594], [-122.15738, 37.72689], [-122.15712, 37.72707], [-122.15698, 37.72726], [-122.156963, 37.727481], [-122.156863, 37.727597], [-122.156847, 37.727616], [-122.156764, 37.727699], [-122.156709, 37.727787], [-122.156706, 37.727796], [-122.15618, 37.72809], [-122.1553, 37.728], [-122.1547, 37.72795], [-122.154312, 37.727995], [-122.154191, 37.727984], [-122.154079, 37.727993], [-122.15404, 37.727996], [-122.15399, 37.728], [-122.153926, 37.728013], [-122.153889, 37.728021], [-122.153755, 37.728049], [-122.153706, 37.728067], [-122.15249, 37.72822], [-122.15109, 37.72822], [-122.15007, 37.72823], [-122.149918, 37.728307], [-122.149798, 37.728339], [-122.149632, 37.728411], [-122.149514, 37.728499], [-122.149441, 37.728563], [-122.14888, 37.72894]]]]}}, {"type": "Feature", "properties": {"grade": "C", "cat": "Definitely Declining", "city": "Oakland", "label": "C33"}, "geometry": {"type": "MultiPolygon", "coordinates": [[[[-122.14834, 37.72883], [-122.14718, 37.72649], [-122.1454, 37.72692], [-122.14535, 37.72681], [-122.13855, 37.72854], [-122.13897, 37.72829], [-122.13925, 37.72788], [-122.13933, 37.72757], [-122.1394, 37.72715], [-122.13934, 37.72645], [-122.13922, 37.726], [-122.13906, 37.72571], [-122.1388, 37.72533], [-122.13823, 37.72489], [-122.13737, 37.72442], [-122.136993, 37.724218], [-122.13695, 37.724144], [-122.136769, 37.723891], [-122.137302, 37.723716], [-122.137423, 37.723873], [-122.13751, 37.723876], [-122.137533, 37.723869], [-122.137857, 37.723783], [-122.137965, 37.723755], [-122.138143, 37.723706], [-122.138679, 37.72356], [-122.138858, 37.723512], [-122.139292, 37.723395], [-122.140435, 37.723088], [-122.140595, 37.723042], [-122.141028, 37.722921], [-122.141081, 37.722906], [-122.141243, 37.722861], [-122.141297, 37.722847], [-122.1414, 37.722818], [-122.141712, 37.722732], [-122.141816, 37.722704], [-122.141964, 37.722664], [-122.142412, 37.722546], [-122.142561, 37.722507], [-122.14273, 37.72246], [-122.143238, 37.72232], [-122.143408, 37.722274], [-122.143521, 37.722242], [-122.14386, 37.722147], [-122.143974, 37.722116], [-122.144111, 37.722079], [-122.144523, 37.72197], [-122.144661, 37.721934], [-122.144831, 37.721887], [-122.145343, 37.721747], [-122.145449, 37.721719], [-122.145496, 37.72167], [-122.145925, 37.722617], [-122.146345, 37.723591], [-122.146422, 37.723771], [-122.146653, 37.724312], [-122.146731, 37.724493], [-122.146809, 37.724673], [-122.147046, 37.725214], [-122.147125, 37.725395], [-122.147203, 37.725573], [-122.147438, 37.726109], [-122.147517, 37.726288], [-122.147591, 37.726461], [-122.147813, 37.726982], [-122.147888, 37.727156], [-122.147917, 37.727223], [-122.147967, 37.727337], [-122.148206, 37.727882], [-122.148286, 37.728064], [-122.148314, 37.728132], [-122.148375, 37.728278], [-122.148632, 37.72889], [-122.14834, 37.72883]]]]}}, {"type": "Feature", "properties": {"grade": "C", "cat": "Definitely Declining", "city": "Oakland", "label": "C33"}, "geometry": {"type": "MultiPolygon", "coordinates": [[[[-122.13653, 37.72397], [-122.136769, 37.723891], [-122.13695, 37.724144], [-122.136993, 37.724218], [-122.13653, 37.72397]]]]}}, {"type": "Feature", "properties": {"grade": "C", "cat": "Definitely Declining", "city": "Oakland", "label": "C33"}, "geometry": {"type": "MultiPolygon", "coordinates": [[[[-122.13738, 37.72369], [-122.14132, 37.72271], [-122.14382, 37.72197], [-122.14526, 37.72144], [-122.1438, 37.71829], [-122.143966, 37.718196], [-122.143978, 37.718213], [-122.144033, 37.718299], [-122.144145, 37.718516], [-122.144219, 37.718686], [-122.14427, 37.718801], [-122.14435, 37.718982], [-122.144421, 37.71915], [-122.144471, 37.719267], [-122.144592, 37.719549], [-122.144617, 37.719606], [-122.144958, 37.720398], [-122.14508, 37.720682], [-122.145413, 37.721472], [-122.145496, 37.72167], [-122.145449, 37.721719], [-122.145343, 37.721747], [-122.144831, 37.721887], [-122.144661, 37.721934], [-122.144523, 37.72197], [-122.144111, 37.722079], [-122.143974, 37.722116], [-122.14386, 37.722147], [-122.143521, 37.722242], [-122.143408, 37.722274], [-122.143238, 37.72232], [-122.14273, 37.72246], [-122.142561, 37.722507], [-122.142412, 37.722546], [-122.141964, 37.722664], [-122.141816, 37.722704], [-122.141712, 37.722732], [-122.1414, 37.722818], [-122.141297, 37.722847], [-122.141243, 37.722861], [-122.141081, 37.722906], [-122.141028, 37.722921], [-122.140595, 37.723042], [-122.140435, 37.723088], [-122.139292, 37.723395], [-122.138858, 37.723512], [-122.138679, 37.72356], [-122.138143, 37.723706], [-122.137965, 37.723755], [-122.137857, 37.723783], [-122.137533, 37.723869], [-122.13751, 37.723876], [-122.137423, 37.723873], [-122.137302, 37.723716], [-122.13738, 37.72369]]]]}}, {"type": "Feature", "properties": {"grade": "C", "cat": "Definitely Declining", "city": "Oakland", "label": "C33"}, "geometry": {"type": "MultiPolygon", "coordinates": [[[[-122.14753, 37.71898], [-122.15149, 37.717464], [-122.15154, 37.717541], [-122.151638, 37.717692], [-122.151574, 37.717718], [-122.151473, 37.717757], [-122.15098, 37.717953], [-122.150816, 37.718019], [-122.150644, 37.71809], [-122.150131, 37.718306], [-122.14996, 37.718378], [-122.149561, 37.718544], [-122.148366, 37.719043], [-122.148023, 37.719187], [-122.147968, 37.719211], [-122.148101, 37.719308], [-122.148502, 37.7196], [-122.148636, 37.719698], [-122.148548, 37.719722], [-122.14753, 37.71898]]], [[[-122.14479, 37.71773], [-122.147809, 37.719926], [-122.145791, 37.720484], [-122.14508, 37.720682], [-122.144958, 37.720398], [-122.144617, 37.719606], [-122.144592, 37.719549], [-122.144471, 37.719267], [-122.144421, 37.71915], [-122.14435, 37.718982], [-122.14427, 37.718801], [-122.144219, 37.718686], [-122.144145, 37.718516], [-122.144033, 37.718299], [-122.143978, 37.718213], [-122.143966, 37.718196], [-122.14479, 37.71773]]]]}}, {"type": "Feature", "properties": {"grade": "C", "cat": "Definitely Declining", "city": "Oakland", "label": "C34"}, "geometry": {"type": "MultiPolygon", "coordinates": [[[[-122.28968, 37.77501], [-122.28968, 37.7745], [-122.28918, 37.77409], [-122.28866, 37.77375], [-122.28797, 37.77362], [-122.2879, 37.77285], [-122.28443, 37.7727], [-122.28456, 37.77148], [-122.28461, 37.77104], [-122.28521, 37.77113], [-122.28601, 37.77137], [-122.2872, 37.77158], [-122.288, 37.77186], [-122.28892, 37.77233], [-122.28936, 37.77254], [-122.29043, 37.77311], [-122.290732, 37.773329], [-122.290729, 37.773983], [-122.290742, 37.773996], [-122.290762, 37.774021], [-122.290858, 37.774141], [-122.29089, 37.774181], [-122.290982, 37.774332], [-122.290993, 37.774356], [-122.291053, 37.774483], [-122.291115, 37.774694], [-122.291141, 37.774804], [-122.291152, 37.774924], [-122.291152, 37.77494], [-122.291152, 37.775066], [-122.28968, 37.77501]]]]}}, {"type": "Feature", "properties": {"grade": "C", "cat": "Definitely Declining", "city": "Oakland", "label": "C34"}, "geometry": {"type": "MultiPolygon", "coordinates": [[[[-122.29156, 37.77393], [-122.29213, 37.77452], [-122.29308, 37.77514], [-122.291152, 37.775066], [-122.291152, 37.77494], [-122.291152, 37.774924], [-122.291141, 37.774804], [-122.291115, 37.774694], [-122.291053, 37.774483], [-122.290993, 37.774356], [-122.290982, 37.774332], [-122.29089, 37.774181], [-122.290858, 37.774141], [-122.290762, 37.774021], [-122.290742, 37.773996], [-122.290729, 37.773983], [-122.290732, 37.773329], [-122.29156, 37.77393]]]]}}, {"type": "Feature", "properties": {"grade": "C", "cat": "Definitely Declining", "city": "Oakland", "label": "C35"}, "geometry": {"type": "MultiPolygon", "coordinates": [[[[-122.2864, 37.77928], [-122.28638, 37.77787], [-122.28567, 37.77784], [-122.28568, 37.77701], [-122.28231, 37.77694], [-122.28229, 37.77773], [-122.27713, 37.77757], [-122.277229, 37.775142], [-122.277306, 37.775143], [-122.277362, 37.775145], [-122.278836, 37.775191], [-122.279346, 37.775208], [-122.279646, 37.775216], [-122.280549, 37.77524], [-122.28085, 37.775248], [-122.281041, 37.775247], [-122.281616, 37.775246], [-122.281713, 37.775246], [-122.281808, 37.775248], [-122.281893, 37.775249], [-122.281911, 37.77525], [-122.28202, 37.775262], [-122.282217, 37.775292], [-122.282249, 37.775297], [-122.282318, 37.775316], [-122.28279, 37.775486], [-122.282891, 37.775523], [-122.284443, 37.776088], [-122.284613, 37.776141], [-122.28478, 37.776193], [-122.285089, 37.776265], [-122.285206, 37.776285], [-122.285324, 37.776295], [-122.28534, 37.776295], [-122.285745, 37.776316], [-122.285881, 37.776324], [-122.286317, 37.776335], [-122.286415, 37.776338], [-122.286499, 37.77634], [-122.286589, 37.776343], [-122.287624, 37.77637], [-122.288061, 37.776382], [-122.288255, 37.776387], [-122.288838, 37.776405], [-122.289033, 37.776411], [-122.289178, 37.776415], [-122.289622, 37.776429], [-122.289758, 37.776435], [-122.289821, 37.776437], [-122.290009, 37.776445], [-122.290077, 37.776444], [-122.290249, 37.776448], [-122.290583, 37.776456], [-122.290765, 37.776464], [-122.290937, 37.776473], [-122.290967, 37.776474], [-122.29101, 37.776477], [-122.291057, 37.776477], [-122.291088, 37.776478], [-122.291153, 37.776506], [-122.291228, 37.77655], [-122.291325, 37.776643], [-122.291348, 37.776678], [-122.291361, 37.776696], [-122.291382, 37.776757], [-122.291395, 37.776848], [-122.291395, 37.776936], [-122.291348, 37.777655], [-122.291346, 37.777671], [-122.291331, 37.777938], [-122.291329, 37.778006], [-122.291324, 37.77812], [-122.291319, 37.778267], [-122.291317, 37.778462], [-122.291317, 37.778577], [-122.291316, 37.778651], [-122.291331, 37.778858], [-122.291346, 37.77905], [-122.291374, 37.779405], [-122.2864, 37.77928]]]]}}, {"type": "Feature", "properties": {"grade": "C", "cat": "Definitely Declining", "city": "Oakland", "label": "C35"}, "geometry": {"type": "MultiPolygon", "coordinates": [[[[-122.27727, 37.77413], [-122.28435, 37.77428], [-122.28443, 37.7727], [-122.2879, 37.77285], [-122.28797, 37.77362], [-122.28866, 37.77375], [-122.28918, 37.77409], [-122.28968, 37.7745], [-122.28968, 37.77501], [-122.291152, 37.775066], [-122.291152, 37.775144], [-122.291138, 37.77541], [-122.2911, 37.776211], [-122.291088, 37.776478], [-122.291057, 37.776477], [-122.29101, 37.776477], [-122.290967, 37.776474], [-122.290937, 37.776473], [-122.290765, 37.776464], [-122.290583, 37.776456], [-122.290249, 37.776448], [-122.290077, 37.776444], [-122.290009, 37.776445], [-122.289821, 37.776437], [-122.289758, 37.776435], [-122.289622, 37.776429], [-122.289178, 37.776415], [-122.289033, 37.776411], [-122.288838, 37.776405], [-122.288255, 37.776387], [-122.288061, 37.776382], [-122.287624, 37.77637], [-122.286589, 37.776343], [-122.286499, 37.77634], [-122.286415, 37.776338], [-122.286317, 37.776335], [-122.285881, 37.776324], [-122.285745, 37.776316], [-122.28534, 37.776295], [-122.285324, 37.776295], [-122.285206, 37.776285], [-122.285089, 37.776265], [-122.28478, 37.776193], [-122.284613, 37.776141], [-122.284443, 37.776088], [-122.282891, 37.775523], [-122.28279, 37.775486], [-122.282318, 37.775316], [-122.282249, 37.775297], [-122.282217, 37.775292], [-122.28202, 37.775262], [-122.281911, 37.77525], [-122.281893, 37.775249], [-122.281808, 37.775248], [-122.281713, 37.775246], [-122.281616, 37.775246], [-122.281041, 37.775247], [-122.28085, 37.775248], [-122.280549, 37.77524], [-122.279646, 37.775216], [-122.279346, 37.775208], [-122.278836, 37.775191], [-122.277362, 37.775145], [-122.277306, 37.775143], [-122.277229, 37.775142], [-122.27727, 37.77413]]]]}}, {"type": "Feature", "properties": {"grade": "C", "cat": "Definitely Declining", "city": "Oakland", "label": "C35"}, "geometry": {"type": "MultiPolygon", "coordinates": [[[[-122.29308, 37.77514], [-122.29315, 37.77945], [-122.291374, 37.779405], [-122.291346, 37.77905], [-122.291331, 37.778858], [-122.291316, 37.778651], [-122.291317, 37.778577], [-122.291317, 37.778462], [-122.291319, 37.778267], [-122.291324, 37.77812], [-122.291329, 37.778006], [-122.291331, 37.777938], [-122.291346, 37.777671], [-122.291348, 37.777655], [-122.291395, 37.776936], [-122.291395, 37.776848], [-122.291382, 37.776757], [-122.291361, 37.776696], [-122.291348, 37.776678], [-122.291325, 37.776643], [-122.291228, 37.77655], [-122.291153, 37.776506], [-122.291088, 37.776478], [-122.2911, 37.776211], [-122.291138, 37.77541], [-122.291152, 37.775144], [-122.291152, 37.775066], [-122.29308, 37.77514]]]]}}, {"type": "Feature", "properties": {"grade": "C", "cat": "Definitely Declining", "city": "Oakland", "label": "C36"}, "geometry": {"type": "MultiPolygon", "coordinates": [[[[-122.28456, 37.77148], [-122.28443, 37.7727], [-122.28435, 37.77428], [-122.27727, 37.77413], [-122.277251, 37.771394], [-122.277951, 37.771413], [-122.278059, 37.771415], [-122.278362, 37.771424], [-122.278366, 37.771336], [-122.28456, 37.77148]]]]}}, {"type": "Feature", "properties": {"grade": "C", "cat": "Definitely Declining", "city": "Oakland", "label": "C36"}, "geometry": {"type": "MultiPolygon", "coordinates": [[[[-122.27616, 37.77412], [-122.27067, 37.77397], [-122.27069, 37.77305], [-122.27607, 37.77305], [-122.27616, 37.77412]]]]}}, {"type": "Feature", "properties": {"grade": "C", "cat": "Definitely Declining", "city": "Oakland", "label": "C36"}, "geometry": {"type": "MultiPolygon", "coordinates": [[[[-122.27725, 37.77131], [-122.278366, 37.771336], [-122.278362, 37.771424], [-122.278059, 37.771415], [-122.277951, 37.771413], [-122.277251, 37.771394], [-122.27725, 37.77131]]]]}}, {"type": "Feature", "properties": {"grade": "C", "cat": "Definitely Declining", "city": "Oakland", "label": "C37"}, "geometry": {"type": "MultiPolygon", "coordinates": [[[[-122.27621, 37.77641], [-122.2734, 37.77633], [-122.27338, 37.77714], [-122.26953, 37.77709], [-122.26953, 37.77528], [-122.26706, 37.77517], [-122.267085, 37.774883], [-122.267189, 37.774889], [-122.267343, 37.774894], [-122.267805, 37.774909], [-122.26796, 37.774914], [-122.268056, 37.774917], [-122.268345, 37.774926], [-122.268442, 37.77493], [-122.268576, 37.774935], [-122.26898, 37.77495], [-122.269115, 37.774956], [-122.269175, 37.774957], [-122.269356, 37.774963], [-122.269417, 37.774965], [-122.269621, 37.77497], [-122.270234, 37.774988], [-122.270439, 37.774994], [-122.270811, 37.775004], [-122.270903, 37.775005], [-122.272298, 37.775035], [-122.272677, 37.775044], [-122.272763, 37.775044], [-122.273314, 37.775058], [-122.274967, 37.775102], [-122.275519, 37.775117], [-122.275774, 37.775118], [-122.27608, 37.77512], [-122.276182, 37.775122], [-122.27621, 37.77641]]]]}}, {"type": "Feature", "properties": {"grade": "C", "cat": "Definitely Declining", "city": "Oakland", "label": "C37"}, "geometry": {"type": "MultiPolygon", "coordinates": [[[[-122.26725, 37.77297], [-122.26344, 37.77278], [-122.26352, 37.77113], [-122.26361, 37.76923], [-122.26798, 37.76929], [-122.268077, 37.767571], [-122.268279, 37.767666], [-122.268464, 37.767752], [-122.268788, 37.767867], [-122.269049, 37.767931], [-122.269148, 37.767955], [-122.269246, 37.767988], [-122.269439, 37.768054], [-122.269546, 37.768092], [-122.269805, 37.768186], [-122.270075, 37.768291], [-122.270359, 37.768456], [-122.270414, 37.768486], [-122.270608, 37.768593], [-122.270705, 37.768599], [-122.270817, 37.768595], [-122.270937, 37.768592], [-122.27269, 37.76925], [-122.27269, 37.77122], [-122.272879, 37.771224], [-122.272877, 37.771274], [-122.273319, 37.771289], [-122.273934, 37.77131], [-122.274645, 37.771336], [-122.275088, 37.771352], [-122.275344, 37.771358], [-122.275627, 37.771362], [-122.276051, 37.771369], [-122.276107, 37.77137], [-122.27607, 37.77305], [-122.27069, 37.77305], [-122.27067, 37.77397], [-122.27616, 37.77412], [-122.276182, 37.775122], [-122.27608, 37.77512], [-122.275774, 37.775118], [-122.275519, 37.775117], [-122.274967, 37.775102], [-122.273314, 37.775058], [-122.272763, 37.775044], [-122.272677, 37.775044], [-122.272298, 37.775035], [-122.270903, 37.775005], [-122.270811, 37.775004], [-122.270439, 37.774994], [-122.270234, 37.774988], [-122.269621, 37.77497], [-122.269417, 37.774965], [-122.269356, 37.774963], [-122.269175, 37.774957], [-122.269115, 37.774956], [-122.26898, 37.77495], [-122.268576, 37.774935], [-122.268442, 37.77493], [-122.268345, 37.774926], [-122.268056, 37.774917], [-122.26796, 37.774914], [-122.267805, 37.774909], [-122.267343, 37.774894], [-122.267189, 37.774889], [-122.267085, 37.774883], [-122.26725, 37.77297]]]]}}, {"type": "Feature", "properties": {"grade": "C", "cat": "Definitely Declining", "city": "Oakland", "label": "C37"}, "geometry": {"type": "MultiPolygon", "coordinates": [[[[-122.27542, 37.77128], [-122.2753, 37.76955], [-122.27614, 37.76983], [-122.276107, 37.77137], [-122.276051, 37.771369], [-122.275627, 37.771362], [-122.275344, 37.771358], [-122.275088, 37.771352], [-122.274645, 37.771336], [-122.273934, 37.77131], [-122.273319, 37.771289], [-122.272877, 37.771274], [-122.272879, 37.771224], [-122.27542, 37.77128]]], [[[-122.26808, 37.76752], [-122.270937, 37.768592], [-122.270817, 37.768595], [-122.270705, 37.768599], [-122.270608, 37.768593], [-122.270414, 37.768486], [-122.270359, 37.768456], [-122.270075, 37.768291], [-122.269805, 37.768186], [-122.269546, 37.768092], [-122.269439, 37.768054], [-122.269246, 37.767988], [-122.269148, 37.767955], [-122.269049, 37.767931], [-122.268788, 37.767867], [-122.268464, 37.767752], [-122.268279, 37.767666], [-122.268077, 37.767571], [-122.26808, 37.76752]]]]}}, {"type": "Feature", "properties": {"grade": "C", "cat": "Definitely Declining", "city": "Oakland", "label": "C38"}, "geometry": {"type": "MultiPolygon", "coordinates": [[[[-122.23949, 37.76683], [-122.23995, 37.76626], [-122.240006, 37.766194], [-122.240131, 37.766258], [-122.24056, 37.766465], [-122.240709, 37.76653], [-122.240792, 37.766583], [-122.240739, 37.766646], [-122.240676, 37.766718], [-122.24033, 37.767124], [-122.24027, 37.767195], [-122.23949, 37.76683]]]]}}, {"type": "Feature", "properties": {"grade": "C", "cat": "Definitely Declining", "city": "Oakland", "label": "C38"}, "geometry": {"type": "MultiPolygon", "coordinates": [[[[-122.25851, 37.7747], [-122.2528, 37.77223], [-122.25254, 37.77261], [-122.24867, 37.77101], [-122.24894, 37.77057], [-122.24585, 37.76923], [-122.24555, 37.76967], [-122.24027, 37.767195], [-122.24033, 37.767124], [-122.240676, 37.766718], [-122.240739, 37.766646], [-122.240792, 37.766583], [-122.240884, 37.766603], [-122.24115, 37.766667], [-122.2412, 37.766679], [-122.241629, 37.766801], [-122.242201, 37.767004], [-122.242548, 37.767128], [-122.242743, 37.767211], [-122.24311, 37.767368], [-122.24333, 37.767462], [-122.243526, 37.767546], [-122.24378, 37.767658], [-122.243832, 37.767681], [-122.2439, 37.767711], [-122.244737, 37.768079], [-122.245023, 37.768205], [-122.245398, 37.768371], [-122.245971, 37.76862], [-122.24769, 37.769367], [-122.248263, 37.769616], [-122.248782, 37.76984], [-122.24993, 37.770336], [-122.250338, 37.770515], [-122.250857, 37.770742], [-122.250914, 37.770765], [-122.251086, 37.770836], [-122.251144, 37.77086], [-122.25131, 37.770931], [-122.251808, 37.771146], [-122.251975, 37.771218], [-122.252143, 37.77129], [-122.252649, 37.771508], [-122.252818, 37.771581], [-122.252987, 37.771655], [-122.253497, 37.771879], [-122.253667, 37.771954], [-122.253832, 37.772027], [-122.254329, 37.772248], [-122.254495, 37.772322], [-122.254663, 37.772395], [-122.255169, 37.772616], [-122.255338, 37.77269], [-122.255401, 37.772721], [-122.255516, 37.772771], [-122.256055, 37.773007], [-122.256235, 37.773086], [-122.256398, 37.773157], [-122.25689, 37.77337], [-122.257054, 37.773442], [-122.257436, 37.773607], [-122.258582, 37.774104], [-122.258965, 37.77427], [-122.258959, 37.774346], [-122.258939, 37.774442], [-122.258912, 37.774478], [-122.258735, 37.774729], [-122.258701, 37.77478], [-122.25851, 37.7747]]]]}}, {"type": "Feature", "properties": {"grade": "C", "cat": "Definitely Declining", "city": "Oakland", "label": "C38"}, "geometry": {"type": "MultiPolygon", "coordinates": [[[[-122.26706, 37.77517], [-122.26335, 37.77498], [-122.26335, 37.77526], [-122.2605, 37.77529], [-122.25958, 37.77515], [-122.258701, 37.77478], [-122.258735, 37.774729], [-122.258912, 37.774478], [-122.258939, 37.774442], [-122.258959, 37.774346], [-122.258965, 37.77427], [-122.25913, 37.774334], [-122.259309, 37.774404], [-122.259499, 37.774467], [-122.259637, 37.774504], [-122.259809, 37.774551], [-122.259954, 37.774586], [-122.260008, 37.774596], [-122.260084, 37.77461], [-122.260328, 37.774645], [-122.26062, 37.774654], [-122.260825, 37.774662], [-122.261073, 37.774669], [-122.26182, 37.774692], [-122.262069, 37.7747], [-122.262316, 37.774707], [-122.26245, 37.774712], [-122.263059, 37.774714], [-122.263307, 37.774715], [-122.263557, 37.774724], [-122.26431, 37.774753], [-122.264561, 37.774763], [-122.264815, 37.774773], [-122.265577, 37.774806], [-122.265832, 37.774817], [-122.266103, 37.774831], [-122.266917, 37.774874], [-122.267085, 37.774883], [-122.26706, 37.77517]]]]}}, {"type": "Feature", "properties": {"grade": "C", "cat": "Definitely Declining", "city": "Oakland", "label": "C38"}, "geometry": {"type": "MultiPolygon", "coordinates": [[[[-122.26352, 37.77113], [-122.26344, 37.77278], [-122.26725, 37.77297], [-122.267085, 37.774883], [-122.266917, 37.774874], [-122.266103, 37.774831], [-122.265832, 37.774817], [-122.265577, 37.774806], [-122.264815, 37.774773], [-122.264561, 37.774763], [-122.26431, 37.774753], [-122.263557, 37.774724], [-122.263307, 37.774715], [-122.263324, 37.774348], [-122.263378, 37.77325], [-122.263393, 37.772941], [-122.26339, 37.772884], [-122.263444, 37.771721], [-122.263459, 37.771162], [-122.263465, 37.771128], [-122.26352, 37.77113]]]]}}, {"type": "Feature", "properties": {"grade": "C", "cat": "Definitely Declining", "city": "Oakland", "label": "C38"}, "geometry": {"type": "MultiPolygon", "coordinates": [[[[-122.25847, 37.77096], [-122.263465, 37.771128], [-122.263459, 37.771162], [-122.263444, 37.771721], [-122.26339, 37.772884], [-122.263393, 37.772941], [-122.263378, 37.77325], [-122.263324, 37.774348], [-122.263307, 37.774715], [-122.263059, 37.774714], [-122.26245, 37.774712], [-122.262316, 37.774707], [-122.262069, 37.7747], [-122.26182, 37.774692], [-122.261073, 37.774669], [-122.260825, 37.774662], [-122.26062, 37.774654], [-122.260328, 37.774645], [-122.260084, 37.77461], [-122.260008, 37.774596], [-122.259954, 37.774586], [-122.259809, 37.774551], [-122.259637, 37.774504], [-122.259499, 37.774467], [-122.259309, 37.774404], [-122.25913, 37.774334], [-122.258965, 37.77427], [-122.258582, 37.774104], [-122.257436, 37.773607], [-122.257054, 37.773442], [-122.25689, 37.77337], [-122.256398, 37.773157], [-122.256235, 37.773086], [-122.256055, 37.773007], [-122.255516, 37.772771], [-122.255401, 37.772721], [-122.255338, 37.77269], [-122.255169, 37.772616], [-122.254663, 37.772395], [-122.254495, 37.772322], [-122.254329, 37.772248], [-122.253832, 37.772027], [-122.253667, 37.771954], [-122.253497, 37.771879], [-122.252987, 37.771655], [-122.252818, 37.771581], [-122.252649, 37.771508], [-122.252143, 37.77129], [-122.251975, 37.771218], [-122.251808, 37.771146], [-122.25131, 37.770931], [-122.251144, 37.77086], [-122.251306, 37.770622], [-122.251794, 37.769912], [-122.251921, 37.769727], [-122.251958, 37.769676], [-122.252122, 37.769435], [-122.252615, 37.768715], [-122.252744, 37.768529], [-122.25847, 37.77096]]]]}}, {"type": "Feature", "properties": {"grade": "C", "cat": "Definitely Declining", "city": "Oakland", "label": "C38"}, "geometry": {"type": "MultiPolygon", "coordinates": [[[[-122.25013, 37.76742], [-122.252744, 37.768529], [-122.252615, 37.768715], [-122.252122, 37.769435], [-122.251958, 37.769676], [-122.251921, 37.769727], [-122.251794, 37.769912], [-122.251306, 37.770622], [-122.251144, 37.77086], [-122.251086, 37.770836], [-122.250914, 37.770765], [-122.250857, 37.770742], [-122.250338, 37.770515], [-122.24993, 37.770336], [-122.248782, 37.76984], [-122.248263, 37.769616], [-122.24769, 37.769367], [-122.245971, 37.76862], [-122.245398, 37.768371], [-122.245023, 37.768205], [-122.244737, 37.768079], [-122.2439, 37.767711], [-122.243832, 37.767681], [-122.24378, 37.767658], [-122.243526, 37.767546], [-122.24333, 37.767462], [-122.24311, 37.767368], [-122.242743, 37.767211], [-122.242548, 37.767128], [-122.242201, 37.767004], [-122.241629, 37.766801], [-122.2412, 37.766679], [-122.24115, 37.766667], [-122.240884, 37.766603], [-122.240792, 37.766583], [-122.24124, 37.766033], [-122.24133, 37.76593], [-122.24172, 37.76589], [-122.24261, 37.76627], [-122.24407, 37.76683], [-122.24505, 37.76554], [-122.24368, 37.76495], [-122.24377, 37.76469], [-122.24445, 37.7639], [-122.245172, 37.762884], [-122.245302, 37.762939], [-122.245398, 37.762987], [-122.245966, 37.763236], [-122.247673, 37.763986], [-122.248243, 37.764236], [-122.248814, 37.764485], [-122.250529, 37.765232], [-122.251101, 37.765482], [-122.251331, 37.765582], [-122.25013, 37.76742]]]]}}, {"type": "Feature", "properties": {"grade": "C", "cat": "Definitely Declining", "city": "Oakland", "label": "C38"}, "geometry": {"type": "MultiPolygon", "coordinates": [[[[-122.24012, 37.76606], [-122.24047, 37.76608], [-122.24068, 37.76622], [-122.24104, 37.76596], [-122.24133, 37.76593], [-122.24124, 37.766033], [-122.240792, 37.766583], [-122.240709, 37.76653], [-122.24056, 37.766465], [-122.240131, 37.766258], [-122.240006, 37.766194], [-122.24012, 37.76606]]]]}}, {"type": "Feature", "properties": {"grade": "C", "cat": "Definitely Declining", "city": "Oakland", "label": "C38"}, "geometry": {"type": "MultiPolygon", "coordinates": [[[[-122.25422, 37.76596], [-122.25175, 37.76494], [-122.251331, 37.765582], [-122.251101, 37.765482], [-122.250529, 37.765232], [-122.248814, 37.764485], [-122.248243, 37.764236], [-122.247673, 37.763986], [-122.245966, 37.763236], [-122.245398, 37.762987], [-122.245302, 37.762939], [-122.245172, 37.762884], [-122.24582, 37.76197], [-122.24778, 37.75915], [-122.24838, 37.75934], [-122.24805, 37.76004], [-122.2504, 37.76101], [-122.25096, 37.76026], [-122.25176, 37.76096], [-122.25251, 37.76164], [-122.253346, 37.762171], [-122.253137, 37.762475], [-122.252894, 37.76283], [-122.252881, 37.762913], [-122.253455, 37.763165], [-122.254296, 37.763534], [-122.25518, 37.763921], [-122.255505, 37.764064], [-122.25422, 37.76596]]]]}}, {"type": "Feature", "properties": {"grade": "C", "cat": "Definitely Declining", "city": "Oakland", "label": "C38"}, "geometry": {"type": "MultiPolygon", "coordinates": [[[[-122.25369, 37.76239], [-122.25467, 37.763], [-122.25584, 37.76357], [-122.255505, 37.764064], [-122.25518, 37.763921], [-122.254296, 37.763534], [-122.253455, 37.763165], [-122.252881, 37.762913], [-122.252894, 37.76283], [-122.253137, 37.762475], [-122.253346, 37.762171], [-122.25369, 37.76239]]]]}}, {"type": "Feature", "properties": {"grade": "C", "cat": "Definitely Declining", "city": "Oakland", "label": "C39"}, "geometry": {"type": "MultiPolygon", "coordinates": [[[[-122.26361, 37.76923], [-122.26352, 37.77113], [-122.263465, 37.771128], [-122.263471, 37.771097], [-122.263472, 37.770948], [-122.263477, 37.770865], [-122.263495, 37.770465], [-122.263533, 37.769242], [-122.263533, 37.76923], [-122.26361, 37.76923]]]]}}, {"type": "Feature", "properties": {"grade": "C", "cat": "Definitely Declining", "city": "Oakland", "label": "C39"}, "geometry": {"type": "MultiPolygon", "coordinates": [[[[-122.25847, 37.77096], [-122.252744, 37.768529], [-122.252746, 37.768526], [-122.252781, 37.768476], [-122.252898, 37.768308], [-122.253251, 37.767806], [-122.253369, 37.767639], [-122.253493, 37.76746], [-122.253704, 37.76716], [-122.253868, 37.766924], [-122.253956, 37.766798], [-122.253994, 37.766746], [-122.254108, 37.766578], [-122.254236, 37.766393], [-122.254452, 37.766076], [-122.254567, 37.765909], [-122.254686, 37.765732], [-122.255046, 37.765204], [-122.255167, 37.765028], [-122.255284, 37.764856], [-122.255637, 37.764344], [-122.255755, 37.764173], [-122.255924, 37.764246], [-122.256432, 37.764466], [-122.256602, 37.76454], [-122.256934, 37.764683], [-122.257933, 37.765115], [-122.258267, 37.765259], [-122.258603, 37.765405], [-122.259611, 37.765844], [-122.259948, 37.765991], [-122.260012, 37.766023], [-122.260293, 37.766144], [-122.261333, 37.766596], [-122.26168, 37.766747], [-122.261721, 37.766765], [-122.26055, 37.76843], [-122.26262, 37.76923], [-122.263533, 37.76923], [-122.263533, 37.769242], [-122.263495, 37.770465], [-122.263477, 37.770865], [-122.263472, 37.770948], [-122.263471, 37.771097], [-122.263465, 37.771128], [-122.25847, 37.77096]]]]}}, {"type": "Feature", "properties": {"grade": "C", "cat": "Definitely Declining", "city": "Oakland", "label": "C39"}, "geometry": {"type": "MultiPolygon", "coordinates": [[[[-122.25013, 37.76742], [-122.251331, 37.765582], [-122.251679, 37.765734], [-122.253415, 37.766493], [-122.253994, 37.766746], [-122.253956, 37.766798], [-122.253868, 37.766924], [-122.253704, 37.76716], [-122.253493, 37.76746], [-122.253369, 37.767639], [-122.253251, 37.767806], [-122.252898, 37.768308], [-122.252781, 37.768476], [-122.252746, 37.768526], [-122.252744, 37.768529], [-122.25013, 37.76742]]]]}}, {"type": "Feature", "properties": {"grade": "C", "cat": "Definitely Declining", "city": "Oakland", "label": "C39"}, "geometry": {"type": "MultiPolygon", "coordinates": [[[[-122.25175, 37.76494], [-122.25422, 37.76596], [-122.255505, 37.764064], [-122.255755, 37.764173], [-122.255637, 37.764344], [-122.255284, 37.764856], [-122.255167, 37.765028], [-122.255046, 37.765204], [-122.254686, 37.765732], [-122.254567, 37.765909], [-122.254452, 37.766076], [-122.254236, 37.766393], [-122.254108, 37.766578], [-122.253994, 37.766746], [-122.253415, 37.766493], [-122.251679, 37.765734], [-122.251331, 37.765582], [-122.25175, 37.76494]]]]}}, {"type": "Feature", "properties": {"grade": "C", "cat": "Definitely Declining", "city": "Oakland", "label": "C39"}, "geometry": {"type": "MultiPolygon", "coordinates": [[[[-122.25584, 37.76357], [-122.25669, 37.76391], [-122.25788, 37.76432], [-122.25878, 37.76447], [-122.25914, 37.76436], [-122.25907, 37.76466], [-122.26221, 37.76607], [-122.261721, 37.766765], [-122.26168, 37.766747], [-122.261333, 37.766596], [-122.260293, 37.766144], [-122.260012, 37.766023], [-122.259948, 37.765991], [-122.259611, 37.765844], [-122.258603, 37.765405], [-122.258267, 37.765259], [-122.257933, 37.765115], [-122.256934, 37.764683], [-122.256602, 37.76454], [-122.256432, 37.764466], [-122.255924, 37.764246], [-122.255755, 37.764173], [-122.255505, 37.764064], [-122.25584, 37.76357]]]]}}, {"type": "Feature", "properties": {"grade": "C", "cat": "Definitely Declining", "city": "Oakland", "label": "C4"}, "geometry": {"type": "MultiPolygon", "coordinates": [[[[-122.27297, 37.88126], [-122.27297, 37.88163], [-122.27053, 37.88185], [-122.27015, 37.878257], [-122.270303, 37.878237], [-122.270531, 37.878207], [-122.270803, 37.878173], [-122.271216, 37.878125], [-122.271445, 37.8781], [-122.27167, 37.878069], [-122.272348, 37.87798], [-122.272574, 37.87795], [-122.272808, 37.877917], [-122.273511, 37.87782], [-122.273686, 37.877796], [-122.273746, 37.877788], [-122.273785, 37.878147], [-122.273905, 37.879227], [-122.273915, 37.879317], [-122.273927, 37.879436], [-122.273944, 37.879587], [-122.273987, 37.879951], [-122.274041, 37.880397], [-122.274096, 37.881048], [-122.274107, 37.881176], [-122.27297, 37.88126]]]]}}, {"type": "Feature", "properties": {"grade": "C", "cat": "Definitely Declining", "city": "Oakland", "label": "C4"}, "geometry": {"type": "MultiPolygon", "coordinates": [[[[-122.28063, 37.8772], [-122.28057, 37.87776], [-122.2782, 37.87821], [-122.27823, 37.87921], [-122.27873, 37.88043], [-122.27772, 37.881], [-122.27526, 37.88135], [-122.27527, 37.88109], [-122.274107, 37.881176], [-122.274096, 37.881048], [-122.274041, 37.880397], [-122.273987, 37.879951], [-122.273944, 37.879587], [-122.273927, 37.879436], [-122.273915, 37.879317], [-122.273905, 37.879227], [-122.273785, 37.878147], [-122.273746, 37.877788], [-122.273965, 37.87776], [-122.274119, 37.87774], [-122.274625, 37.877677], [-122.274845, 37.87765], [-122.275071, 37.877619], [-122.27575, 37.877527], [-122.275977, 37.877497], [-122.276045, 37.877509], [-122.276201, 37.877486], [-122.276753, 37.877405], [-122.276877, 37.877388], [-122.277103, 37.877358], [-122.277348, 37.877327], [-122.278086, 37.877235], [-122.278332, 37.877205], [-122.278589, 37.877171], [-122.279362, 37.87707], [-122.27962, 37.877037], [-122.2798, 37.877015], [-122.280343, 37.876951], [-122.280524, 37.87693], [-122.280736, 37.876902], [-122.281372, 37.87682], [-122.281585, 37.876793], [-122.281826, 37.876761], [-122.282186, 37.876714], [-122.282326, 37.876697], [-122.282406, 37.876687], [-122.28255, 37.876676], [-122.282606, 37.876673], [-122.282793, 37.87666], [-122.282802, 37.876761], [-122.28282, 37.876944], [-122.28063, 37.8772]]]]}}, {"type": "Feature", "properties": {"grade": "C", "cat": "Definitely Declining", "city": "Oakland", "label": "C4"}, "geometry": {"type": "MultiPolygon", "coordinates": [[[[-122.28285, 37.87694], [-122.28282, 37.876944], [-122.282802, 37.876761], [-122.282793, 37.87666], [-122.282814, 37.876658], [-122.28285, 37.87694]]]]}}, {"type": "Feature", "properties": {"grade": "C", "cat": "Definitely Declining", "city": "Oakland", "label": "C4"}, "geometry": {"type": "MultiPolygon", "coordinates": [[[[-122.28269, 37.87569], [-122.282814, 37.876658], [-122.282793, 37.87666], [-122.282787, 37.876613], [-122.28277, 37.87648], [-122.282754, 37.876342], [-122.282695, 37.875942], [-122.28267, 37.875763], [-122.282659, 37.875693], [-122.28269, 37.87569]]]]}}, {"type": "Feature", "properties": {"grade": "C", "cat": "Definitely Declining", "city": "Oakland", "label": "C4"}, "geometry": {"type": "MultiPolygon", "coordinates": [[[[-122.2732, 37.87251], [-122.27479, 37.87235], [-122.27526, 37.8765], [-122.282659, 37.875693], [-122.28267, 37.875763], [-122.282695, 37.875942], [-122.282754, 37.876342], [-122.28277, 37.87648], [-122.282787, 37.876613], [-122.282793, 37.87666], [-122.282606, 37.876673], [-122.28255, 37.876676], [-122.282406, 37.876687], [-122.282326, 37.876697], [-122.282186, 37.876714], [-122.281826, 37.876761], [-122.281585, 37.876793], [-122.281372, 37.87682], [-122.280736, 37.876902], [-122.280524, 37.87693], [-122.280343, 37.876951], [-122.2798, 37.877015], [-122.27962, 37.877037], [-122.279362, 37.87707], [-122.278589, 37.877171], [-122.278332, 37.877205], [-122.278086, 37.877235], [-122.277348, 37.877327], [-122.277103, 37.877358], [-122.276877, 37.877388], [-122.276753, 37.877405], [-122.276201, 37.877486], [-122.276045, 37.877509], [-122.275977, 37.877497], [-122.27575, 37.877527], [-122.275071, 37.877619], [-122.274845, 37.87765], [-122.274625, 37.877677], [-122.274119, 37.87774], [-122.273965, 37.87776], [-122.273746, 37.877788], [-122.273711, 37.877426], [-122.273608, 37.876341], [-122.273574, 37.87598], [-122.273554, 37.8758], [-122.273502, 37.875313], [-122.273497, 37.87526], [-122.273478, 37.87508], [-122.273453, 37.874907], [-122.273381, 37.874388], [-122.273357, 37.874216], [-122.273338, 37.874037], [-122.273332, 37.873986], [-122.273283, 37.873503], [-122.273265, 37.873325], [-122.273244, 37.873151], [-122.273217, 37.872926], [-122.273191, 37.87263], [-122.273181, 37.872512], [-122.2732, 37.87251]]]]}}, {"type": "Feature", "properties": {"grade": "C", "cat": "Definitely Declining", "city": "Oakland", "label": "C4"}, "geometry": {"type": "MultiPolygon", "coordinates": [[[[-122.26958, 37.87286], [-122.273181, 37.872512], [-122.273191, 37.87263], [-122.273217, 37.872926], [-122.273244, 37.873151], [-122.273265, 37.873325], [-122.273283, 37.873503], [-122.273332, 37.873986], [-122.273338, 37.874037], [-122.273357, 37.874216], [-122.273381, 37.874388], [-122.273453, 37.874907], [-122.273478, 37.87508], [-122.273497, 37.87526], [-122.273502, 37.875313], [-122.273554, 37.8758], [-122.273574, 37.87598], [-122.273608, 37.876341], [-122.273711, 37.877426], [-122.273746, 37.877788], [-122.273686, 37.877796], [-122.273511, 37.87782], [-122.272808, 37.877917], [-122.272574, 37.87795], [-122.272348, 37.87798], [-122.27167, 37.878069], [-122.271445, 37.8781], [-122.271216, 37.878125], [-122.270803, 37.878173], [-122.270531, 37.878207], [-122.270303, 37.878237], [-122.27015, 37.878257], [-122.26958, 37.87286]]]]}}, {"type": "Feature", "properties": {"grade": "C", "cat": "Definitely Declining", "city": "Oakland", "label": "C40"}, "geometry": {"type": "MultiPolygon", "coordinates": [[[[-122.239, 37.76582], [-122.23816, 37.76544], [-122.23719, 37.76654], [-122.23548, 37.76569], [-122.23471, 37.76667], [-122.23408, 37.76643], [-122.23171, 37.76919], [-122.231696, 37.769185], [-122.231671, 37.769176], [-122.231387, 37.769044], [-122.230716, 37.768752], [-122.230667, 37.768731], [-122.230585, 37.768673], [-122.230534, 37.76864], [-122.23049, 37.768612], [-122.230465, 37.768593], [-122.230376, 37.768523], [-122.230189, 37.768402], [-122.229732, 37.768171], [-122.228929, 37.767754], [-122.228528, 37.767562], [-122.228258, 37.767414], [-122.228154, 37.767304], [-122.227946, 37.767139], [-122.227551, 37.766865], [-122.227226, 37.766601], [-122.227094, 37.766475], [-122.226789, 37.766162], [-122.22645, 37.765728], [-122.226007, 37.765112], [-122.225917, 37.765008], [-122.225718, 37.76465], [-122.225633, 37.764497], [-122.225446, 37.764211], [-122.225418, 37.764163], [-122.225395, 37.764123], [-122.225367, 37.764074], [-122.22713, 37.76243], [-122.22927, 37.76367], [-122.22984, 37.76442], [-122.23281, 37.7659], [-122.234813, 37.763465], [-122.2349, 37.763508], [-122.235097, 37.763612], [-122.23569, 37.763925], [-122.235888, 37.76403], [-122.236158, 37.764172], [-122.236969, 37.764598], [-122.23724, 37.76474], [-122.2373, 37.764776], [-122.23749, 37.764874], [-122.238246, 37.765264], [-122.238499, 37.765395], [-122.239073, 37.765698], [-122.23909, 37.765709], [-122.239, 37.76582]]], [[[-122.22957, 37.76019], [-122.229799, 37.759968], [-122.229935, 37.760063], [-122.229885, 37.76011], [-122.229735, 37.760252], [-122.229707, 37.760279], [-122.22957, 37.76019]]]]}}, {"type": "Feature", "properties": {"grade": "C", "cat": "Definitely Declining", "city": "Oakland", "label": "C40"}, "geometry": {"type": "MultiPolygon", "coordinates": [[[[-122.24124, 37.76237], [-122.24075, 37.76258], [-122.23972, 37.76213], [-122.23854, 37.7635], [-122.23908, 37.76391], [-122.23861, 37.76453], [-122.23958, 37.7651], [-122.23909, 37.765709], [-122.239073, 37.765698], [-122.238499, 37.765395], [-122.238246, 37.765264], [-122.23749, 37.764874], [-122.2373, 37.764776], [-122.23724, 37.76474], [-122.236969, 37.764598], [-122.236158, 37.764172], [-122.235888, 37.76403], [-122.23569, 37.763925], [-122.235097, 37.763612], [-122.2349, 37.763508], [-122.234813, 37.763465], [-122.23647, 37.76145], [-122.2354, 37.76068], [-122.23449, 37.76134], [-122.23354, 37.7607], [-122.23214, 37.76186], [-122.229707, 37.760279], [-122.229735, 37.760252], [-122.229885, 37.76011], [-122.229935, 37.760063], [-122.229799, 37.759968], [-122.23075, 37.75905], [-122.23155, 37.75828], [-122.22784, 37.7558], [-122.22929, 37.75444], [-122.233, 37.75694], [-122.23397, 37.75611], [-122.23274, 37.75523], [-122.232769, 37.7552], [-122.232831, 37.755244], [-122.23295, 37.755329], [-122.23331, 37.755585], [-122.233431, 37.755671], [-122.233587, 37.755779], [-122.234024, 37.756082], [-122.234058, 37.7561], [-122.234226, 37.756192], [-122.234379, 37.756297], [-122.234838, 37.756612], [-122.234991, 37.756718], [-122.23514, 37.756827], [-122.235589, 37.757156], [-122.235739, 37.757266], [-122.235891, 37.757374], [-122.236347, 37.757698], [-122.2365, 37.757806], [-122.236719, 37.757953], [-122.237376, 37.758395], [-122.237596, 37.758543], [-122.237626, 37.758565], [-122.237716, 37.758631], [-122.237747, 37.758654], [-122.237899, 37.758755], [-122.238358, 37.75906], [-122.238511, 37.759162], [-122.238695, 37.759276], [-122.238866, 37.759382], [-122.23897, 37.759446], [-122.239053, 37.759498], [-122.23925, 37.759619], [-122.239436, 37.759735], [-122.239954, 37.760058], [-122.240085, 37.760067], [-122.240019, 37.760102], [-122.240039, 37.760114], [-122.240766, 37.76049], [-122.240831, 37.760539], [-122.241034, 37.760651], [-122.241858, 37.761109], [-122.242132, 37.761262], [-122.242161, 37.761279], [-122.24124, 37.76237]]]]}}, {"type": "Feature", "properties": {"grade": "C", "cat": "Definitely Declining", "city": "Oakland", "label": "C40"}, "geometry": {"type": "MultiPolygon", "coordinates": [[[[-122.24512, 37.75777], [-122.242161, 37.761279], [-122.242132, 37.761262], [-122.241858, 37.761109], [-122.241034, 37.760651], [-122.240831, 37.760539], [-122.240766, 37.76049], [-122.240039, 37.760114], [-122.240019, 37.760102], [-122.240085, 37.760067], [-122.239954, 37.760058], [-122.239436, 37.759735], [-122.23925, 37.759619], [-122.239053, 37.759498], [-122.23897, 37.759446], [-122.238866, 37.759382], [-122.238695, 37.759276], [-122.238511, 37.759162], [-122.238358, 37.75906], [-122.237899, 37.758755], [-122.237747, 37.758654], [-122.237716, 37.758631], [-122.237626, 37.758565], [-122.237596, 37.758543], [-122.237376, 37.758395], [-122.236719, 37.757953], [-122.2365, 37.757806], [-122.236347, 37.757698], [-122.235891, 37.757374], [-122.235739, 37.757266], [-122.235589, 37.757156], [-122.23514, 37.756827], [-122.234991, 37.756718], [-122.234838, 37.756612], [-122.234379, 37.756297], [-122.234226, 37.756192], [-122.234058, 37.7561], [-122.234024, 37.756082], [-122.233587, 37.755779], [-122.233431, 37.755671], [-122.23331, 37.755585], [-122.23295, 37.755329], [-122.232831, 37.755244], [-122.232769, 37.7552], [-122.23342, 37.75452], [-122.23414, 37.75495], [-122.23597, 37.75331], [-122.23899, 37.75542], [-122.23644, 37.75766], [-122.23775, 37.75854], [-122.24003, 37.75627], [-122.24307, 37.75781], [-122.24436, 37.75595], [-122.24474, 37.7554], [-122.2464, 37.75613], [-122.24697, 37.75604], [-122.24792, 37.75568], [-122.24826, 37.75623], [-122.24845, 37.7569], [-122.248546, 37.757303], [-122.248535, 37.757317], [-122.248417, 37.757465], [-122.248375, 37.757549], [-122.248007, 37.757989], [-122.247261, 37.758881], [-122.24512, 37.75777]]]]}}, {"type": "Feature", "properties": {"grade": "C", "cat": "Definitely Declining", "city": "Oakland", "label": "C40"}, "geometry": {"type": "MultiPolygon", "coordinates": [[[[-122.24873, 37.75807], [-122.24997, 37.75899], [-122.25096, 37.76026], [-122.2504, 37.76101], [-122.24805, 37.76004], [-122.24838, 37.75934], [-122.24778, 37.75915], [-122.247261, 37.758881], [-122.248007, 37.757989], [-122.248375, 37.757549], [-122.248417, 37.757465], [-122.248535, 37.757317], [-122.248546, 37.757303], [-122.24873, 37.75807]]]]}}, {"type": "Feature", "properties": {"grade": "C", "cat": "Definitely Declining", "city": "Oakland", "label": "C41"}, "geometry": {"type": "MultiPolygon", "coordinates": [[[[-122.23274, 37.75523], [-122.23397, 37.75611], [-122.233, 37.75694], [-122.22929, 37.75444], [-122.23054, 37.753652], [-122.230641, 37.75371], [-122.230882, 37.753875], [-122.230934, 37.753911], [-122.231002, 37.753968], [-122.231113, 37.754048], [-122.231326, 37.754201], [-122.231448, 37.754286], [-122.231561, 37.754365], [-122.231813, 37.754542], [-122.231892, 37.754597], [-122.232485, 37.754998], [-122.232579, 37.755064], [-122.232769, 37.7552], [-122.23274, 37.75523]]]]}}, {"type": "Feature", "properties": {"grade": "C", "cat": "Definitely Declining", "city": "Oakland", "label": "C41"}, "geometry": {"type": "MultiPolygon", "coordinates": [[[[-122.23799, 37.75035], [-122.23857, 37.75122], [-122.23725, 37.75239], [-122.23944, 37.75389], [-122.24007, 37.7534], [-122.24206, 37.75486], [-122.24436, 37.75595], [-122.24307, 37.75781], [-122.24003, 37.75627], [-122.23775, 37.75854], [-122.23644, 37.75766], [-122.23899, 37.75542], [-122.23597, 37.75331], [-122.23414, 37.75495], [-122.23342, 37.75452], [-122.232769, 37.7552], [-122.232579, 37.755064], [-122.232485, 37.754998], [-122.231892, 37.754597], [-122.231813, 37.754542], [-122.231561, 37.754365], [-122.231448, 37.754286], [-122.231326, 37.754201], [-122.231113, 37.754048], [-122.231002, 37.753968], [-122.230934, 37.753911], [-122.230882, 37.753875], [-122.230641, 37.75371], [-122.23054, 37.753652], [-122.23159, 37.75299], [-122.23269, 37.75214], [-122.23431, 37.75146], [-122.2355, 37.75092], [-122.23602, 37.75065], [-122.2364, 37.7502], [-122.236416, 37.750146], [-122.236427, 37.75017], [-122.236455, 37.750197], [-122.236524, 37.750214], [-122.236559, 37.750219], [-122.236621, 37.750181], [-122.236649, 37.750153], [-122.236649, 37.750104], [-122.236635, 37.750065], [-122.236635, 37.750005], [-122.236621, 37.749967], [-122.236628, 37.749928], [-122.236667, 37.749908], [-122.236694, 37.749779], [-122.23681, 37.749711], [-122.236868, 37.749721], [-122.237034, 37.749786], [-122.237166, 37.74983], [-122.237325, 37.749896], [-122.237349, 37.749912], [-122.237375, 37.749928], [-122.237403, 37.74995], [-122.237534, 37.75001], [-122.237763, 37.750098], [-122.237911, 37.750148], [-122.23799, 37.75035]]]]}}, {"type": "Feature", "properties": {"grade": "C", "cat": "Definitely Declining", "city": "Oakland", "label": "C5"}, "geometry": {"type": "MultiPolygon", "coordinates": [[[[-122.24619, 37.88137], [-122.24569, 37.87623], [-122.24528, 37.87205], [-122.245403, 37.871972], [-122.245443, 37.872334], [-122.245495, 37.872812], [-122.245529, 37.873064], [-122.245728, 37.874851], [-122.245768, 37.875214], [-122.245802, 37.875518], [-122.245828, 37.875726], [-122.245865, 37.87608], [-122.245901, 37.876401], [-122.245926, 37.876626], [-122.246004, 37.877318], [-122.24614, 37.87854], [-122.246164, 37.87875], [-122.246169, 37.87879], [-122.246333, 37.880231], [-122.246375, 37.880669], [-122.246414, 37.880983], [-122.246439, 37.881203], [-122.246446, 37.881267], [-122.246455, 37.881342], [-122.24619, 37.88137]]]]}}, {"type": "Feature", "properties": {"grade": "C", "cat": "Definitely Declining", "city": "Oakland", "label": "C5"}, "geometry": {"type": "MultiPolygon", "coordinates": [[[[-122.25309, 37.88053], [-122.25062, 37.8809], [-122.246455, 37.881342], [-122.246446, 37.881267], [-122.246439, 37.881203], [-122.24683, 37.881199], [-122.247031, 37.881173], [-122.247108, 37.881156], [-122.247245, 37.881089], [-122.24727, 37.881068], [-122.249269, 37.880896], [-122.251453, 37.880709], [-122.252493, 37.880579], [-122.253422, 37.880464], [-122.25309, 37.88053]]], [[[-122.26054, 37.87949], [-122.260481, 37.879496], [-122.260508, 37.879492], [-122.260642, 37.879476], [-122.26074, 37.879464], [-122.26054, 37.87949]]], [[[-122.26468, 37.87896], [-122.262444, 37.879246], [-122.262898, 37.879182], [-122.263078, 37.879157], [-122.26317, 37.879145], [-122.263326, 37.879125], [-122.263447, 37.87911], [-122.26354, 37.879099], [-122.263742, 37.87907], [-122.264142, 37.879015], [-122.264351, 37.878987], [-122.264555, 37.878959], [-122.264677, 37.878943], [-122.26468, 37.87896]]]]}}, {"type": "Feature", "properties": {"grade": "C", "cat": "Definitely Declining", "city": "Oakland", "label": "C5"}, "geometry": {"type": "MultiPolygon", "coordinates": [[[[-122.26841, 37.88209], [-122.26621, 37.88239], [-122.26596, 37.87887], [-122.26689, 37.87873], [-122.266883, 37.878684], [-122.267103, 37.87865], [-122.267459, 37.878598], [-122.267793, 37.878553], [-122.268024, 37.878523], [-122.268036, 37.878522], [-122.26841, 37.88209]]]]}}, {"type": "Feature", "properties": {"grade": "C", "cat": "Definitely Declining", "city": "Oakland", "label": "C5"}, "geometry": {"type": "MultiPolygon", "coordinates": [[[[-122.26646, 37.87569], [-122.26556, 37.875816], [-122.26556, 37.875815], [-122.265569, 37.87568], [-122.265574, 37.875608], [-122.265536, 37.8754], [-122.265487, 37.875122], [-122.265451, 37.874843], [-122.265383, 37.874297], [-122.265572, 37.874274], [-122.266139, 37.874209], [-122.266329, 37.874188], [-122.266367, 37.874107], [-122.266365, 37.874092], [-122.2666, 37.87408], [-122.26756, 37.87397], [-122.268036, 37.878522], [-122.268024, 37.878523], [-122.267793, 37.878553], [-122.267459, 37.878598], [-122.267103, 37.87865], [-122.266883, 37.878684], [-122.26646, 37.87569]]]]}}, {"type": "Feature", "properties": {"grade": "C", "cat": "Definitely Declining", "city": "Oakland", "label": "C5"}, "geometry": {"type": "MultiPolygon", "coordinates": [[[[-122.25619, 37.87991], [-122.25507, 37.880134], [-122.254917, 37.878633], [-122.255119, 37.878597], [-122.255394, 37.878549], [-122.255378, 37.878392], [-122.255317, 37.878399], [-122.255324, 37.878353], [-122.255152, 37.877574], [-122.254838, 37.876152], [-122.254723, 37.875627], [-122.254958, 37.875624], [-122.25508, 37.87568], [-122.25555, 37.87568], [-122.255617, 37.875671], [-122.255636, 37.875671], [-122.255651, 37.875672], [-122.255726, 37.875668], [-122.255952, 37.875636], [-122.256631, 37.875544], [-122.256858, 37.875513], [-122.257026, 37.875489], [-122.257157, 37.875473], [-122.258057, 37.875371], [-122.258357, 37.875337], [-122.258718, 37.875291], [-122.259391, 37.875206], [-122.259804, 37.875155], [-122.260166, 37.87511], [-122.260559, 37.875059], [-122.260616, 37.875051], [-122.261739, 37.87491], [-122.262133, 37.87486], [-122.262494, 37.87481], [-122.263579, 37.874664], [-122.263595, 37.874662], [-122.26394, 37.87461], [-122.264061, 37.874582], [-122.264226, 37.874534], [-122.264269, 37.874522], [-122.264399, 37.874475], [-122.264652, 37.874389], [-122.264699, 37.87438], [-122.264768, 37.874374], [-122.265088, 37.874333], [-122.265383, 37.874297], [-122.265451, 37.874843], [-122.265487, 37.875122], [-122.265536, 37.8754], [-122.265574, 37.875608], [-122.265569, 37.87568], [-122.26556, 37.875815], [-122.26556, 37.875816], [-122.26503, 37.87589], [-122.26428, 37.87583], [-122.2645, 37.87809], [-122.264677, 37.878943], [-122.264555, 37.878959], [-122.264351, 37.878987], [-122.264142, 37.879015], [-122.263742, 37.87907], [-122.26354, 37.879099], [-122.263447, 37.87911], [-122.263326, 37.879125], [-122.26317, 37.879145], [-122.263078, 37.879157], [-122.262898, 37.879182], [-122.262444, 37.879246], [-122.26074, 37.879464], [-122.260642, 37.879476], [-122.260508, 37.879492], [-122.260481, 37.879496], [-122.25619, 37.87991]]]]}}, {"type": "Feature", "properties": {"grade": "C", "cat": "Definitely Declining", "city": "Oakland", "label": "C5"}, "geometry": {"type": "MultiPolygon", "coordinates": [[[[-122.253422, 37.880464], [-122.252493, 37.880579], [-122.251453, 37.880709], [-122.249269, 37.880896], [-122.24727, 37.881068], [-122.247245, 37.881089], [-122.247108, 37.881156], [-122.247031, 37.881173], [-122.24683, 37.881199], [-122.246439, 37.881203], [-122.246414, 37.880983], [-122.246375, 37.880669], [-122.246333, 37.880231], [-122.246169, 37.87879], [-122.246164, 37.87875], [-122.24614, 37.87854], [-122.246004, 37.877318], [-122.245926, 37.876626], [-122.245901, 37.876401], [-122.245865, 37.87608], [-122.245828, 37.875726], [-122.245802, 37.875518], [-122.245768, 37.875214], [-122.245728, 37.874851], [-122.245529, 37.873064], [-122.245495, 37.872812], [-122.245443, 37.872334], [-122.245403, 37.871972], [-122.24656, 37.87124], [-122.24717, 37.87104], [-122.24834, 37.87065], [-122.24899, 37.87062], [-122.24945, 37.87051], [-122.24977, 37.87079], [-122.24995, 37.87121], [-122.25077, 37.87158], [-122.25134, 37.87186], [-122.25173, 37.8722], [-122.25177, 37.8731], [-122.25177, 37.87411], [-122.25184, 37.87464], [-122.25194, 37.87487], [-122.25248, 37.87504], [-122.25301, 37.87504], [-122.25391, 37.87501], [-122.25444, 37.87518], [-122.25473, 37.87552], [-122.254958, 37.875624], [-122.254723, 37.875627], [-122.254838, 37.876152], [-122.255152, 37.877574], [-122.255324, 37.878353], [-122.255317, 37.878399], [-122.255378, 37.878392], [-122.255394, 37.878549], [-122.255119, 37.878597], [-122.254917, 37.878633], [-122.25507, 37.880134], [-122.253422, 37.880464]]], [[[-122.26435, 37.87445], [-122.26599, 37.87411], [-122.266365, 37.874092], [-122.266367, 37.874107], [-122.266329, 37.874188], [-122.266139, 37.874209], [-122.265572, 37.874274], [-122.265383, 37.874297], [-122.265088, 37.874333], [-122.264768, 37.874374], [-122.264699, 37.87438], [-122.264652, 37.874389], [-122.264399, 37.874475], [-122.264269, 37.874522], [-122.264226, 37.874534], [-122.264061, 37.874582], [-122.26394, 37.87461], [-122.263595, 37.874662], [-122.263579, 37.874664], [-122.262494, 37.87481], [-122.262133, 37.87486], [-122.261739, 37.87491], [-122.260616, 37.875051], [-122.260559, 37.875059], [-122.260166, 37.87511], [-122.259804, 37.875155], [-122.259391, 37.875206], [-122.258718, 37.875291], [-122.258357, 37.875337], [-122.258057, 37.875371], [-122.257157, 37.875473], [-122.257026, 37.875489], [-122.256858, 37.875513], [-122.256631, 37.875544], [-122.255952, 37.875636], [-122.255726, 37.875668], [-122.255651, 37.875672], [-122.255636, 37.875671], [-122.255617, 37.875671], [-122.26435, 37.87445]]]]}}, {"type": "Feature", "properties": {"grade": "C", "cat": "Definitely Declining", "city": "Oakland", "label": "C6"}, "geometry": {"type": "MultiPolygon", "coordinates": [[[[-122.25243, 37.86958], [-122.25233, 37.869477], [-122.252333, 37.869271], [-122.252335, 37.869186], [-122.252176, 37.869205], [-122.252062, 37.869216], [-122.251243, 37.869299], [-122.250971, 37.869328], [-122.250819, 37.869331], [-122.250365, 37.869342], [-122.250214, 37.869346], [-122.250159, 37.869349], [-122.250156, 37.869349], [-122.24994, 37.86777], [-122.24956, 37.86613], [-122.24882, 37.86619], [-122.248815, 37.866062], [-122.249589, 37.866011], [-122.250483, 37.865949], [-122.250642, 37.865943], [-122.251091, 37.865928], [-122.251119, 37.865926], [-122.251279, 37.865916], [-122.251353, 37.865909], [-122.251578, 37.865892], [-122.251653, 37.865887], [-122.251884, 37.86587], [-122.252201, 37.865847], [-122.25241, 37.865833], [-122.252598, 37.86582], [-122.252809, 37.865806], [-122.253037, 37.865792], [-122.253725, 37.86575], [-122.253954, 37.865737], [-122.253978, 37.865913], [-122.254004, 37.866091], [-122.2541, 37.866432], [-122.254149, 37.866604], [-122.254189, 37.866782], [-122.254223, 37.866931], [-122.254258, 37.867152], [-122.254273, 37.867325], [-122.25429, 37.867508], [-122.254322, 37.867681], [-122.254351, 37.86784], [-122.254418, 37.868203], [-122.254451, 37.868377], [-122.254478, 37.868565], [-122.25456, 37.869132], [-122.254588, 37.869321], [-122.254558, 37.869325], [-122.254467, 37.869337], [-122.254438, 37.869341], [-122.254016, 37.869396], [-122.253611, 37.869449], [-122.25243, 37.86958]]]]}}, {"type": "Feature", "properties": {"grade": "C", "cat": "Definitely Declining", "city": "Oakland", "label": "C6"}, "geometry": {"type": "MultiPolygon", "coordinates": [[[[-122.26498, 37.86432], [-122.26545, 37.86711], [-122.25962, 37.86782], [-122.259212, 37.865043], [-122.2603, 37.8649], [-122.260741, 37.864843], [-122.260852, 37.864828], [-122.26498, 37.86432]]], [[[-122.25834, 37.86807], [-122.25671, 37.86829], [-122.256912, 37.869016], [-122.256473, 37.869073], [-122.255059, 37.869258], [-122.254588, 37.869321], [-122.25456, 37.869132], [-122.254478, 37.868565], [-122.254451, 37.868377], [-122.254418, 37.868203], [-122.254351, 37.86784], [-122.254322, 37.867681], [-122.25429, 37.867508], [-122.254273, 37.867325], [-122.254258, 37.867152], [-122.254223, 37.866931], [-122.254189, 37.866782], [-122.254149, 37.866604], [-122.2541, 37.866432], [-122.254004, 37.866091], [-122.253978, 37.865913], [-122.253954, 37.865737], [-122.254219, 37.8657], [-122.255018, 37.86559], [-122.255284, 37.865554], [-122.255468, 37.865528], [-122.255542, 37.865518], [-122.256021, 37.865454], [-122.256206, 37.865429], [-122.256272, 37.865421], [-122.256473, 37.8654], [-122.25654, 37.865393], [-122.256799, 37.865358], [-122.257258, 37.865296], [-122.257576, 37.865256], [-122.257834, 37.865225], [-122.25834, 37.86807]]]]}}, {"type": "Feature", "properties": {"grade": "C", "cat": "Definitely Declining", "city": "Oakland", "label": "C6"}, "geometry": {"type": "MultiPolygon", "coordinates": [[[[-122.25343, 37.85987], [-122.253484, 37.86098], [-122.253472, 37.8608], [-122.253462, 37.860651], [-122.253445, 37.860521], [-122.253396, 37.860132], [-122.25338, 37.860003], [-122.253377, 37.859972], [-122.253369, 37.859879], [-122.253369, 37.859873], [-122.25343, 37.85987]]]]}}, {"type": "Feature", "properties": {"grade": "C", "cat": "Definitely Declining", "city": "Oakland", "label": "C6"}, "geometry": {"type": "MultiPolygon", "coordinates": [[[[-122.25921, 37.86503], [-122.260852, 37.864828], [-122.260741, 37.864843], [-122.2603, 37.8649], [-122.259212, 37.865043], [-122.25921, 37.86503]]], [[[-122.25397, 37.86567], [-122.25783, 37.8652], [-122.257834, 37.865225], [-122.257576, 37.865256], [-122.257258, 37.865296], [-122.256799, 37.865358], [-122.25654, 37.865393], [-122.256473, 37.8654], [-122.256272, 37.865421], [-122.256206, 37.865429], [-122.256021, 37.865454], [-122.255542, 37.865518], [-122.255468, 37.865528], [-122.255284, 37.865554], [-122.255018, 37.86559], [-122.254219, 37.8657], [-122.253954, 37.865737], [-122.253917, 37.865378], [-122.253819, 37.864425], [-122.25397, 37.86567]]]]}}, {"type": "Feature", "properties": {"grade": "C", "cat": "Definitely Declining", "city": "Oakland", "label": "C6"}, "geometry": {"type": "MultiPolygon", "coordinates": [[[[-122.25354, 37.86213], [-122.253819, 37.864425], [-122.253917, 37.865378], [-122.253954, 37.865737], [-122.253725, 37.86575], [-122.253037, 37.865792], [-122.252809, 37.865806], [-122.252598, 37.86582], [-122.25241, 37.865833], [-122.252201, 37.865847], [-122.251884, 37.86587], [-122.251653, 37.865887], [-122.251578, 37.865892], [-122.251353, 37.865909], [-122.251279, 37.865916], [-122.251119, 37.865926], [-122.251091, 37.865928], [-122.250642, 37.865943], [-122.250483, 37.865949], [-122.249589, 37.866011], [-122.248815, 37.866062], [-122.24869, 37.86256], [-122.25242, 37.86225], [-122.25221, 37.85993], [-122.253369, 37.859873], [-122.253369, 37.859879], [-122.253377, 37.859972], [-122.25338, 37.860003], [-122.253396, 37.860132], [-122.253445, 37.860521], [-122.253462, 37.860651], [-122.253472, 37.8608], [-122.253484, 37.86098], [-122.25354, 37.86213]]]]}}, {"type": "Feature", "properties": {"grade": "C", "cat": "Definitely Declining", "city": "Oakland", "label": "C6"}, "geometry": {"type": "MultiPolygon", "coordinates": [[[[-122.25208, 37.86922], [-122.25017, 37.86945], [-122.250156, 37.869349], [-122.250159, 37.869349], [-122.250214, 37.869346], [-122.250365, 37.869342], [-122.250819, 37.869331], [-122.250971, 37.869328], [-122.251243, 37.869299], [-122.252062, 37.869216], [-122.252176, 37.869205], [-122.252335, 37.869186], [-122.252333, 37.869271], [-122.25233, 37.869477], [-122.25208, 37.86922]]], [[[-122.25693, 37.86908], [-122.253611, 37.869449], [-122.254016, 37.869396], [-122.254438, 37.869341], [-122.254467, 37.869337], [-122.254558, 37.869325], [-122.254588, 37.869321], [-122.255059, 37.869258], [-122.256473, 37.869073], [-122.256912, 37.869016], [-122.25693, 37.86908]]]]}}, {"type": "Feature", "properties": {"grade": "C", "cat": "Definitely Declining", "city": "Oakland", "label": "C7"}, "geometry": {"type": "MultiPolygon", "coordinates": [[[[-122.26845, 37.84862], [-122.26928, 37.8485], [-122.269087, 37.847219], [-122.269134, 37.847213], [-122.269226, 37.847201], [-122.269279, 37.847479], [-122.269388, 37.847999], [-122.269409, 37.848107], [-122.26942, 37.848162], [-122.269435, 37.84823], [-122.269497, 37.848532], [-122.269507, 37.848582], [-122.26937, 37.8486], [-122.269237, 37.848617], [-122.269104, 37.848634], [-122.269043, 37.848641], [-122.269049, 37.848671], [-122.269051, 37.848681], [-122.268978, 37.84869], [-122.268612, 37.848737], [-122.268473, 37.848756], [-122.26845, 37.84862]]], [[[-122.268928, 37.851443], [-122.268965, 37.851616], [-122.268957, 37.851618], [-122.268928, 37.851443]]], [[[-122.263586, 37.852522], [-122.263569, 37.852547], [-122.263489, 37.852548], [-122.263429, 37.85255], [-122.26252, 37.852662], [-122.263586, 37.852522]]]]}}, {"type": "Feature", "properties": {"grade": "C", "cat": "Definitely Declining", "city": "Oakland", "label": "C7"}, "geometry": {"type": "MultiPolygon", "coordinates": [[[[-122.26899, 37.84658], [-122.27061, 37.84635], [-122.27137, 37.84624], [-122.27187, 37.84616], [-122.271768, 37.846394], [-122.271763, 37.846395], [-122.271329, 37.846451], [-122.271236, 37.846465], [-122.271085, 37.846485], [-122.271004, 37.846496], [-122.270315, 37.846586], [-122.2702, 37.846601], [-122.270076, 37.846618], [-122.270041, 37.846622], [-122.269926, 37.846637], [-122.269789, 37.846655], [-122.269656, 37.846673], [-122.269631, 37.846676], [-122.269525, 37.84669], [-122.269495, 37.846694], [-122.269409, 37.846705], [-122.269382, 37.846708], [-122.269285, 37.846721], [-122.269144, 37.84674], [-122.269171, 37.846874], [-122.269176, 37.846899], [-122.269181, 37.846927], [-122.269211, 37.84711], [-122.269226, 37.847201], [-122.269134, 37.847213], [-122.269087, 37.847219], [-122.26899, 37.84658]]]]}}, {"type": "Feature", "properties": {"grade": "C", "cat": "Definitely Declining", "city": "Oakland", "label": "C7"}, "geometry": {"type": "MultiPolygon", "coordinates": [[[[-122.26498, 37.86432], [-122.260852, 37.864828], [-122.261191, 37.864782], [-122.2622, 37.864647], [-122.262482, 37.86461], [-122.262543, 37.864602], [-122.262995, 37.864546], [-122.263451, 37.864489], [-122.26482, 37.864321], [-122.264978, 37.864302], [-122.26498, 37.86432]]]]}}, {"type": "Feature", "properties": {"grade": "C", "cat": "Definitely Declining", "city": "Oakland", "label": "C7"}, "geometry": {"type": "MultiPolygon", "coordinates": [[[[-122.27165, 37.85605], [-122.2719, 37.85796], [-122.27262, 37.85796], [-122.27276, 37.85959], [-122.27201, 37.85973], [-122.27215, 37.86142], [-122.27194, 37.861451], [-122.271933, 37.861376], [-122.271879, 37.860824], [-122.271861, 37.86064], [-122.271841, 37.860465], [-122.271781, 37.859943], [-122.271762, 37.859769], [-122.271745, 37.859592], [-122.271696, 37.859064], [-122.27168, 37.858888], [-122.271656, 37.858701], [-122.271585, 37.858143], [-122.271562, 37.857957], [-122.271542, 37.857775], [-122.271485, 37.857233], [-122.271466, 37.857052], [-122.271444, 37.85687], [-122.27138, 37.856325], [-122.271359, 37.856144], [-122.271351, 37.856077], [-122.27165, 37.85605]]]]}}, {"type": "Feature", "properties": {"grade": "C", "cat": "Definitely Declining", "city": "Oakland", "label": "C7"}, "geometry": {"type": "MultiPolygon", "coordinates": [[[[-122.26838, 37.86198], [-122.26799, 37.85978], [-122.2694, 37.85625], [-122.271351, 37.856077], [-122.271359, 37.856144], [-122.27138, 37.856325], [-122.271444, 37.85687], [-122.271466, 37.857052], [-122.271485, 37.857233], [-122.271542, 37.857775], [-122.271562, 37.857957], [-122.271585, 37.858143], [-122.271656, 37.858701], [-122.27168, 37.858888], [-122.271696, 37.859064], [-122.271745, 37.859592], [-122.271762, 37.859769], [-122.271781, 37.859943], [-122.271841, 37.860465], [-122.271861, 37.86064], [-122.271879, 37.860824], [-122.271933, 37.861376], [-122.27194, 37.861451], [-122.26838, 37.86198]]], [[[-122.26835, 37.85518], [-122.26788, 37.85666], [-122.26761, 37.85736], [-122.26735, 37.85799], [-122.26692, 37.85904], [-122.26607, 37.8612], [-122.26623, 37.8623], [-122.264888, 37.862498], [-122.26488, 37.86246], [-122.264845, 37.862282], [-122.264742, 37.861748], [-122.264708, 37.861571], [-122.26467, 37.861393], [-122.26456, 37.860881], [-122.264556, 37.860859], [-122.264519, 37.860682], [-122.26448, 37.860507], [-122.264366, 37.859983], [-122.264329, 37.859809], [-122.264291, 37.859625], [-122.264177, 37.859076], [-122.264139, 37.858893], [-122.264104, 37.858717], [-122.264002, 37.858192], [-122.263968, 37.858017], [-122.263933, 37.857834], [-122.26383, 37.857288], [-122.263796, 37.857106], [-122.263739, 37.856831], [-122.263571, 37.856006], [-122.263515, 37.855732], [-122.263726, 37.855701], [-122.264359, 37.855609], [-122.264571, 37.855579], [-122.26476, 37.855557], [-122.265327, 37.855493], [-122.265517, 37.855472], [-122.265735, 37.855441], [-122.266389, 37.855352], [-122.266496, 37.855338], [-122.266598, 37.855289], [-122.266759, 37.855266], [-122.267011, 37.855231], [-122.267245, 37.855199], [-122.267407, 37.855177], [-122.267792, 37.855131], [-122.268356, 37.855064], [-122.268388, 37.855057], [-122.26835, 37.85518]]]]}}, {"type": "Feature", "properties": {"grade": "C", "cat": "Definitely Declining", "city": "Oakland", "label": "C7"}, "geometry": {"type": "MultiPolygon", "coordinates": [[[[-122.25978, 37.85946], [-122.260274, 37.856152], [-122.260961, 37.856057], [-122.261034, 37.856048], [-122.261266, 37.85602], [-122.261494, 37.855988], [-122.262178, 37.855896], [-122.262407, 37.855865], [-122.262628, 37.855838], [-122.263293, 37.855758], [-122.263515, 37.855732], [-122.263571, 37.856006], [-122.263739, 37.856831], [-122.263796, 37.857106], [-122.26383, 37.857288], [-122.263933, 37.857834], [-122.263968, 37.858017], [-122.264002, 37.858192], [-122.264104, 37.858717], [-122.264139, 37.858893], [-122.264177, 37.859076], [-122.264291, 37.859625], [-122.264329, 37.859809], [-122.264366, 37.859983], [-122.26448, 37.860507], [-122.264519, 37.860682], [-122.264074, 37.860737], [-122.26274, 37.860904], [-122.262296, 37.860961], [-122.261833, 37.861023], [-122.260445, 37.861211], [-122.260373, 37.86122], [-122.260251, 37.861237], [-122.259983, 37.861275], [-122.259589, 37.861326], [-122.25978, 37.85946]]], [[[-122.25713, 37.86156], [-122.2568, 37.85811], [-122.25694, 37.85792], [-122.256623, 37.856643], [-122.256848, 37.856616], [-122.25709, 37.856583], [-122.257818, 37.856487], [-122.258061, 37.856455], [-122.258108, 37.856448], [-122.258252, 37.856431], [-122.2583, 37.856425], [-122.258588, 37.856383], [-122.259171, 37.8563], [-122.25907, 37.85705], [-122.258541, 37.861473], [-122.257483, 37.861577], [-122.257231, 37.861593], [-122.25713, 37.86156]]]]}}, {"type": "Feature", "properties": {"grade": "C", "cat": "Definitely Declining", "city": "Oakland", "label": "C7"}, "geometry": {"type": "MultiPolygon", "coordinates": [[[[-122.25921, 37.86503], [-122.259589, 37.861326], [-122.259983, 37.861275], [-122.260251, 37.861237], [-122.260373, 37.86122], [-122.260445, 37.861211], [-122.261833, 37.861023], [-122.262296, 37.860961], [-122.26274, 37.860904], [-122.264074, 37.860737], [-122.264519, 37.860682], [-122.264556, 37.860859], [-122.26456, 37.860881], [-122.26467, 37.861393], [-122.264708, 37.861571], [-122.264742, 37.861748], [-122.264845, 37.862282], [-122.26488, 37.86246], [-122.264888, 37.862498], [-122.26474, 37.86252], [-122.264978, 37.864302], [-122.26482, 37.864321], [-122.263451, 37.864489], [-122.262995, 37.864546], [-122.262543, 37.864602], [-122.262482, 37.86461], [-122.2622, 37.864647], [-122.261191, 37.864782], [-122.260852, 37.864828], [-122.25921, 37.86503]]], [[[-122.25814, 37.86482], [-122.25783, 37.8652], [-122.25747, 37.86167], [-122.257231, 37.861593], [-122.257483, 37.861577], [-122.258541, 37.861473], [-122.25814, 37.86482]]]]}}, {"type": "Feature", "properties": {"grade": "C", "cat": "Definitely Declining", "city": "Oakland", "label": "C7"}, "geometry": {"type": "MultiPolygon", "coordinates": [[[[-122.268473, 37.848756], [-122.268612, 37.848737], [-122.268978, 37.84869], [-122.269051, 37.848681], [-122.269049, 37.848671], [-122.269043, 37.848641], [-122.269104, 37.848634], [-122.269237, 37.848617], [-122.26937, 37.8486], [-122.269507, 37.848582], [-122.269497, 37.848532], [-122.269435, 37.84823], [-122.26942, 37.848162], [-122.269409, 37.848107], [-122.269388, 37.847999], [-122.269279, 37.847479], [-122.269226, 37.847201], [-122.269211, 37.84711], [-122.269181, 37.846927], [-122.269176, 37.846899], [-122.269171, 37.846874], [-122.269144, 37.84674], [-122.269285, 37.846721], [-122.269382, 37.846708], [-122.269409, 37.846705], [-122.269495, 37.846694], [-122.269525, 37.84669], [-122.269631, 37.846676], [-122.269656, 37.846673], [-122.269789, 37.846655], [-122.269926, 37.846637], [-122.270041, 37.846622], [-122.270076, 37.846618], [-122.2702, 37.846601], [-122.270315, 37.846586], [-122.271004, 37.846496], [-122.271085, 37.846485], [-122.271236, 37.846465], [-122.27127, 37.846562], [-122.271313, 37.846641], [-122.271379, 37.846704], [-122.271568, 37.846851], [-122.27094, 37.84829], [-122.26916, 37.85283], [-122.26873, 37.85394], [-122.268388, 37.855057], [-122.268356, 37.855064], [-122.267792, 37.855131], [-122.267407, 37.855177], [-122.267245, 37.855199], [-122.267011, 37.855231], [-122.266759, 37.855266], [-122.266598, 37.855289], [-122.266496, 37.855338], [-122.266389, 37.855352], [-122.265735, 37.855441], [-122.265517, 37.855472], [-122.265327, 37.855493], [-122.26476, 37.855557], [-122.264571, 37.855579], [-122.264359, 37.855609], [-122.263726, 37.855701], [-122.263515, 37.855732], [-122.263293, 37.855758], [-122.262628, 37.855838], [-122.262407, 37.855865], [-122.262429, 37.855831], [-122.262447, 37.855793], [-122.262473, 37.855703], [-122.262471, 37.855674], [-122.262469, 37.85564], [-122.262343, 37.855074], [-122.262299, 37.854875], [-122.262248, 37.854628], [-122.262095, 37.85389], [-122.262045, 37.853645], [-122.262007, 37.853465], [-122.261896, 37.852925], [-122.26186, 37.852749], [-122.26252, 37.852662], [-122.263429, 37.85255], [-122.263489, 37.852548], [-122.263569, 37.852547], [-122.263586, 37.852522], [-122.26566, 37.85225], [-122.26667, 37.85212], [-122.26899, 37.85181], [-122.268957, 37.851618], [-122.268965, 37.851616], [-122.268928, 37.851443], [-122.268473, 37.848756]]]]}}, {"type": "Feature", "properties": {"grade": "C", "cat": "Definitely Declining", "city": "Oakland", "label": "C7"}, "geometry": {"type": "MultiPolygon", "coordinates": [[[[-122.26031, 37.85591], [-122.26086, 37.85288], [-122.26186, 37.852749], [-122.261896, 37.852925], [-122.262007, 37.853465], [-122.262045, 37.853645], [-122.262095, 37.85389], [-122.262248, 37.854628], [-122.262299, 37.854875], [-122.262343, 37.855074], [-122.262469, 37.85564], [-122.262471, 37.855674], [-122.262473, 37.855703], [-122.262447, 37.855793], [-122.262429, 37.855831], [-122.262407, 37.855865], [-122.262178, 37.855896], [-122.261494, 37.855988], [-122.261266, 37.85602], [-122.261034, 37.856048], [-122.260961, 37.856057], [-122.260274, 37.856152], [-122.26031, 37.85591]]], [[[-122.25661, 37.85659], [-122.25808, 37.85642], [-122.25742, 37.85334], [-122.25856, 37.85319], [-122.25961, 37.85305], [-122.259171, 37.8563], [-122.258588, 37.856383], [-122.2583, 37.856425], [-122.258252, 37.856431], [-122.258108, 37.856448], [-122.258061, 37.856455], [-122.257818, 37.856487], [-122.25709, 37.856583], [-122.256848, 37.856616], [-122.256623, 37.856643], [-122.25661, 37.85659]]]]}}, {"type": "Feature", "properties": {"grade": "C", "cat": "Definitely Declining", "city": "Oakland", "label": "C7"}, "geometry": {"type": "MultiPolygon", "coordinates": [[[[-122.271568, 37.846851], [-122.271379, 37.846704], [-122.271313, 37.846641], [-122.27127, 37.846562], [-122.271236, 37.846465], [-122.271329, 37.846451], [-122.271763, 37.846395], [-122.271768, 37.846394], [-122.271568, 37.846851]]]]}}, {"type": "Feature", "properties": {"grade": "C", "cat": "Definitely Declining", "city": "Oakland", "label": "C8"}, "geometry": {"type": "MultiPolygon", "coordinates": [[[[-122.27551, 37.83648], [-122.275518, 37.836442], [-122.275638, 37.836447], [-122.275665, 37.836462], [-122.275785, 37.836531], [-122.275987, 37.836646], [-122.276009, 37.836659], [-122.27604, 37.836677], [-122.276076, 37.836705], [-122.27622, 37.836818], [-122.276193, 37.836891], [-122.27551, 37.83648]]]]}}, {"type": "Feature", "properties": {"grade": "C", "cat": "Definitely Declining", "city": "Oakland", "label": "C8"}, "geometry": {"type": "MultiPolygon", "coordinates": [[[[-122.28121, 37.83743], [-122.27979, 37.83752], [-122.27859, 37.83725], [-122.27684, 37.83728], [-122.276193, 37.836891], [-122.27622, 37.836818], [-122.276257, 37.836848], [-122.27638, 37.83693], [-122.27656, 37.836897], [-122.276794, 37.836853], [-122.27694, 37.83687], [-122.277115, 37.837003], [-122.277135, 37.837077], [-122.277409, 37.837029], [-122.278062, 37.83691], [-122.27807, 37.836927], [-122.278111, 37.836933], [-122.278148, 37.836945], [-122.278187, 37.836964], [-122.27821, 37.836985], [-122.278232, 37.837001], [-122.278244, 37.83702], [-122.278312, 37.837069], [-122.278384, 37.837113], [-122.278438, 37.837131], [-122.278526, 37.837167], [-122.278546, 37.837175], [-122.278592, 37.83719], [-122.278625, 37.8372], [-122.27865, 37.837207], [-122.278678, 37.837221], [-122.27871, 37.837232], [-122.278736, 37.837234], [-122.278779, 37.837239], [-122.278816, 37.837241], [-122.278953, 37.837233], [-122.278939, 37.837178], [-122.278963, 37.83718], [-122.279294, 37.83712], [-122.27941, 37.837102], [-122.279547, 37.837075], [-122.279928, 37.837006], [-122.280308, 37.836938], [-122.281018, 37.836806], [-122.28121, 37.83743]]]]}}, {"type": "Feature", "properties": {"grade": "C", "cat": "Definitely Declining", "city": "Oakland", "label": "C8"}, "geometry": {"type": "MultiPolygon", "coordinates": [[[[-122.27776, 37.83067], [-122.277786, 37.830664], [-122.277665, 37.830981], [-122.27776, 37.83067]]], [[[-122.27608, 37.83374], [-122.277421, 37.83163], [-122.277343, 37.831835], [-122.277204, 37.832216], [-122.277168, 37.832297], [-122.276943, 37.832898], [-122.276766, 37.833361], [-122.276679, 37.833595], [-122.276648, 37.83367], [-122.276441, 37.834199], [-122.27641, 37.834279], [-122.27638, 37.834355], [-122.276182, 37.834864], [-122.276146, 37.83496], [-122.275896, 37.835661], [-122.275607, 37.83643], [-122.275638, 37.836447], [-122.275518, 37.836442], [-122.27608, 37.83374]]]]}}, {"type": "Feature", "properties": {"grade": "C", "cat": "Definitely Declining", "city": "Oakland", "label": "C8"}, "geometry": {"type": "MultiPolygon", "coordinates": [[[[-122.27904, 37.83039], [-122.281018, 37.836806], [-122.280308, 37.836938], [-122.279928, 37.837006], [-122.279547, 37.837075], [-122.27941, 37.837102], [-122.279294, 37.83712], [-122.278963, 37.83718], [-122.278939, 37.837178], [-122.278953, 37.837233], [-122.278816, 37.837241], [-122.278779, 37.837239], [-122.278736, 37.837234], [-122.27871, 37.837232], [-122.278678, 37.837221], [-122.27865, 37.837207], [-122.278625, 37.8372], [-122.278592, 37.83719], [-122.278546, 37.837175], [-122.278526, 37.837167], [-122.278438, 37.837131], [-122.278384, 37.837113], [-122.278312, 37.837069], [-122.278244, 37.83702], [-122.278232, 37.837001], [-122.27821, 37.836985], [-122.278187, 37.836964], [-122.278148, 37.836945], [-122.278111, 37.836933], [-122.27807, 37.836927], [-122.278062, 37.83691], [-122.277409, 37.837029], [-122.277135, 37.837077], [-122.277115, 37.837003], [-122.27694, 37.83687], [-122.276794, 37.836853], [-122.27656, 37.836897], [-122.27638, 37.83693], [-122.276257, 37.836848], [-122.27622, 37.836818], [-122.276076, 37.836705], [-122.27604, 37.836677], [-122.276009, 37.836659], [-122.275987, 37.836646], [-122.275785, 37.836531], [-122.275665, 37.836462], [-122.275638, 37.836447], [-122.275607, 37.83643], [-122.275896, 37.835661], [-122.276146, 37.83496], [-122.276182, 37.834864], [-122.27638, 37.834355], [-122.27641, 37.834279], [-122.276441, 37.834199], [-122.276648, 37.83367], [-122.276679, 37.833595], [-122.276766, 37.833361], [-122.276943, 37.832898], [-122.277168, 37.832297], [-122.277204, 37.832216], [-122.277343, 37.831835], [-122.277421, 37.83163], [-122.27751, 37.83149], [-122.277665, 37.830981], [-122.277786, 37.830664], [-122.27904, 37.83039]]]]}}, {"type": "Feature", "properties": {"grade": "C", "cat": "Definitely Declining", "city": "Oakland", "label": "C9"}, "geometry": {"type": "MultiPolygon", "coordinates": [[[[-122.257635, 37.842693], [-122.257644, 37.84269], [-122.257778, 37.842654], [-122.257804, 37.842645], [-122.257923, 37.842606], [-122.257728, 37.842819], [-122.257617, 37.842895], [-122.257418, 37.843096], [-122.257047, 37.843553], [-122.257635, 37.842693]]]]}}, {"type": "Feature", "properties": {"grade": "C", "cat": "Definitely Declining", "city": "Oakland", "label": "C9"}, "geometry": {"type": "MultiPolygon", "coordinates": [[[[-122.264751, 37.83776], [-122.264829, 37.837746], [-122.265026, 37.8377], [-122.265127, 37.837687], [-122.265228, 37.837681], [-122.265408, 37.837668], [-122.265436, 37.837666], [-122.265452, 37.837663], [-122.265586, 37.837642], [-122.265631, 37.837636], [-122.265565, 37.837847], [-122.26551, 37.838027], [-122.26534, 37.838461], [-122.265224, 37.83866], [-122.265144, 37.838796], [-122.264958, 37.839092], [-122.264946, 37.83911], [-122.264751, 37.83776]]], [[[-122.25843, 37.84153], [-122.26038, 37.83941], [-122.26195, 37.83807], [-122.261438, 37.841511], [-122.261366, 37.841537], [-122.261244, 37.841581], [-122.260888, 37.841694], [-122.260384, 37.841833], [-122.259891, 37.841987], [-122.258584, 37.842397], [-122.258449, 37.84244], [-122.258415, 37.842451], [-122.257923, 37.842606], [-122.257804, 37.842645], [-122.257778, 37.842654], [-122.257644, 37.84269], [-122.257635, 37.842693], [-122.25843, 37.84153]]]]}}, {"type": "Feature", "properties": {"grade": "C", "cat": "Definitely Declining", "city": "Oakland", "label": "C9"}, "geometry": {"type": "MultiPolygon", "coordinates": [[[[-122.26125, 37.8441], [-122.261461, 37.844049], [-122.26146, 37.844056], [-122.261448, 37.844103], [-122.261414, 37.844247], [-122.261404, 37.844295], [-122.261382, 37.844441], [-122.261366, 37.844551], [-122.26125, 37.8441]]], [[[-122.25768, 37.85062], [-122.25716, 37.8506], [-122.2569, 37.84995], [-122.25616, 37.84485], [-122.257047, 37.843553], [-122.257418, 37.843096], [-122.257617, 37.842895], [-122.257728, 37.842819], [-122.257923, 37.842606], [-122.258415, 37.842451], [-122.258449, 37.84244], [-122.258584, 37.842397], [-122.259891, 37.841987], [-122.260384, 37.841833], [-122.260888, 37.841694], [-122.261244, 37.841581], [-122.261366, 37.841537], [-122.261438, 37.841511], [-122.26074, 37.8462], [-122.25812, 37.84665], [-122.25865, 37.85046], [-122.26, 37.85026], [-122.259612, 37.853034], [-122.258554, 37.853172], [-122.25768, 37.85062]]]]}}, {"type": "Feature", "properties": {"grade": "C", "cat": "Definitely Declining", "city": "Oakland", "label": "C9"}, "geometry": {"type": "MultiPolygon", "coordinates": [[[[-122.26476, 37.84481], [-122.26154, 37.84523], [-122.261488, 37.845029], [-122.26164, 37.845031], [-122.261726, 37.845032], [-122.262408, 37.84493], [-122.264456, 37.844627], [-122.264734, 37.844586], [-122.26476, 37.84481]]], [[[-122.26638, 37.85106], [-122.26624, 37.84986], [-122.26615, 37.84809], [-122.26605, 37.84586], [-122.265861, 37.844418], [-122.265884, 37.844415], [-122.266071, 37.844387], [-122.266257, 37.844367], [-122.266817, 37.844306], [-122.267004, 37.844287], [-122.267217, 37.844256], [-122.267856, 37.844165], [-122.26807, 37.844136], [-122.268092, 37.844225], [-122.26816, 37.844495], [-122.268183, 37.844585], [-122.268305, 37.845251], [-122.268369, 37.845474], [-122.268411, 37.845598], [-122.268533, 37.846183], [-122.268574, 37.846374], [-122.268609, 37.846562], [-122.268681, 37.846902], [-122.268763, 37.847261], [-122.269087, 37.847219], [-122.26928, 37.8485], [-122.26845, 37.84862], [-122.268473, 37.848756], [-122.268411, 37.848765], [-122.268374, 37.848768], [-122.268448, 37.84912], [-122.268457, 37.849173], [-122.268469, 37.849171], [-122.268485, 37.849224], [-122.268522, 37.849393], [-122.268558, 37.849564], [-122.268592, 37.849751], [-122.26863, 37.849946], [-122.268639, 37.84998], [-122.268654, 37.850034], [-122.268676, 37.85015], [-122.268708, 37.850314], [-122.268709, 37.85034], [-122.26872, 37.850428], [-122.268787, 37.850761], [-122.268829, 37.850983], [-122.268851, 37.85107], [-122.268868, 37.851143], [-122.268915, 37.851383], [-122.268928, 37.851443], [-122.268957, 37.851618], [-122.268904, 37.851629], [-122.268669, 37.851681], [-122.268652, 37.851683], [-122.268436, 37.851729], [-122.26821, 37.851776], [-122.267952, 37.851822], [-122.26785, 37.851796], [-122.267778, 37.851796], [-122.267766, 37.851798], [-122.267613, 37.851819], [-122.267241, 37.851867], [-122.267067, 37.85189], [-122.267011, 37.851895], [-122.267014, 37.851911], [-122.266624, 37.851953], [-122.26638, 37.85106]]], [[[-122.26121, 37.85], [-122.26511, 37.84962], [-122.265623, 37.852074], [-122.265524, 37.852087], [-122.265268, 37.852122], [-122.265198, 37.852131], [-122.265184, 37.852133], [-122.263951, 37.852296], [-122.263924, 37.852167], [-122.263835, 37.852203], [-122.263608, 37.852296], [-122.26362, 37.85234], [-122.26363, 37.852372], [-122.263644, 37.852422], [-122.263594, 37.852511], [-122.263586, 37.852522], [-122.26252, 37.852662], [-122.262367, 37.852681], [-122.262286, 37.852691], [-122.26225, 37.852696], [-122.262245, 37.852657], [-122.262241, 37.852629], [-122.262238, 37.852606], [-122.262234, 37.852585], [-122.262221, 37.852527], [-122.262149, 37.852537], [-122.261829, 37.85258], [-122.261699, 37.852597], [-122.261686, 37.852599], [-122.261511, 37.852623], [-122.261024, 37.852691], [-122.26094, 37.852701], [-122.260881, 37.852708], [-122.26121, 37.85]]]]}}, {"type": "Feature", "properties": {"grade": "C", "cat": "Definitely Declining", "city": "Oakland", "label": "C9"}, "geometry": {"type": "MultiPolygon", "coordinates": [[[[-122.26154, 37.84403], [-122.26462, 37.8436], [-122.264734, 37.844586], [-122.264456, 37.844627], [-122.262408, 37.84493], [-122.261726, 37.845032], [-122.26164, 37.845031], [-122.261488, 37.845029], [-122.261366, 37.844551], [-122.261382, 37.844441], [-122.261404, 37.844295], [-122.261414, 37.844247], [-122.261448, 37.844103], [-122.26146, 37.844056], [-122.261461, 37.844049], [-122.26154, 37.84403]]], [[[-122.26577, 37.84372], [-122.26539, 37.84271], [-122.2651, 37.84018], [-122.264946, 37.83911], [-122.264958, 37.839092], [-122.265144, 37.838796], [-122.265224, 37.83866], [-122.26534, 37.838461], [-122.26551, 37.838027], [-122.265565, 37.837847], [-122.265631, 37.837636], [-122.265835, 37.837606], [-122.26612, 37.837565], [-122.266448, 37.837511], [-122.266589, 37.837489], [-122.266653, 37.837482], [-122.266684, 37.837496], [-122.266712, 37.837514], [-122.266724, 37.83753], [-122.266742, 37.837591], [-122.266748, 37.837623], [-122.266861, 37.838165], [-122.266905, 37.838345], [-122.266938, 37.838522], [-122.26704, 37.839056], [-122.267074, 37.839234], [-122.26711, 37.839417], [-122.26722, 37.839968], [-122.267241, 37.840068], [-122.267257, 37.840152], [-122.267285, 37.840304], [-122.267372, 37.84076], [-122.267402, 37.840912], [-122.267434, 37.841064], [-122.26753, 37.84152], [-122.267562, 37.841672], [-122.267587, 37.841792], [-122.267665, 37.842152], [-122.267691, 37.842273], [-122.267728, 37.842462], [-122.267841, 37.843029], [-122.267879, 37.843219], [-122.267898, 37.843313], [-122.267955, 37.843596], [-122.267974, 37.843691], [-122.267993, 37.84378], [-122.26805, 37.844047], [-122.26807, 37.844136], [-122.267856, 37.844165], [-122.267217, 37.844256], [-122.267004, 37.844287], [-122.266817, 37.844306], [-122.266257, 37.844367], [-122.266071, 37.844387], [-122.265884, 37.844415], [-122.265861, 37.844418], [-122.26577, 37.84372]]]]}}, {"type": "Feature", "properties": {"grade": "C", "cat": "Definitely Declining", "city": "Oakland", "label": "C9"}, "geometry": {"type": "MultiPolygon", "coordinates": [[[[-122.26874, 37.83818], [-122.26998, 37.84268], [-122.26995, 37.84308], [-122.2702, 37.84485], [-122.27061, 37.84635], [-122.26899, 37.84658], [-122.269087, 37.847219], [-122.268763, 37.847261], [-122.268681, 37.846902], [-122.268609, 37.846562], [-122.268574, 37.846374], [-122.268533, 37.846183], [-122.268411, 37.845598], [-122.268369, 37.845474], [-122.268305, 37.845251], [-122.268183, 37.844585], [-122.26816, 37.844495], [-122.268092, 37.844225], [-122.26807, 37.844136], [-122.26805, 37.844047], [-122.267993, 37.84378], [-122.267974, 37.843691], [-122.267955, 37.843596], [-122.267898, 37.843313], [-122.267879, 37.843219], [-122.267841, 37.843029], [-122.267728, 37.842462], [-122.267691, 37.842273], [-122.267665, 37.842152], [-122.267587, 37.841792], [-122.267562, 37.841672], [-122.26753, 37.84152], [-122.267434, 37.841064], [-122.267402, 37.840912], [-122.267372, 37.84076], [-122.267285, 37.840304], [-122.267257, 37.840152], [-122.267241, 37.840068], [-122.26722, 37.839968], [-122.26711, 37.839417], [-122.267074, 37.839234], [-122.26704, 37.839056], [-122.266938, 37.838522], [-122.266905, 37.838345], [-122.266861, 37.838165], [-122.266748, 37.837623], [-122.266742, 37.837591], [-122.266724, 37.83753], [-122.266712, 37.837514], [-122.266684, 37.837496], [-122.266653, 37.837482], [-122.267064, 37.83744], [-122.267385, 37.837408], [-122.267935, 37.837346], [-122.268147, 37.837323], [-122.26874, 37.83818]]]]}}, {"type": "Feature", "properties": {"grade": "C", "cat": "Definitely Declining", "city": "Oakland", "label": "C9"}, "geometry": {"type": "MultiPolygon", "coordinates": [[[[-122.26767, 37.83156], [-122.26681, 37.83539], [-122.268147, 37.837323], [-122.267935, 37.837346], [-122.267385, 37.837408], [-122.267064, 37.83744], [-122.266653, 37.837482], [-122.266589, 37.837489], [-122.266448, 37.837511], [-122.26612, 37.837565], [-122.265835, 37.837606], [-122.265631, 37.837636], [-122.265647, 37.837578], [-122.265755, 37.837034], [-122.266115, 37.835227], [-122.266118, 37.835217], [-122.266236, 37.834625], [-122.266258, 37.834514], [-122.266299, 37.834312], [-122.266327, 37.834181], [-122.266351, 37.834071], [-122.266379, 37.833937], [-122.266465, 37.833538], [-122.266494, 37.833405], [-122.266514, 37.83331], [-122.266578, 37.833025], [-122.266599, 37.832931], [-122.266628, 37.832774], [-122.266718, 37.832303], [-122.266748, 37.832147], [-122.266777, 37.831985], [-122.266865, 37.8315], [-122.266879, 37.831424], [-122.26767, 37.83156]]]]}}, {"type": "Feature", "properties": {"grade": "C", "cat": "Definitely Declining", "city": "Oakland", "label": "C9"}, "geometry": {"type": "MultiPolygon", "coordinates": [[[[-122.26414, 37.83353], [-122.26414, 37.83314], [-122.26471, 37.83105], [-122.266879, 37.831424], [-122.266865, 37.8315], [-122.266777, 37.831985], [-122.266748, 37.832147], [-122.266718, 37.832303], [-122.266628, 37.832774], [-122.266599, 37.832931], [-122.266578, 37.833025], [-122.266514, 37.83331], [-122.266494, 37.833405], [-122.266465, 37.833538], [-122.266379, 37.833937], [-122.266351, 37.834071], [-122.266327, 37.834181], [-122.266299, 37.834312], [-122.266258, 37.834514], [-122.266236, 37.834625], [-122.266118, 37.835217], [-122.266115, 37.835227], [-122.265755, 37.837034], [-122.265647, 37.837578], [-122.265631, 37.837636], [-122.265586, 37.837642], [-122.265452, 37.837663], [-122.265436, 37.837666], [-122.265408, 37.837668], [-122.265228, 37.837681], [-122.265127, 37.837687], [-122.265026, 37.8377], [-122.264829, 37.837746], [-122.264751, 37.83776], [-122.26414, 37.83353]]]]}}, {"type": "Feature", "properties": {"grade": "C", "cat": "Definitely Declining", "city": "Oakland", "label": "C9"}, "geometry": {"type": "MultiPolygon", "coordinates": [[[[-122.26899, 37.85181], [-122.26667, 37.85212], [-122.266624, 37.851953], [-122.267014, 37.851911], [-122.267011, 37.851895], [-122.267067, 37.85189], [-122.267241, 37.851867], [-122.267613, 37.851819], [-122.267766, 37.851798], [-122.267778, 37.851796], [-122.26785, 37.851796], [-122.267952, 37.851822], [-122.26821, 37.851776], [-122.268436, 37.851729], [-122.268652, 37.851683], [-122.268669, 37.851681], [-122.268904, 37.851629], [-122.268957, 37.851618], [-122.26899, 37.85181]]], [[[-122.268928, 37.851443], [-122.268915, 37.851383], [-122.268868, 37.851143], [-122.268851, 37.85107], [-122.268829, 37.850983], [-122.268787, 37.850761], [-122.26872, 37.850428], [-122.268709, 37.85034], [-122.268708, 37.850314], [-122.268676, 37.85015], [-122.268654, 37.850034], [-122.268639, 37.84998], [-122.26863, 37.849946], [-122.268592, 37.849751], [-122.268558, 37.849564], [-122.268522, 37.849393], [-122.268485, 37.849224], [-122.268469, 37.849171], [-122.268457, 37.849173], [-122.268448, 37.84912], [-122.268374, 37.848768], [-122.268411, 37.848765], [-122.268473, 37.848756], [-122.268928, 37.851443]]], [[[-122.26186, 37.852749], [-122.261859, 37.852745], [-122.261853, 37.852712], [-122.261835, 37.852613], [-122.261829, 37.85258], [-122.262149, 37.852537], [-122.262221, 37.852527], [-122.262234, 37.852585], [-122.262238, 37.852606], [-122.262241, 37.852629], [-122.262245, 37.852657], [-122.26225, 37.852696], [-122.262286, 37.852691], [-122.262367, 37.852681], [-122.26252, 37.852662], [-122.26186, 37.852749]]], [[[-122.26566, 37.85225], [-122.263586, 37.852522], [-122.263594, 37.852511], [-122.263644, 37.852422], [-122.26363, 37.852372], [-122.26362, 37.85234], [-122.263608, 37.852296], [-122.263835, 37.852203], [-122.263924, 37.852167], [-122.263951, 37.852296], [-122.265184, 37.852133], [-122.265198, 37.852131], [-122.265268, 37.852122], [-122.265524, 37.852087], [-122.265623, 37.852074], [-122.26566, 37.85225]]]]}}, {"type": "Feature", "properties": {"grade": "C", "cat": "Definitely Declining", "city": "Oakland", "label": "C9"}, "geometry": {"type": "MultiPolygon", "coordinates": [[[[-122.26086, 37.85288], [-122.260881, 37.852708], [-122.26094, 37.852701], [-122.261024, 37.852691], [-122.261511, 37.852623], [-122.261686, 37.852599], [-122.261699, 37.852597], [-122.261829, 37.85258], [-122.261835, 37.852613], [-122.261853, 37.852712], [-122.261859, 37.852745], [-122.26186, 37.852749], [-122.26086, 37.85288]]], [[[-122.25961, 37.85305], [-122.25856, 37.85319], [-122.258554, 37.853172], [-122.259612, 37.853034], [-122.25961, 37.85305]]]]}}, {"type": "Feature", "properties": {"grade": "D", "cat": "Hazardous", "city": "Oakland", "label": "D1"}, "geometry": {"type": "MultiPolygon", "coordinates": [[[[-122.26565, 37.88796], [-122.26591, 37.89001], [-122.26535, 37.89002], [-122.2649, 37.89022], [-122.26407, 37.89062], [-122.26353, 37.89106], [-122.26314, 37.89137], [-122.26268, 37.8917], [-122.26223, 37.89188], [-122.26087, 37.89218], [-122.26051, 37.89218], [-122.26018, 37.89202], [-122.25976, 37.89166], [-122.25969, 37.8914], [-122.25991, 37.89104], [-122.25983, 37.89091], [-122.25976, 37.89081], [-122.25943, 37.8907], [-122.25919, 37.89067], [-122.25887, 37.89067], [-122.25876, 37.89063], [-122.25931, 37.89032], [-122.25989, 37.89016], [-122.2602, 37.89014], [-122.26052, 37.89016], [-122.2609, 37.89018], [-122.26188, 37.88994], [-122.26241, 37.88967], [-122.2623, 37.8891], [-122.26208, 37.88886], [-122.2616, 37.88848], [-122.26145, 37.88821], [-122.26144, 37.88802], [-122.26153, 37.88782], [-122.26177, 37.88773], [-122.26211, 37.88761], [-122.26236, 37.8875], [-122.26255, 37.88735], [-122.2626, 37.88705], [-122.2626, 37.88673], [-122.262661, 37.886516], [-122.262772, 37.886507], [-122.263072, 37.886476], [-122.26324, 37.88646], [-122.263468, 37.886433], [-122.264154, 37.886354], [-122.264383, 37.886328], [-122.264513, 37.886315], [-122.264607, 37.886302], [-122.265279, 37.886215], [-122.265437, 37.886195], [-122.26565, 37.88796]]]]}}, {"type": "Feature", "properties": {"grade": "D", "cat": "Hazardous", "city": "Oakland", "label": "D1"}, "geometry": {"type": "MultiPolygon", "coordinates": [[[[-122.26276, 37.88617], [-122.26311, 37.88555], [-122.26533, 37.88531], [-122.265437, 37.886195], [-122.265279, 37.886215], [-122.264607, 37.886302], [-122.264513, 37.886315], [-122.264383, 37.886328], [-122.264154, 37.886354], [-122.263468, 37.886433], [-122.26324, 37.88646], [-122.263072, 37.886476], [-122.262772, 37.886507], [-122.262661, 37.886516], [-122.26276, 37.88617]]]]}}, {"type": "Feature", "properties": {"grade": "D", "cat": "Hazardous", "city": "Oakland", "label": "D10"}, "geometry": {"type": "MultiPolygon", "coordinates": [[[[-122.22763, 37.79379], [-122.226657, 37.793613], [-122.226685, 37.793545], [-122.22677, 37.793559], [-122.226909, 37.793581], [-122.227581, 37.793693], [-122.227805, 37.793731], [-122.227907, 37.793747], [-122.22763, 37.79379]]], [[[-122.228225, 37.793799], [-122.228235, 37.793801], [-122.228307, 37.793826], [-122.22841, 37.793872], [-122.228602, 37.793979], [-122.228639, 37.794001], [-122.228831, 37.794114], [-122.229028, 37.794232], [-122.229163, 37.794313], [-122.228225, 37.793799]]]]}}, {"type": "Feature", "properties": {"grade": "D", "cat": "Hazardous", "city": "Oakland", "label": "D10"}, "geometry": {"type": "MultiPolygon", "coordinates": [[[[-122.22808, 37.79372], [-122.227907, 37.793747], [-122.227805, 37.793731], [-122.227581, 37.793693], [-122.226909, 37.793581], [-122.22677, 37.793559], [-122.226685, 37.793545], [-122.226718, 37.793482], [-122.226772, 37.793397], [-122.226862, 37.793269], [-122.227436, 37.792468], [-122.227627, 37.792202], [-122.227695, 37.792119], [-122.227756, 37.792051], [-122.227782, 37.792023], [-122.228169, 37.791623], [-122.228257, 37.791532], [-122.228308, 37.791481], [-122.22833, 37.79146], [-122.228396, 37.791397], [-122.228418, 37.791376], [-122.228546, 37.791248], [-122.228743, 37.791053], [-122.228905, 37.790894], [-122.228935, 37.790871], [-122.229001, 37.790821], [-122.229086, 37.790772], [-122.229294, 37.790661], [-122.22992, 37.790332], [-122.230129, 37.790222], [-122.230201, 37.790173], [-122.230363, 37.790025], [-122.230762, 37.789595], [-122.230914, 37.789441], [-122.230987, 37.789482], [-122.231077, 37.789532], [-122.231386, 37.789761], [-122.231583, 37.789907], [-122.2323, 37.790349], [-122.232844, 37.790667], [-122.233339, 37.790957], [-122.233412, 37.791], [-122.233759, 37.791209], [-122.235019, 37.79197], [-122.23544, 37.792224], [-122.235512, 37.792267], [-122.235546, 37.792287], [-122.23495, 37.79302], [-122.23278, 37.79176], [-122.23188, 37.79259], [-122.2301, 37.79152], [-122.22965, 37.79458], [-122.229163, 37.794313], [-122.229028, 37.794232], [-122.228831, 37.794114], [-122.228639, 37.794001], [-122.228602, 37.793979], [-122.22841, 37.793872], [-122.228307, 37.793826], [-122.228235, 37.793801], [-122.228225, 37.793799], [-122.22808, 37.79372]]]]}}, {"type": "Feature", "properties": {"grade": "D", "cat": "Hazardous", "city": "Oakland", "label": "D10"}, "geometry": {"type": "MultiPolygon", "coordinates": [[[[-122.23659, 37.78444], [-122.240666, 37.786866], [-122.240658, 37.786874], [-122.24058, 37.786956], [-122.240348, 37.787201], [-122.240271, 37.787284], [-122.24019, 37.78737], [-122.239949, 37.787629], [-122.239869, 37.787716], [-122.239784, 37.787799], [-122.23953, 37.788049], [-122.239494, 37.788086], [-122.239448, 37.788135], [-122.239376, 37.788216], [-122.239161, 37.788459], [-122.23909, 37.788541], [-122.23901, 37.788622], [-122.23877, 37.788866], [-122.238691, 37.788948], [-122.238611, 37.789034], [-122.238374, 37.789291], [-122.238295, 37.789378], [-122.238214, 37.78946], [-122.237974, 37.789708], [-122.237968, 37.789716], [-122.237924, 37.789748], [-122.237876, 37.789765], [-122.237808, 37.789787], [-122.237751, 37.789818], [-122.237468, 37.790112], [-122.237434, 37.790148], [-122.237374, 37.790211], [-122.237304, 37.790284], [-122.237115, 37.790488], [-122.237102, 37.790509], [-122.237085, 37.790542], [-122.237072, 37.790605], [-122.237058, 37.79065], [-122.237033, 37.790697], [-122.237021, 37.790708], [-122.236779, 37.790961], [-122.236699, 37.791046], [-122.236601, 37.791144], [-122.236367, 37.79138], [-122.236295, 37.791427], [-122.236238, 37.79151], [-122.235512, 37.792267], [-122.23544, 37.792224], [-122.235019, 37.79197], [-122.233759, 37.791209], [-122.233412, 37.791], [-122.233339, 37.790957], [-122.232844, 37.790667], [-122.2323, 37.790349], [-122.231583, 37.789907], [-122.231386, 37.789761], [-122.231077, 37.789532], [-122.230987, 37.789482], [-122.230914, 37.789441], [-122.231189, 37.789162], [-122.231487, 37.788844], [-122.231654, 37.788668], [-122.231788, 37.788471], [-122.231852, 37.788347], [-122.231897, 37.788246], [-122.231927, 37.788161], [-122.23196, 37.788044], [-122.231976, 37.787942], [-122.232013, 37.78758], [-122.232024, 37.787418], [-122.232038, 37.78735], [-122.232053, 37.787285], [-122.23209, 37.78719], [-122.232156, 37.787056], [-122.232326, 37.786798], [-122.232365, 37.786744], [-122.232503, 37.786558], [-122.232998, 37.786025], [-122.233187, 37.785832], [-122.2333, 37.785727], [-122.233724, 37.785426], [-122.234054, 37.785193], [-122.234113, 37.785138], [-122.234293, 37.784972], [-122.234864, 37.784455], [-122.235112, 37.784218], [-122.235469, 37.78385], [-122.23659, 37.78444]]]]}}, {"type": "Feature", "properties": {"grade": "D", "cat": "Hazardous", "city": "Oakland", "label": "D10"}, "geometry": {"type": "MultiPolygon", "coordinates": [[[[-122.24089, 37.787], [-122.24523, 37.7896], [-122.24566, 37.7899], [-122.24561, 37.79017], [-122.2453, 37.7905], [-122.24498, 37.79076], [-122.24474, 37.79056], [-122.24393, 37.79096], [-122.24248, 37.79009], [-122.24049, 37.78885], [-122.23903, 37.79029], [-122.23996, 37.79096], [-122.23756, 37.79344], [-122.23556, 37.79227], [-122.235546, 37.792287], [-122.235512, 37.792267], [-122.236238, 37.79151], [-122.236295, 37.791427], [-122.236367, 37.79138], [-122.236601, 37.791144], [-122.236699, 37.791046], [-122.236779, 37.790961], [-122.237021, 37.790708], [-122.237033, 37.790697], [-122.237058, 37.79065], [-122.237072, 37.790605], [-122.237085, 37.790542], [-122.237102, 37.790509], [-122.237115, 37.790488], [-122.237304, 37.790284], [-122.237374, 37.790211], [-122.237434, 37.790148], [-122.237468, 37.790112], [-122.237751, 37.789818], [-122.237808, 37.789787], [-122.237876, 37.789765], [-122.237924, 37.789748], [-122.237968, 37.789716], [-122.237974, 37.789708], [-122.238214, 37.78946], [-122.238295, 37.789378], [-122.238374, 37.789291], [-122.238611, 37.789034], [-122.238691, 37.788948], [-122.23877, 37.788866], [-122.23901, 37.788622], [-122.23909, 37.788541], [-122.239161, 37.788459], [-122.239376, 37.788216], [-122.239448, 37.788135], [-122.239494, 37.788086], [-122.23953, 37.788049], [-122.239784, 37.787799], [-122.239869, 37.787716], [-122.239949, 37.787629], [-122.24019, 37.78737], [-122.240271, 37.787284], [-122.240348, 37.787201], [-122.24058, 37.786956], [-122.240658, 37.786874], [-122.240666, 37.786866], [-122.24089, 37.787]]]]}}, {"type": "Feature", "properties": {"grade": "D", "cat": "Hazardous", "city": "Oakland", "label": "D10"}, "geometry": {"type": "MultiPolygon", "coordinates": [[[[-122.23214, 37.78508], [-122.2327, 37.78514], [-122.23326, 37.78443], [-122.23336, 37.78429], [-122.23429, 37.78323], [-122.235469, 37.78385], [-122.235112, 37.784218], [-122.234864, 37.784455], [-122.234293, 37.784972], [-122.234113, 37.785138], [-122.234054, 37.785193], [-122.233724, 37.785426], [-122.2333, 37.785727], [-122.233187, 37.785832], [-122.232998, 37.786025], [-122.232503, 37.786558], [-122.232365, 37.786744], [-122.232326, 37.786798], [-122.232156, 37.787056], [-122.23209, 37.78719], [-122.232053, 37.787285], [-122.232038, 37.78735], [-122.232024, 37.787418], [-122.232013, 37.78758], [-122.231976, 37.787942], [-122.23196, 37.788044], [-122.231927, 37.788161], [-122.231897, 37.788246], [-122.231852, 37.788347], [-122.231788, 37.788471], [-122.231654, 37.788668], [-122.231487, 37.788844], [-122.231189, 37.789162], [-122.230914, 37.789441], [-122.230663, 37.789287], [-122.22977, 37.788741], [-122.229666, 37.788677], [-122.228979, 37.78826], [-122.23214, 37.78508]]]]}}, {"type": "Feature", "properties": {"grade": "D", "cat": "Hazardous", "city": "Oakland", "label": "D10"}, "geometry": {"type": "MultiPolygon", "coordinates": [[[[-122.22846, 37.79064], [-122.23029, 37.78912], [-122.22893, 37.78831], [-122.228979, 37.78826], [-122.229666, 37.788677], [-122.22977, 37.788741], [-122.230663, 37.789287], [-122.230914, 37.789441], [-122.230762, 37.789595], [-122.230363, 37.790025], [-122.230201, 37.790173], [-122.230129, 37.790222], [-122.22992, 37.790332], [-122.229294, 37.790661], [-122.229086, 37.790772], [-122.229001, 37.790821], [-122.228935, 37.790871], [-122.228905, 37.790894], [-122.228743, 37.791053], [-122.228546, 37.791248], [-122.228418, 37.791376], [-122.228396, 37.791397], [-122.22833, 37.79146], [-122.228308, 37.791481], [-122.228257, 37.791532], [-122.228169, 37.791623], [-122.227782, 37.792023], [-122.227756, 37.792051], [-122.227695, 37.792119], [-122.227627, 37.792202], [-122.227436, 37.792468], [-122.226862, 37.793269], [-122.226772, 37.793397], [-122.226718, 37.793482], [-122.226685, 37.793545], [-122.226541, 37.793523], [-122.226473, 37.793512], [-122.226378, 37.793498], [-122.226258, 37.793473], [-122.226121, 37.793417], [-122.226094, 37.793406], [-122.225991, 37.793354], [-122.225981, 37.793348], [-122.22846, 37.79064]]]]}}, {"type": "Feature", "properties": {"grade": "D", "cat": "Hazardous", "city": "Oakland", "label": "D10"}, "geometry": {"type": "MultiPolygon", "coordinates": [[[[-122.22587, 37.79347], [-122.225981, 37.793348], [-122.225991, 37.793354], [-122.226094, 37.793406], [-122.226121, 37.793417], [-122.226258, 37.793473], [-122.226378, 37.793498], [-122.226473, 37.793512], [-122.226541, 37.793523], [-122.226685, 37.793545], [-122.226657, 37.793613], [-122.22587, 37.79347]]]]}}, {"type": "Feature", "properties": {"grade": "D", "cat": "Hazardous", "city": "Oakland", "label": "D11"}, "geometry": {"type": "MultiPolygon", "coordinates": [[[[-122.27112, 37.79751], [-122.27, 37.79701], [-122.26969, 37.79762], [-122.27076, 37.79812], [-122.26951, 37.80022], [-122.26816, 37.799704], [-122.268169, 37.799689], [-122.268254, 37.799551], [-122.26851, 37.799139], [-122.268596, 37.799002], [-122.268686, 37.798865], [-122.268959, 37.798458], [-122.26905, 37.798322], [-122.269132, 37.798187], [-122.269382, 37.797783], [-122.269465, 37.797649], [-122.269547, 37.797506], [-122.269712, 37.797222], [-122.269795, 37.797079], [-122.269879, 37.796937], [-122.269931, 37.796854], [-122.269951, 37.796823], [-122.270061, 37.796641], [-122.270085, 37.796604], [-122.27014, 37.796524], [-122.270791, 37.796772], [-122.271234, 37.796928], [-122.271352, 37.796969], [-122.271428, 37.796996], [-122.27112, 37.79751]]]]}}, {"type": "Feature", "properties": {"grade": "D", "cat": "Hazardous", "city": "Oakland", "label": "D11"}, "geometry": {"type": "MultiPolygon", "coordinates": [[[[-122.264609, 37.798346], [-122.264614, 37.798338], [-122.264652, 37.798275], [-122.264703, 37.798194], [-122.264975, 37.797765], [-122.265066, 37.797622], [-122.26515, 37.797484], [-122.265406, 37.79707], [-122.265491, 37.796932], [-122.265575, 37.796795], [-122.265831, 37.796384], [-122.265916, 37.796248], [-122.266003, 37.796105], [-122.266267, 37.795678], [-122.266355, 37.795536], [-122.266408, 37.795452], [-122.266522, 37.795274], [-122.266564, 37.795201], [-122.266615, 37.795117], [-122.266854, 37.795214], [-122.267458, 37.79546], [-122.267572, 37.795503], [-122.267814, 37.795595], [-122.268273, 37.795774], [-122.268981, 37.79608], [-122.27014, 37.796524], [-122.270085, 37.796604], [-122.270061, 37.796641], [-122.269951, 37.796823], [-122.269931, 37.796854], [-122.269879, 37.796937], [-122.269795, 37.797079], [-122.269712, 37.797222], [-122.269547, 37.797506], [-122.269465, 37.797649], [-122.269382, 37.797783], [-122.269132, 37.798187], [-122.26905, 37.798322], [-122.268959, 37.798458], [-122.268686, 37.798865], [-122.268596, 37.799002], [-122.26851, 37.799139], [-122.268254, 37.799551], [-122.268169, 37.799689], [-122.26816, 37.799704], [-122.264609, 37.798346]], [[-122.2662, 37.79793], [-122.26652, 37.79746], [-122.26559, 37.79705], [-122.26525, 37.79748], [-122.2662, 37.79793]]]]}}, {"type": "Feature", "properties": {"grade": "D", "cat": "Hazardous", "city": "Oakland", "label": "D11"}, "geometry": {"type": "MultiPolygon", "coordinates": [[[[-122.2597, 37.79623], [-122.25971, 37.79788], [-122.259553, 37.798232], [-122.259551, 37.798132], [-122.259565, 37.797839], [-122.259531, 37.797304], [-122.259496, 37.796832], [-122.259577, 37.79632], [-122.259604, 37.796245], [-122.259659, 37.796092], [-122.259791, 37.795824], [-122.2597, 37.79623]]], [[[-122.26339, 37.79788], [-122.26369, 37.79718], [-122.26289, 37.7969], [-122.26302, 37.79609], [-122.26084, 37.795262], [-122.261152, 37.7951], [-122.2612, 37.794576], [-122.261148, 37.794416], [-122.261089, 37.794234], [-122.261091, 37.794051], [-122.261222, 37.793893], [-122.261327, 37.793807], [-122.261382, 37.793762], [-122.261438, 37.793717], [-122.26154, 37.793633], [-122.26162, 37.793524], [-122.2617, 37.793418], [-122.261761, 37.793019], [-122.262059, 37.792392], [-122.262069, 37.792372], [-122.262186, 37.792234], [-122.262204, 37.792221], [-122.262213, 37.792201], [-122.262302, 37.792096], [-122.262324, 37.792086], [-122.262327, 37.792067], [-122.262346, 37.792043], [-122.262441, 37.79193], [-122.262461, 37.791908], [-122.262474, 37.791893], [-122.262528, 37.791826], [-122.262691, 37.791628], [-122.262746, 37.791562], [-122.262901, 37.791542], [-122.263258, 37.791543], [-122.262963, 37.791175], [-122.262974, 37.791103], [-122.263006, 37.790887], [-122.263017, 37.79082], [-122.264373, 37.791031], [-122.264433, 37.791074], [-122.264458, 37.791044], [-122.26764, 37.79154], [-122.272178, 37.793272], [-122.272125, 37.793359], [-122.272107, 37.79339], [-122.272052, 37.793484], [-122.272035, 37.793516], [-122.271952, 37.79365], [-122.2717, 37.794051], [-122.271616, 37.794185], [-122.271529, 37.794322], [-122.271269, 37.794735], [-122.271203, 37.794841], [-122.271183, 37.794874], [-122.27116, 37.794913], [-122.271078, 37.795045], [-122.270833, 37.79544], [-122.270752, 37.795573], [-122.270422, 37.796085], [-122.270317, 37.79625], [-122.270283, 37.796313], [-122.270202, 37.796432], [-122.27014, 37.796524], [-122.268981, 37.79608], [-122.268273, 37.795774], [-122.267814, 37.795595], [-122.267572, 37.795503], [-122.267458, 37.79546], [-122.266854, 37.795214], [-122.266615, 37.795117], [-122.266564, 37.795201], [-122.266522, 37.795274], [-122.266408, 37.795452], [-122.266355, 37.795536], [-122.266267, 37.795678], [-122.266003, 37.796105], [-122.265916, 37.796248], [-122.265831, 37.796384], [-122.265575, 37.796795], [-122.265491, 37.796932], [-122.265406, 37.79707], [-122.26515, 37.797484], [-122.265066, 37.797622], [-122.264975, 37.797765], [-122.264703, 37.798194], [-122.264652, 37.798275], [-122.264614, 37.798338], [-122.264609, 37.798346], [-122.26339, 37.79788]]]]}}, {"type": "Feature", "properties": {"grade": "D", "cat": "Hazardous", "city": "Oakland", "label": "D11"}, "geometry": {"type": "MultiPolygon", "coordinates": [[[[-122.2595, 37.79835], [-122.259145, 37.798284], [-122.259303, 37.798293], [-122.259522, 37.7983], [-122.2595, 37.79835]]]]}}, {"type": "Feature", "properties": {"grade": "D", "cat": "Hazardous", "city": "Oakland", "label": "D11"}, "geometry": {"type": "MultiPolygon", "coordinates": [[[[-122.24803, 37.7907], [-122.24716, 37.78994], [-122.247147, 37.789933], [-122.247175, 37.789913], [-122.247313, 37.79002], [-122.248014, 37.790626], [-122.248069, 37.790675], [-122.24803, 37.7907]]]]}}, {"type": "Feature", "properties": {"grade": "D", "cat": "Hazardous", "city": "Oakland", "label": "D11"}, "geometry": {"type": "MultiPolygon", "coordinates": [[[[-122.24619, 37.78945], [-122.24619, 37.789441], [-122.246217, 37.789454], [-122.246823, 37.789724], [-122.247025, 37.789824], [-122.247175, 37.789913], [-122.247147, 37.789933], [-122.24619, 37.78945]]]]}}, {"type": "Feature", "properties": {"grade": "D", "cat": "Hazardous", "city": "Oakland", "label": "D11"}, "geometry": {"type": "MultiPolygon", "coordinates": [[[[-122.24621, 37.78893], [-122.23708, 37.78352], [-122.23734, 37.78326], [-122.236518, 37.782765], [-122.236667, 37.78261], [-122.236743, 37.782649], [-122.237056, 37.782841], [-122.237736, 37.783261], [-122.238151, 37.783507], [-122.238219, 37.783545], [-122.238615, 37.783767], [-122.23868, 37.783675], [-122.238716, 37.783585], [-122.238723, 37.783516], [-122.238713, 37.783419], [-122.238694, 37.78335], [-122.238686, 37.783322], [-122.238627, 37.783227], [-122.238563, 37.783154], [-122.23843, 37.783056], [-122.238051, 37.782831], [-122.237772, 37.78262], [-122.237651, 37.782512], [-122.237598, 37.782446], [-122.237517, 37.782338], [-122.237455, 37.782208], [-122.237421, 37.782134], [-122.237309, 37.781758], [-122.237309, 37.781758], [-122.23807, 37.78096], [-122.23928, 37.78082], [-122.23929, 37.77968], [-122.24107, 37.77951], [-122.2423, 37.7794], [-122.24331, 37.78405], [-122.24347, 37.78506], [-122.24373, 37.78537], [-122.24428, 37.78571], [-122.24491, 37.78607], [-122.24641, 37.78687], [-122.24841, 37.78767], [-122.24893, 37.78785], [-122.25023, 37.78813], [-122.25121, 37.78831], [-122.25191, 37.78854], [-122.25241, 37.78864], [-122.25355, 37.78903], [-122.25458, 37.78938], [-122.25545, 37.78959], [-122.25678, 37.78979], [-122.25873, 37.7901], [-122.26013, 37.79036], [-122.26225, 37.7907], [-122.263017, 37.79082], [-122.263006, 37.790887], [-122.262974, 37.791103], [-122.262963, 37.791175], [-122.263258, 37.791543], [-122.262901, 37.791542], [-122.262746, 37.791562], [-122.262691, 37.791628], [-122.262528, 37.791826], [-122.262474, 37.791893], [-122.262461, 37.791908], [-122.262441, 37.79193], [-122.262346, 37.792043], [-122.262327, 37.792067], [-122.262324, 37.792086], [-122.262302, 37.792096], [-122.262213, 37.792201], [-122.262204, 37.792221], [-122.262186, 37.792234], [-122.262069, 37.792372], [-122.262059, 37.792392], [-122.261761, 37.793019], [-122.2617, 37.793418], [-122.26162, 37.793524], [-122.26154, 37.793633], [-122.261438, 37.793717], [-122.261382, 37.793762], [-122.261327, 37.793807], [-122.261222, 37.793893], [-122.261091, 37.794051], [-122.261089, 37.794234], [-122.261148, 37.794416], [-122.2612, 37.794576], [-122.261152, 37.7951], [-122.26084, 37.795262], [-122.25999, 37.79494], [-122.259791, 37.795824], [-122.259659, 37.796092], [-122.259604, 37.796245], [-122.259577, 37.79632], [-122.259496, 37.796832], [-122.259531, 37.797304], [-122.259565, 37.797839], [-122.259551, 37.798132], [-122.259553, 37.798232], [-122.259522, 37.7983], [-122.259303, 37.798293], [-122.259145, 37.798284], [-122.25832, 37.79813], [-122.24898, 37.7901], [-122.248069, 37.790675], [-122.248014, 37.790626], [-122.247313, 37.79002], [-122.247175, 37.789913], [-122.247025, 37.789824], [-122.246823, 37.789724], [-122.246217, 37.789454], [-122.24619, 37.789441], [-122.24621, 37.78893]]]]}}, {"type": "Feature", "properties": {"grade": "D", "cat": "Hazardous", "city": "Oakland", "label": "D11"}, "geometry": {"type": "MultiPolygon", "coordinates": [[[[-122.23641, 37.7827], [-122.237309, 37.781758], [-122.237309, 37.781758], [-122.237421, 37.782134], [-122.237455, 37.782208], [-122.237517, 37.782338], [-122.237598, 37.782446], [-122.237651, 37.782512], [-122.237772, 37.78262], [-122.238051, 37.782831], [-122.23843, 37.783056], [-122.238563, 37.783154], [-122.238627, 37.783227], [-122.238686, 37.783322], [-122.238694, 37.78335], [-122.238713, 37.783419], [-122.238723, 37.783516], [-122.238716, 37.783585], [-122.23868, 37.783675], [-122.238615, 37.783767], [-122.238219, 37.783545], [-122.238151, 37.783507], [-122.237736, 37.783261], [-122.237056, 37.782841], [-122.236743, 37.782649], [-122.236667, 37.78261], [-122.236518, 37.782765], [-122.23641, 37.7827]]]]}}, {"type": "Feature", "properties": {"grade": "D", "cat": "Hazardous", "city": "Oakland", "label": "D11"}, "geometry": {"type": "MultiPolygon", "coordinates": [[[[-122.27338, 37.79373], [-122.271428, 37.796996], [-122.271352, 37.796969], [-122.271234, 37.796928], [-122.270791, 37.796772], [-122.27014, 37.796524], [-122.270202, 37.796432], [-122.270283, 37.796313], [-122.270317, 37.79625], [-122.270422, 37.796085], [-122.270752, 37.795573], [-122.270833, 37.79544], [-122.271078, 37.795045], [-122.27116, 37.794913], [-122.271183, 37.794874], [-122.271203, 37.794841], [-122.271269, 37.794735], [-122.271529, 37.794322], [-122.271616, 37.794185], [-122.2717, 37.794051], [-122.271952, 37.79365], [-122.272035, 37.793516], [-122.272052, 37.793484], [-122.272107, 37.79339], [-122.272125, 37.793359], [-122.272178, 37.793272], [-122.27338, 37.79373]]]]}}, {"type": "Feature", "properties": {"grade": "D", "cat": "Hazardous", "city": "Oakland", "label": "D12"}, "geometry": {"type": "MultiPolygon", "coordinates": [[[[-122.22081, 37.79455], [-122.22115, 37.79454], [-122.22159, 37.79453], [-122.22308, 37.79495], [-122.22275, 37.7953], [-122.22171, 37.79523], [-122.22134, 37.79586], [-122.22107, 37.79661], [-122.22107, 37.79714], [-122.22132, 37.79796], [-122.22105, 37.7981], [-122.2197, 37.79782], [-122.21945, 37.79739], [-122.21959, 37.79638], [-122.21995, 37.79511], [-122.22016, 37.7948], [-122.22081, 37.79455]]]]}}, {"type": "Feature", "properties": {"grade": "D", "cat": "Hazardous", "city": "Oakland", "label": "D13"}, "geometry": {"type": "MultiPolygon", "coordinates": [[[[-122.21295, 37.78173], [-122.21476, 37.78365], [-122.21379, 37.78417], [-122.21209, 37.78536], [-122.21028, 37.78353], [-122.21295, 37.78173]]]]}}, {"type": "Feature", "properties": {"grade": "D", "cat": "Hazardous", "city": "Oakland", "label": "D14"}, "geometry": {"type": "MultiPolygon", "coordinates": [[[[-122.22251, 37.77644], [-122.221, 37.77875], [-122.22074, 37.77909], [-122.21944, 37.77869], [-122.2182, 37.78021], [-122.21614, 37.77796], [-122.21353, 37.77566], [-122.21504, 37.77391], [-122.213597, 37.77327], [-122.213762, 37.773146], [-122.214369, 37.772693], [-122.22251, 37.77644]]]]}}, {"type": "Feature", "properties": {"grade": "D", "cat": "Hazardous", "city": "Oakland", "label": "D14"}, "geometry": {"type": "MultiPolygon", "coordinates": [[[[-122.21353, 37.77324], [-122.21432, 37.77267], [-122.214369, 37.772693], [-122.213762, 37.773146], [-122.213597, 37.77327], [-122.21353, 37.77324]]]]}}, {"type": "Feature", "properties": {"grade": "D", "cat": "Hazardous", "city": "Oakland", "label": "D15"}, "geometry": {"type": "MultiPolygon", "coordinates": [[[[-122.23588, 37.77287], [-122.23654, 37.77284], [-122.23722, 37.77292], [-122.23779, 37.7731], [-122.2385, 37.77354], [-122.23903, 37.77422], [-122.2394, 37.77489], [-122.2399, 37.77604], [-122.24037, 37.77686], [-122.24093, 37.77801], [-122.24106, 37.77843], [-122.24107, 37.77951], [-122.23929, 37.77968], [-122.23928, 37.78082], [-122.23807, 37.78096], [-122.237309, 37.781758], [-122.237272, 37.781499], [-122.23716, 37.780895], [-122.237023, 37.780395], [-122.236951, 37.780095], [-122.236899, 37.779802], [-122.236754, 37.779066], [-122.236634, 37.778259], [-122.236628, 37.778024], [-122.236629, 37.777961], [-122.236634, 37.777775], [-122.236632, 37.777714], [-122.236629, 37.777644], [-122.236614, 37.777565], [-122.236589, 37.777488], [-122.236577, 37.777452], [-122.236536, 37.777361], [-122.236478, 37.777275], [-122.236317, 37.77706], [-122.236217, 37.776935], [-122.236161, 37.776882], [-122.236051, 37.776759], [-122.236109, 37.776725], [-122.236133, 37.776711], [-122.236318, 37.776643], [-122.236316, 37.776619], [-122.236311, 37.776547], [-122.23631, 37.776524], [-122.236301, 37.776332], [-122.236277, 37.775759], [-122.236212, 37.775573], [-122.236177, 37.775168], [-122.236142, 37.774747], [-122.236003, 37.773859], [-122.235985, 37.773741], [-122.235947, 37.773493], [-122.235912, 37.773265], [-122.235874, 37.77287], [-122.23588, 37.77287]]]]}}, {"type": "Feature", "properties": {"grade": "D", "cat": "Hazardous", "city": "Oakland", "label": "D15"}, "geometry": {"type": "MultiPolygon", "coordinates": [[[[-122.22223, 37.76721], [-122.2234, 37.7682], [-122.2267, 37.76821], [-122.22828, 37.76895], [-122.22896, 37.76932], [-122.22961, 37.76981], [-122.23013, 37.77026], [-122.23077, 37.77062], [-122.23256, 37.77148], [-122.23551, 37.77289], [-122.235874, 37.77287], [-122.235912, 37.773265], [-122.235947, 37.773493], [-122.235985, 37.773741], [-122.236003, 37.773859], [-122.236142, 37.774747], [-122.236177, 37.775168], [-122.236212, 37.775573], [-122.236277, 37.775759], [-122.236301, 37.776332], [-122.23631, 37.776524], [-122.236311, 37.776547], [-122.236316, 37.776619], [-122.236318, 37.776643], [-122.236133, 37.776711], [-122.236109, 37.776725], [-122.236051, 37.776759], [-122.236161, 37.776882], [-122.236217, 37.776935], [-122.236317, 37.77706], [-122.236478, 37.777275], [-122.236536, 37.777361], [-122.236577, 37.777452], [-122.236589, 37.777488], [-122.236614, 37.777565], [-122.236629, 37.777644], [-122.236632, 37.777714], [-122.236634, 37.777775], [-122.236629, 37.777961], [-122.236628, 37.778024], [-122.236634, 37.778259], [-122.236754, 37.779066], [-122.236899, 37.779802], [-122.236951, 37.780095], [-122.237023, 37.780395], [-122.23716, 37.780895], [-122.237272, 37.781499], [-122.237309, 37.781758], [-122.23641, 37.7827], [-122.23322, 37.78084], [-122.23276, 37.78039], [-122.23169, 37.77916], [-122.23074, 37.77858], [-122.22964, 37.77798], [-122.22696, 37.77641], [-122.22633, 37.77645], [-122.21699, 37.77186], [-122.216061, 37.771412], [-122.216077, 37.7714], [-122.216113, 37.771372], [-122.21616, 37.771338], [-122.216195, 37.771313], [-122.216713, 37.770911], [-122.216795, 37.770848], [-122.216863, 37.770794], [-122.216924, 37.770748], [-122.217067, 37.770633], [-122.217076, 37.770627], [-122.21714, 37.770585], [-122.217334, 37.770444], [-122.217394, 37.770402], [-122.217911, 37.770012], [-122.218104, 37.769868], [-122.218985, 37.769198], [-122.219903, 37.768481], [-122.219932, 37.76846], [-122.220257, 37.768207], [-122.220337, 37.768143], [-122.220431, 37.768081], [-122.220469, 37.768054], [-122.220536, 37.768007], [-122.220608, 37.76796], [-122.220665, 37.767918], [-122.220723, 37.767875], [-122.220831, 37.767795], [-122.220985, 37.767681], [-122.221421, 37.767359], [-122.221549, 37.76726], [-122.221936, 37.766964], [-122.221943, 37.766959], [-122.22223, 37.76721]]]]}}, {"type": "Feature", "properties": {"grade": "D", "cat": "Hazardous", "city": "Oakland", "label": "D15"}, "geometry": {"type": "MultiPolygon", "coordinates": [[[[-122.21589, 37.77133], [-122.21479, 37.77112], [-122.2068, 37.76633], [-122.21101, 37.76345], [-122.21132, 37.76352], [-122.21139, 37.76372], [-122.21317, 37.76502], [-122.21327, 37.76494], [-122.21468, 37.76234], [-122.21488, 37.76223], [-122.21517, 37.76216], [-122.21555, 37.76218], [-122.21589, 37.76242], [-122.21939, 37.76472], [-122.221943, 37.766959], [-122.221936, 37.766964], [-122.221549, 37.76726], [-122.221421, 37.767359], [-122.220985, 37.767681], [-122.220831, 37.767795], [-122.220723, 37.767875], [-122.220665, 37.767918], [-122.220608, 37.76796], [-122.220536, 37.768007], [-122.220469, 37.768054], [-122.220431, 37.768081], [-122.220337, 37.768143], [-122.220257, 37.768207], [-122.219932, 37.76846], [-122.219903, 37.768481], [-122.218985, 37.769198], [-122.218104, 37.769868], [-122.217911, 37.770012], [-122.217394, 37.770402], [-122.217334, 37.770444], [-122.21714, 37.770585], [-122.217076, 37.770627], [-122.217067, 37.770633], [-122.216924, 37.770748], [-122.216863, 37.770794], [-122.216795, 37.770848], [-122.216713, 37.770911], [-122.216195, 37.771313], [-122.21616, 37.771338], [-122.216113, 37.771372], [-122.216077, 37.7714], [-122.216061, 37.771412], [-122.21589, 37.77133]]]]}}, {"type": "Feature", "properties": {"grade": "D", "cat": "Hazardous", "city": "Oakland", "label": "D16"}, "geometry": {"type": "MultiPolygon", "coordinates": [[[[-122.17227, 37.78047], [-122.17212, 37.78071], [-122.17199, 37.7809], [-122.17178, 37.78097], [-122.1716, 37.78093], [-122.17106, 37.78068], [-122.1703, 37.78039], [-122.16972, 37.78008], [-122.16903, 37.77971], [-122.16842, 37.77939], [-122.16748, 37.77894], [-122.1661, 37.7783], [-122.16554, 37.77806], [-122.16478, 37.77772], [-122.16384, 37.77733], [-122.16281, 37.77688], [-122.16208, 37.77653], [-122.1615, 37.77627], [-122.16091, 37.77601], [-122.16049, 37.77579], [-122.16007, 37.77565], [-122.15941, 37.77546], [-122.15869, 37.77523], [-122.15822, 37.77501], [-122.15765, 37.77466], [-122.1572, 37.77437], [-122.15685, 37.77411], [-122.15628, 37.77373], [-122.15581, 37.7734], [-122.1554, 37.77314], [-122.15494, 37.77283], [-122.154589, 37.772537], [-122.154654, 37.772542], [-122.154712, 37.772542], [-122.154859, 37.772544], [-122.155056, 37.772531], [-122.155158, 37.772525], [-122.155271, 37.77251], [-122.155405, 37.772487], [-122.155534, 37.772454], [-122.155637, 37.772421], [-122.155824, 37.772354], [-122.155876, 37.772269], [-122.155893, 37.772261], [-122.155959, 37.772231], [-122.156054, 37.772178], [-122.156182, 37.772091], [-122.156197, 37.772078], [-122.156288, 37.772002], [-122.156632, 37.772285], [-122.156657, 37.772306], [-122.156834, 37.772447], [-122.15745, 37.77292], [-122.1577, 37.773093], [-122.158068, 37.773348], [-122.158202, 37.773431], [-122.158246, 37.773458], [-122.15839, 37.773547], [-122.158792, 37.773768], [-122.15898, 37.773862], [-122.159661, 37.7742], [-122.160274, 37.774504], [-122.161696, 37.775232], [-122.162166, 37.775473], [-122.162373, 37.775579], [-122.162705, 37.775748], [-122.163701, 37.776255], [-122.163977, 37.776396], [-122.164035, 37.776422], [-122.164425, 37.776596], [-122.165598, 37.77712], [-122.165637, 37.777138], [-122.165991, 37.777292], [-122.166032, 37.777311], [-122.166155, 37.777368], [-122.166197, 37.777387], [-122.166396, 37.777478], [-122.166517, 37.777534], [-122.167001, 37.777744], [-122.167203, 37.777832], [-122.167459, 37.777947], [-122.167729, 37.778068], [-122.168041, 37.778214], [-122.168225, 37.7783], [-122.16826, 37.778317], [-122.168477, 37.778426], [-122.168728, 37.778552], [-122.169491, 37.778934], [-122.169733, 37.779062], [-122.16979, 37.779093], [-122.169964, 37.779186], [-122.170022, 37.779217], [-122.170055, 37.779235], [-122.170156, 37.779292], [-122.17019, 37.779311], [-122.17024, 37.779335], [-122.170393, 37.779409], [-122.170444, 37.779434], [-122.171079, 37.779773], [-122.17135, 37.779918], [-122.172296, 37.780423], [-122.17227, 37.78047]]]]}}, {"type": "Feature", "properties": {"grade": "D", "cat": "Hazardous", "city": "Oakland", "label": "D16"}, "geometry": {"type": "MultiPolygon", "coordinates": [[[[-122.16998, 37.77506], [-122.17023, 37.77487], [-122.17053, 37.77477], [-122.17092, 37.77478], [-122.17127, 37.77516], [-122.17171, 37.7755], [-122.17249, 37.77586], [-122.17323, 37.77627], [-122.17377, 37.77648], [-122.17465, 37.77762], [-122.17395, 37.77757], [-122.17341, 37.77755], [-122.17297, 37.77771], [-122.17286, 37.77795], [-122.17286, 37.77818], [-122.17293, 37.7784], [-122.1732, 37.77867], [-122.17419, 37.77892], [-122.17505, 37.77908], [-122.17571, 37.77927], [-122.17672, 37.77953], [-122.17716, 37.77976], [-122.17517, 37.77993], [-122.17498, 37.779944], [-122.17477, 37.779143], [-122.17454, 37.779113], [-122.174231, 37.779067], [-122.174045, 37.779029], [-122.17386, 37.778979], [-122.173822, 37.778969], [-122.173644, 37.7789], [-122.17353, 37.778848], [-122.173345, 37.778765], [-122.173194, 37.778687], [-122.173084, 37.77863], [-122.17302, 37.778582], [-122.17283, 37.778441], [-122.172767, 37.778394], [-122.172592, 37.778256], [-122.172068, 37.777844], [-122.172039, 37.777821], [-122.171905, 37.777694], [-122.171805, 37.777575], [-122.171776, 37.77754], [-122.171582, 37.777324], [-122.171503, 37.777222], [-122.171408, 37.7771], [-122.171306, 37.776946], [-122.171171, 37.77674], [-122.17102, 37.776476], [-122.171011, 37.77646], [-122.170936, 37.776313], [-122.170878, 37.776175], [-122.170865, 37.776149], [-122.170833, 37.776082], [-122.170778, 37.775989], [-122.17071, 37.77589], [-122.170602, 37.775754], [-122.170559, 37.775715], [-122.170428, 37.775595], [-122.169847, 37.774954], [-122.16998, 37.77506]]], [[[-122.1696, 37.774458], [-122.169583, 37.774422], [-122.169609, 37.774407], [-122.1696, 37.774458]]]]}}, {"type": "Feature", "properties": {"grade": "D", "cat": "Hazardous", "city": "Oakland", "label": "D16"}, "geometry": {"type": "MultiPolygon", "coordinates": [[[[-122.17406, 37.78001], [-122.17329, 37.78004], [-122.17253, 37.78], [-122.172296, 37.780423], [-122.17135, 37.779918], [-122.171079, 37.779773], [-122.170444, 37.779434], [-122.170393, 37.779409], [-122.17024, 37.779335], [-122.17019, 37.779311], [-122.170156, 37.779292], [-122.170055, 37.779235], [-122.170022, 37.779217], [-122.169964, 37.779186], [-122.16979, 37.779093], [-122.169733, 37.779062], [-122.169491, 37.778934], [-122.168728, 37.778552], [-122.168477, 37.778426], [-122.16826, 37.778317], [-122.168225, 37.7783], [-122.168041, 37.778214], [-122.167729, 37.778068], [-122.167459, 37.777947], [-122.167203, 37.777832], [-122.167001, 37.777744], [-122.166517, 37.777534], [-122.166396, 37.777478], [-122.166197, 37.777387], [-122.166155, 37.777368], [-122.166032, 37.777311], [-122.165991, 37.777292], [-122.165637, 37.777138], [-122.165598, 37.77712], [-122.164425, 37.776596], [-122.164035, 37.776422], [-122.163977, 37.776396], [-122.163701, 37.776255], [-122.162705, 37.775748], [-122.162373, 37.775579], [-122.162166, 37.775473], [-122.161696, 37.775232], [-122.160274, 37.774504], [-122.159661, 37.7742], [-122.15898, 37.773862], [-122.158792, 37.773768], [-122.15839, 37.773547], [-122.158246, 37.773458], [-122.158202, 37.773431], [-122.158068, 37.773348], [-122.158456, 37.773383], [-122.158869, 37.773432], [-122.158891, 37.773429], [-122.158656, 37.773278], [-122.158426, 37.773114], [-122.158398, 37.773094], [-122.158213, 37.772955], [-122.15796, 37.772732], [-122.157781, 37.77256], [-122.157232, 37.771932], [-122.156863, 37.77151], [-122.156777, 37.771436], [-122.156521, 37.771217], [-122.156436, 37.771144], [-122.156346, 37.771032], [-122.15629, 37.770971], [-122.156182, 37.770879], [-122.155759, 37.770539], [-122.155582, 37.770397], [-122.155372, 37.77022], [-122.155276, 37.770131], [-122.155219, 37.770056], [-122.155099, 37.76985], [-122.154878, 37.769524], [-122.15543, 37.76911], [-122.15616, 37.76862], [-122.15682, 37.7682], [-122.156919, 37.768114], [-122.157219, 37.768545], [-122.157252, 37.768664], [-122.157267, 37.768715], [-122.157288, 37.768938], [-122.15732, 37.768902], [-122.157355, 37.768846], [-122.157405, 37.768803], [-122.157468, 37.768761], [-122.157479, 37.768754], [-122.157599, 37.76869], [-122.157658, 37.768641], [-122.157712, 37.768585], [-122.157766, 37.768511], [-122.157816, 37.76841], [-122.157901, 37.768109], [-122.157918, 37.76805], [-122.157939, 37.767946], [-122.157946, 37.767845], [-122.157866, 37.767566], [-122.157629, 37.766736], [-122.157595, 37.766639], [-122.157585, 37.766567], [-122.157594, 37.766509], [-122.157616, 37.766481], [-122.15763, 37.76649], [-122.15782, 37.7667], [-122.15829, 37.76715], [-122.15877, 37.76738], [-122.15885, 37.76747], [-122.1591, 37.76776], [-122.16025, 37.76866], [-122.16108, 37.76908], [-122.1624, 37.76968], [-122.16393, 37.77032], [-122.16461, 37.77072], [-122.16549, 37.77137], [-122.16701, 37.77236], [-122.16751, 37.77276], [-122.16793, 37.77332], [-122.16801, 37.77382], [-122.16825, 37.77383], [-122.16863, 37.77403], [-122.16886, 37.77425], [-122.16912, 37.77436], [-122.16963, 37.77428], [-122.169609, 37.774407], [-122.169583, 37.774422], [-122.1696, 37.774458], [-122.16959, 37.77452], [-122.1696, 37.77471], [-122.16978, 37.7749], [-122.169847, 37.774954], [-122.170428, 37.775595], [-122.170559, 37.775715], [-122.170602, 37.775754], [-122.17071, 37.77589], [-122.170778, 37.775989], [-122.170833, 37.776082], [-122.170865, 37.776149], [-122.170878, 37.776175], [-122.170936, 37.776313], [-122.171011, 37.77646], [-122.17102, 37.776476], [-122.171171, 37.77674], [-122.171306, 37.776946], [-122.171408, 37.7771], [-122.171503, 37.777222], [-122.171582, 37.777324], [-122.171776, 37.77754], [-122.171805, 37.777575], [-122.171905, 37.777694], [-122.172039, 37.777821], [-122.172068, 37.777844], [-122.172592, 37.778256], [-122.172767, 37.778394], [-122.17283, 37.778441], [-122.17302, 37.778582], [-122.173084, 37.77863], [-122.173194, 37.778687], [-122.173345, 37.778765], [-122.17353, 37.778848], [-122.173644, 37.7789], [-122.173822, 37.778969], [-122.17386, 37.778979], [-122.174045, 37.779029], [-122.174231, 37.779067], [-122.17454, 37.779113], [-122.17477, 37.779143], [-122.17498, 37.779944], [-122.17406, 37.78001]]]]}}, {"type": "Feature", "properties": {"grade": "D", "cat": "Hazardous", "city": "Oakland", "label": "D16"}, "geometry": {"type": "MultiPolygon", "coordinates": [[[[-122.15706, 37.76799], [-122.15715, 37.76793], [-122.15719, 37.76783], [-122.15714, 37.76763], [-122.15711, 37.76715], [-122.15715, 37.76674], [-122.15722, 37.76652], [-122.15738, 37.76638], [-122.1575, 37.7664], [-122.157616, 37.766481], [-122.157594, 37.766509], [-122.157585, 37.766567], [-122.157595, 37.766639], [-122.157629, 37.766736], [-122.157866, 37.767566], [-122.157946, 37.767845], [-122.157939, 37.767946], [-122.157918, 37.76805], [-122.157901, 37.768109], [-122.157816, 37.76841], [-122.157766, 37.768511], [-122.157712, 37.768585], [-122.157658, 37.768641], [-122.157599, 37.76869], [-122.157479, 37.768754], [-122.157468, 37.768761], [-122.157405, 37.768803], [-122.157355, 37.768846], [-122.15732, 37.768902], [-122.157288, 37.768938], [-122.157267, 37.768715], [-122.157252, 37.768664], [-122.157219, 37.768545], [-122.156919, 37.768114], [-122.15706, 37.76799]]], [[[-122.15434, 37.76959], [-122.1546, 37.76955], [-122.15478, 37.76955], [-122.15487, 37.76953], [-122.154878, 37.769524], [-122.155099, 37.76985], [-122.155219, 37.770056], [-122.155276, 37.770131], [-122.155372, 37.77022], [-122.155582, 37.770397], [-122.155759, 37.770539], [-122.156182, 37.770879], [-122.15629, 37.770971], [-122.156346, 37.771032], [-122.156436, 37.771144], [-122.156521, 37.771217], [-122.156777, 37.771436], [-122.156863, 37.77151], [-122.157232, 37.771932], [-122.157781, 37.77256], [-122.15796, 37.772732], [-122.158213, 37.772955], [-122.158398, 37.773094], [-122.158426, 37.773114], [-122.158656, 37.773278], [-122.158891, 37.773429], [-122.158869, 37.773432], [-122.158456, 37.773383], [-122.158068, 37.773348], [-122.1577, 37.773093], [-122.15745, 37.77292], [-122.156834, 37.772447], [-122.156657, 37.772306], [-122.156632, 37.772285], [-122.156288, 37.772002], [-122.155993, 37.77173], [-122.155851, 37.771598], [-122.155565, 37.771307], [-122.155328, 37.771051], [-122.15522, 37.770922], [-122.155169, 37.770856], [-122.154923, 37.770541], [-122.154681, 37.770179], [-122.154303, 37.769614], [-122.15434, 37.76959]]]]}}, {"type": "Feature", "properties": {"grade": "D", "cat": "Hazardous", "city": "Oakland", "label": "D16"}, "geometry": {"type": "MultiPolygon", "coordinates": [[[[-122.15458, 37.77253], [-122.15407, 37.77207], [-122.15374, 37.77178], [-122.15338, 37.77147], [-122.15308, 37.77114], [-122.153, 37.7709], [-122.153, 37.77069], [-122.15308, 37.77054], [-122.15367, 37.77007], [-122.15406, 37.76977], [-122.154303, 37.769614], [-122.154681, 37.770179], [-122.154923, 37.770541], [-122.155169, 37.770856], [-122.15522, 37.770922], [-122.155328, 37.771051], [-122.155565, 37.771307], [-122.155851, 37.771598], [-122.155993, 37.77173], [-122.156288, 37.772002], [-122.156197, 37.772078], [-122.156182, 37.772091], [-122.156054, 37.772178], [-122.155959, 37.772231], [-122.155893, 37.772261], [-122.155876, 37.772269], [-122.155824, 37.772354], [-122.155637, 37.772421], [-122.155534, 37.772454], [-122.155405, 37.772487], [-122.155271, 37.77251], [-122.155158, 37.772525], [-122.155056, 37.772531], [-122.154859, 37.772544], [-122.154712, 37.772542], [-122.154654, 37.772542], [-122.154589, 37.772537], [-122.15458, 37.77253]]]]}}, {"type": "Feature", "properties": {"grade": "D", "cat": "Hazardous", "city": "Oakland", "label": "D17"}, "geometry": {"type": "MultiPolygon", "coordinates": [[[[-122.17448, 37.77272], [-122.1757, 37.77393], [-122.1771, 37.77517], [-122.17776, 37.77578], [-122.17803, 37.77619], [-122.17864, 37.77682], [-122.17791, 37.77727], [-122.17678, 37.77632], [-122.17648, 37.77654], [-122.17625, 37.77669], [-122.17601, 37.7768], [-122.17574, 37.77681], [-122.17544, 37.77675], [-122.17523, 37.77661], [-122.17514, 37.77642], [-122.17496, 37.77619], [-122.17484, 37.77606], [-122.17457, 37.77601], [-122.17435, 37.776], [-122.17411, 37.77599], [-122.17392, 37.77594], [-122.17363, 37.77578], [-122.17333, 37.77553], [-122.17299, 37.77515], [-122.17214, 37.77425], [-122.17273, 37.77402], [-122.17368, 37.77347], [-122.17448, 37.77272]]]]}}, {"type": "Feature", "properties": {"grade": "D", "cat": "Hazardous", "city": "Oakland", "label": "D18"}, "geometry": {"type": "MultiPolygon", "coordinates": [[[[-122.20395, 37.75719], [-122.20772, 37.76043], [-122.20083, 37.76517], [-122.199999, 37.764799], [-122.200697, 37.764307], [-122.200997, 37.764097], [-122.201351, 37.763845], [-122.202137, 37.763287], [-122.202416, 37.763094], [-122.202775, 37.762848], [-122.203316, 37.762467], [-122.20336, 37.762435], [-122.204942, 37.761325], [-122.205032, 37.761263], [-122.205361, 37.761034], [-122.205482, 37.760942], [-122.205507, 37.760922], [-122.205524, 37.76091], [-122.205567, 37.760875], [-122.205584, 37.760863], [-122.205611, 37.760846], [-122.20528, 37.76055], [-122.204662, 37.760022], [-122.204646, 37.760008], [-122.204101, 37.75954], [-122.203508, 37.759045], [-122.201778, 37.757595], [-122.201111, 37.757036], [-122.200886, 37.756837], [-122.200822, 37.756782], [-122.201089, 37.75666], [-122.201155, 37.756631], [-122.201441, 37.756507], [-122.201604, 37.75644], [-122.202089, 37.75625], [-122.20217, 37.756216], [-122.202509, 37.756077], [-122.202227, 37.755838], [-122.201694, 37.755385], [-122.201383, 37.755122], [-122.201171, 37.754942], [-122.201102, 37.754884], [-122.201178, 37.754829], [-122.201343, 37.754712], [-122.20395, 37.75719]]]]}}, {"type": "Feature", "properties": {"grade": "D", "cat": "Hazardous", "city": "Oakland", "label": "D18"}, "geometry": {"type": "MultiPolygon", "coordinates": [[[[-122.20017, 37.76624], [-122.20279, 37.76725], [-122.20323, 37.76734], [-122.19939, 37.76995], [-122.19634, 37.767371], [-122.196519, 37.767244], [-122.196704, 37.767113], [-122.19726, 37.766722], [-122.197446, 37.766592], [-122.197586, 37.766493], [-122.198006, 37.766196], [-122.198146, 37.766097], [-122.198417, 37.765907], [-122.198802, 37.765637], [-122.20017, 37.76624]]]]}}, {"type": "Feature", "properties": {"grade": "D", "cat": "Hazardous", "city": "Oakland", "label": "D18"}, "geometry": {"type": "MultiPolygon", "coordinates": [[[[-122.18167, 37.75744], [-122.18587, 37.75958], [-122.186417, 37.75982], [-122.186141, 37.760006], [-122.185527, 37.760389], [-122.185173, 37.760618], [-122.185051, 37.760697], [-122.18023, 37.75866], [-122.17831, 37.75815], [-122.177253, 37.756746], [-122.177426, 37.756662], [-122.177837, 37.756461], [-122.178708, 37.756037], [-122.18167, 37.75744]]], [[[-122.18007, 37.76366], [-122.1813, 37.76277], [-122.1818, 37.76242], [-122.182015, 37.762631], [-122.181979, 37.762654], [-122.181175, 37.76318], [-122.181017, 37.76328], [-122.180543, 37.763581], [-122.180386, 37.763682], [-122.18033, 37.763717], [-122.180209, 37.763796], [-122.18007, 37.76366]]]]}}, {"type": "Feature", "properties": {"grade": "D", "cat": "Hazardous", "city": "Oakland", "label": "D18"}, "geometry": {"type": "MultiPolygon", "coordinates": [[[[-122.18991, 37.76135], [-122.18912, 37.76187], [-122.18259, 37.76613], [-122.180209, 37.763796], [-122.18033, 37.763717], [-122.180386, 37.763682], [-122.180543, 37.763581], [-122.181017, 37.76328], [-122.181175, 37.76318], [-122.181979, 37.762654], [-122.182015, 37.762631], [-122.18348, 37.76407], [-122.18725, 37.7616], [-122.18719, 37.76138], [-122.18527, 37.76079], [-122.185051, 37.760697], [-122.185173, 37.760618], [-122.185527, 37.760389], [-122.186141, 37.760006], [-122.186417, 37.75982], [-122.18991, 37.76135]]]]}}, {"type": "Feature", "properties": {"grade": "D", "cat": "Hazardous", "city": "Oakland", "label": "D18"}, "geometry": {"type": "MultiPolygon", "coordinates": [[[[-122.19628, 37.76732], [-122.19499, 37.7681], [-122.19328, 37.76656], [-122.19392, 37.76612], [-122.19268, 37.76495], [-122.19466, 37.76373], [-122.19713, 37.7649], [-122.198802, 37.765637], [-122.198417, 37.765907], [-122.198146, 37.766097], [-122.198006, 37.766196], [-122.197586, 37.766493], [-122.197446, 37.766592], [-122.19726, 37.766722], [-122.196704, 37.767113], [-122.196519, 37.767244], [-122.19634, 37.767371], [-122.19628, 37.76732]]]]}}, {"type": "Feature", "properties": {"grade": "D", "cat": "Hazardous", "city": "Oakland", "label": "D18"}, "geometry": {"type": "MultiPolygon", "coordinates": [[[[-122.19843, 37.7641], [-122.187472, 37.758955], [-122.187777, 37.75882], [-122.188023, 37.758661], [-122.188765, 37.758187], [-122.189012, 37.758029], [-122.189366, 37.7578], [-122.19043, 37.757113], [-122.190785, 37.756885], [-122.19114, 37.756656], [-122.192208, 37.755971], [-122.192564, 37.755743], [-122.192918, 37.755517], [-122.193983, 37.75484], [-122.194338, 37.754615], [-122.194265, 37.754545], [-122.194196, 37.754502], [-122.194111, 37.754465], [-122.193999, 37.754442], [-122.193927, 37.754439], [-122.193874, 37.754443], [-122.1937, 37.754489], [-122.193215, 37.75466], [-122.194153, 37.754013], [-122.19425, 37.753928], [-122.194553, 37.753689], [-122.194788, 37.753492], [-122.194958, 37.753358], [-122.195239, 37.753123], [-122.19534, 37.753027], [-122.195444, 37.75292], [-122.195494, 37.752864], [-122.195548, 37.752801], [-122.195602, 37.752745], [-122.195693, 37.752634], [-122.195755, 37.752552], [-122.195781, 37.752518], [-122.1958, 37.752493], [-122.19584, 37.75244], [-122.195904, 37.752356], [-122.196162, 37.752608], [-122.196397, 37.752838], [-122.196675, 37.75311], [-122.196836, 37.753003], [-122.198076, 37.752214], [-122.1982, 37.75232], [-122.198572, 37.752638], [-122.198697, 37.752745], [-122.199171, 37.75318], [-122.199221, 37.753226], [-122.19971, 37.753662], [-122.200317, 37.754191], [-122.200619, 37.754457], [-122.201033, 37.754823], [-122.201102, 37.754884], [-122.201171, 37.754942], [-122.201383, 37.755122], [-122.201694, 37.755385], [-122.202227, 37.755838], [-122.202509, 37.756077], [-122.20217, 37.756216], [-122.202089, 37.75625], [-122.201604, 37.75644], [-122.201441, 37.756507], [-122.201155, 37.756631], [-122.201089, 37.75666], [-122.200822, 37.756782], [-122.200886, 37.756837], [-122.201111, 37.757036], [-122.201778, 37.757595], [-122.203508, 37.759045], [-122.204101, 37.75954], [-122.204646, 37.760008], [-122.204662, 37.760022], [-122.20528, 37.76055], [-122.205611, 37.760846], [-122.205584, 37.760863], [-122.205567, 37.760875], [-122.205524, 37.76091], [-122.205507, 37.760922], [-122.205482, 37.760942], [-122.205361, 37.761034], [-122.205032, 37.761263], [-122.204942, 37.761325], [-122.20336, 37.762435], [-122.203316, 37.762467], [-122.202775, 37.762848], [-122.202416, 37.763094], [-122.202137, 37.763287], [-122.201351, 37.763845], [-122.200997, 37.764097], [-122.200697, 37.764307], [-122.199999, 37.764799], [-122.19843, 37.7641]]]]}}, {"type": "Feature", "properties": {"grade": "D", "cat": "Hazardous", "city": "Oakland", "label": "D18"}, "geometry": {"type": "MultiPolygon", "coordinates": [[[[-122.18612, 37.75832], [-122.18326, 37.75683], [-122.1797, 37.755112], [-122.181002, 37.754487], [-122.181484, 37.754257], [-122.181937, 37.754033], [-122.183296, 37.753364], [-122.18375, 37.753142], [-122.183912, 37.753069], [-122.184402, 37.752853], [-122.184565, 37.752782], [-122.184654, 37.752884], [-122.184921, 37.753192], [-122.18501, 37.753295], [-122.186383, 37.752646], [-122.188423, 37.751684], [-122.190501, 37.750691], [-122.191872, 37.750036], [-122.192248, 37.74985], [-122.192283, 37.749827], [-122.192325, 37.7498], [-122.192388, 37.749757], [-122.192424, 37.749734], [-122.192652, 37.749463], [-122.193338, 37.748651], [-122.193509, 37.74845], [-122.193567, 37.748381], [-122.193578, 37.748369], [-122.193612, 37.748333], [-122.193624, 37.748322], [-122.19371, 37.748399], [-122.19397, 37.74863], [-122.194057, 37.748707], [-122.194557, 37.749134], [-122.194708, 37.749263], [-122.19502, 37.749549], [-122.195428, 37.749899], [-122.195765, 37.750194], [-122.196021, 37.750419], [-122.196041, 37.750436], [-122.196276, 37.750631], [-122.196406, 37.750739], [-122.196548, 37.750857], [-122.196612, 37.750914], [-122.196696, 37.75099], [-122.196851, 37.751131], [-122.197233, 37.751479], [-122.197432, 37.751653], [-122.197501, 37.751713], [-122.197576, 37.751778], [-122.197767, 37.751945], [-122.198076, 37.752214], [-122.196836, 37.753003], [-122.196675, 37.75311], [-122.196397, 37.752838], [-122.196162, 37.752608], [-122.195904, 37.752356], [-122.19584, 37.75244], [-122.1958, 37.752493], [-122.195781, 37.752518], [-122.195755, 37.752552], [-122.195693, 37.752634], [-122.195602, 37.752745], [-122.195548, 37.752801], [-122.195494, 37.752864], [-122.195444, 37.75292], [-122.19534, 37.753027], [-122.195239, 37.753123], [-122.194958, 37.753358], [-122.194788, 37.753492], [-122.194553, 37.753689], [-122.19425, 37.753928], [-122.194153, 37.754013], [-122.193215, 37.75466], [-122.1937, 37.754489], [-122.193874, 37.754443], [-122.193927, 37.754439], [-122.193999, 37.754442], [-122.194111, 37.754465], [-122.194196, 37.754502], [-122.194265, 37.754545], [-122.194338, 37.754615], [-122.193983, 37.75484], [-122.192918, 37.755517], [-122.192564, 37.755743], [-122.192208, 37.755971], [-122.19114, 37.756656], [-122.190785, 37.756885], [-122.19043, 37.757113], [-122.189366, 37.7578], [-122.189012, 37.758029], [-122.188765, 37.758187], [-122.188023, 37.758661], [-122.187777, 37.75882], [-122.187472, 37.758955], [-122.18612, 37.75832]]]]}}, {"type": "Feature", "properties": {"grade": "D", "cat": "Hazardous", "city": "Oakland", "label": "D18"}, "geometry": {"type": "MultiPolygon", "coordinates": [[[[-122.18526, 37.74034], [-122.18894, 37.74366], [-122.19601, 37.74958], [-122.1989, 37.74786], [-122.20329, 37.7524], [-122.20071, 37.75411], [-122.201343, 37.754712], [-122.201178, 37.754829], [-122.201102, 37.754884], [-122.201033, 37.754823], [-122.200619, 37.754457], [-122.200317, 37.754191], [-122.19971, 37.753662], [-122.199221, 37.753226], [-122.199171, 37.75318], [-122.198697, 37.752745], [-122.198572, 37.752638], [-122.1982, 37.75232], [-122.198076, 37.752214], [-122.197767, 37.751945], [-122.197576, 37.751778], [-122.197501, 37.751713], [-122.197432, 37.751653], [-122.197233, 37.751479], [-122.196851, 37.751131], [-122.196696, 37.75099], [-122.196612, 37.750914], [-122.196548, 37.750857], [-122.196406, 37.750739], [-122.196276, 37.750631], [-122.196041, 37.750436], [-122.196021, 37.750419], [-122.195765, 37.750194], [-122.195428, 37.749899], [-122.19502, 37.749549], [-122.194708, 37.749263], [-122.194557, 37.749134], [-122.194057, 37.748707], [-122.19397, 37.74863], [-122.19371, 37.748399], [-122.193624, 37.748322], [-122.193048, 37.747817], [-122.192983, 37.74776], [-122.192034, 37.746935], [-122.191359, 37.74633], [-122.191323, 37.7463], [-122.190731, 37.745815], [-122.190691, 37.74578], [-122.189747, 37.744952], [-122.189299, 37.744558], [-122.188418, 37.743783], [-122.186879, 37.74244], [-122.186795, 37.742367], [-122.186119, 37.741773], [-122.185813, 37.741504], [-122.184961, 37.740771], [-122.184953, 37.740764], [-122.184288, 37.74017], [-122.183778, 37.739732], [-122.183006, 37.739079], [-122.182429, 37.738572], [-122.182417, 37.738561], [-122.181973, 37.738162], [-122.181561, 37.737835], [-122.181587, 37.737816], [-122.181606, 37.737799], [-122.181726, 37.737699], [-122.18174, 37.737686], [-122.181786, 37.73765], [-122.181962, 37.737513], [-122.181992, 37.73749], [-122.18201, 37.737477], [-122.18526, 37.74034]]]]}}, {"type": "Feature", "properties": {"grade": "D", "cat": "Hazardous", "city": "Oakland", "label": "D18"}, "geometry": {"type": "MultiPolygon", "coordinates": [[[[-122.17956, 37.73567], [-122.1819, 37.73738], [-122.18201, 37.737477], [-122.181992, 37.73749], [-122.181962, 37.737513], [-122.181786, 37.73765], [-122.18174, 37.737686], [-122.181726, 37.737699], [-122.181606, 37.737799], [-122.181587, 37.737816], [-122.181561, 37.737835], [-122.181462, 37.737736], [-122.181408, 37.737682], [-122.181363, 37.737637], [-122.180924, 37.73725], [-122.180762, 37.737108], [-122.180644, 37.737007], [-122.18029, 37.736704], [-122.180172, 37.736603], [-122.180122, 37.736559], [-122.179972, 37.736429], [-122.179922, 37.736386], [-122.179894, 37.736362], [-122.17981, 37.73629], [-122.179782, 37.736267], [-122.179799, 37.736214], [-122.17975, 37.736111], [-122.17963, 37.735952], [-122.179611, 37.735926], [-122.179492, 37.735721], [-122.179423, 37.735563], [-122.179418, 37.735549], [-122.17956, 37.73567]]]]}}, {"type": "Feature", "properties": {"grade": "D", "cat": "Hazardous", "city": "Oakland", "label": "D18"}, "geometry": {"type": "MultiPolygon", "coordinates": [[[[-122.17474, 37.73165], [-122.17724, 37.7337], [-122.179418, 37.735549], [-122.179423, 37.735563], [-122.179492, 37.735721], [-122.179611, 37.735926], [-122.17963, 37.735952], [-122.17975, 37.736111], [-122.179799, 37.736214], [-122.179782, 37.736267], [-122.179666, 37.736164], [-122.179318, 37.735858], [-122.179202, 37.735756], [-122.179089, 37.735656], [-122.178752, 37.735358], [-122.17864, 37.735259], [-122.17854, 37.735168], [-122.178446, 37.735084], [-122.178364, 37.734984], [-122.178255, 37.734884], [-122.178156, 37.734793], [-122.177983, 37.73464], [-122.177467, 37.734182], [-122.177295, 37.73403], [-122.177063, 37.733825], [-122.176369, 37.733213], [-122.176138, 37.73301], [-122.175615, 37.73258], [-122.175078, 37.732097], [-122.174962, 37.731998], [-122.174617, 37.731704], [-122.174555, 37.731651], [-122.17474, 37.73165]]]]}}, {"type": "Feature", "properties": {"grade": "D", "cat": "Hazardous", "city": "Oakland", "label": "D18"}, "geometry": {"type": "MultiPolygon", "coordinates": [[[[-122.174555, 37.731651], [-122.174617, 37.731704], [-122.174962, 37.731998], [-122.175078, 37.732097], [-122.175615, 37.73258], [-122.176138, 37.73301], [-122.176369, 37.733213], [-122.177063, 37.733825], [-122.177295, 37.73403], [-122.177467, 37.734182], [-122.177983, 37.73464], [-122.178156, 37.734793], [-122.178255, 37.734884], [-122.178364, 37.734984], [-122.178446, 37.735084], [-122.17854, 37.735168], [-122.17864, 37.735259], [-122.178752, 37.735358], [-122.179089, 37.735656], [-122.179202, 37.735756], [-122.179318, 37.735858], [-122.179666, 37.736164], [-122.179782, 37.736267], [-122.17981, 37.73629], [-122.179894, 37.736362], [-122.179922, 37.736386], [-122.179972, 37.736429], [-122.180122, 37.736559], [-122.180172, 37.736603], [-122.18029, 37.736704], [-122.180644, 37.737007], [-122.180762, 37.737108], [-122.180924, 37.73725], [-122.181363, 37.737637], [-122.181408, 37.737682], [-122.181462, 37.737736], [-122.181561, 37.737835], [-122.18143, 37.737933], [-122.181039, 37.738226], [-122.180909, 37.738325], [-122.180784, 37.738418], [-122.180408, 37.7387], [-122.180284, 37.738794], [-122.180256, 37.738816], [-122.180174, 37.738882], [-122.180147, 37.738905], [-122.180085, 37.738954], [-122.179902, 37.739103], [-122.179878, 37.739124], [-122.179848, 37.73916], [-122.179814, 37.739189], [-122.179736, 37.739258], [-122.179715, 37.739276], [-122.179683, 37.739306], [-122.179661, 37.739326], [-122.179472, 37.73946], [-122.179462, 37.739468], [-122.178843, 37.739931], [-122.178634, 37.740089], [-122.178483, 37.740204], [-122.178252, 37.740382], [-122.178029, 37.740547], [-122.177878, 37.740661], [-122.177697, 37.740809], [-122.177676, 37.740826], [-122.177607, 37.740884], [-122.177376, 37.741065], [-122.177147, 37.741232], [-122.176947, 37.741364], [-122.176876, 37.741406], [-122.176781, 37.741457], [-122.176655, 37.741512], [-122.176581, 37.741546], [-122.176404, 37.741629], [-122.175875, 37.741879], [-122.175699, 37.741963], [-122.175517, 37.742048], [-122.174974, 37.742302], [-122.174793, 37.742388], [-122.174614, 37.742473], [-122.174079, 37.742728], [-122.173901, 37.742814], [-122.173719, 37.742899], [-122.173549, 37.74298], [-122.173174, 37.743152], [-122.172993, 37.743236], [-122.172842, 37.743307], [-122.172391, 37.743522], [-122.172241, 37.743595], [-122.171884, 37.743758], [-122.171674, 37.743855], [-122.171327, 37.744026], [-122.171175, 37.744106], [-122.170931, 37.744246], [-122.170839, 37.744296], [-122.170828, 37.744302], [-122.1693, 37.74224], [-122.16673, 37.73898], [-122.166487, 37.739088], [-122.166259, 37.738791], [-122.166163, 37.738665], [-122.166082, 37.738551], [-122.165841, 37.73821], [-122.165761, 37.738097], [-122.165703, 37.738015], [-122.165605, 37.737877], [-122.165529, 37.73777], [-122.165472, 37.737689], [-122.165546, 37.737655], [-122.165623, 37.73776], [-122.165717, 37.737728], [-122.165777, 37.737709], [-122.165803, 37.737697], [-122.166304, 37.737462], [-122.166631, 37.737309], [-122.167499, 37.736898], [-122.168348, 37.736503], [-122.168743, 37.736318], [-122.168942, 37.736224], [-122.169517, 37.735951], [-122.170027, 37.735715], [-122.170307, 37.735581], [-122.170615, 37.735439], [-122.170836, 37.735336], [-122.171462, 37.735041], [-122.171529, 37.73501], [-122.171556, 37.734996], [-122.170654, 37.733614], [-122.169973, 37.732535], [-122.169871, 37.732371], [-122.169769, 37.732211], [-122.169939, 37.732132], [-122.170097, 37.732056], [-122.170392, 37.731919], [-122.170497, 37.731869], [-122.170562, 37.731857], [-122.170724, 37.731828], [-122.17081, 37.731812], [-122.170976, 37.731776], [-122.171576, 37.731663], [-122.174555, 37.731651]]]]}}, {"type": "Feature", "properties": {"grade": "D", "cat": "Hazardous", "city": "Oakland", "label": "D18"}, "geometry": {"type": "MultiPolygon", "coordinates": [[[[-122.1741, 37.7485], [-122.17276, 37.74691], [-122.170828, 37.744302], [-122.170839, 37.744296], [-122.170931, 37.744246], [-122.171175, 37.744106], [-122.171327, 37.744026], [-122.171674, 37.743855], [-122.171884, 37.743758], [-122.172241, 37.743595], [-122.172391, 37.743522], [-122.172842, 37.743307], [-122.172993, 37.743236], [-122.173174, 37.743152], [-122.173549, 37.74298], [-122.173719, 37.742899], [-122.173901, 37.742814], [-122.174079, 37.742728], [-122.174614, 37.742473], [-122.174793, 37.742388], [-122.174974, 37.742302], [-122.175517, 37.742048], [-122.175699, 37.741963], [-122.175875, 37.741879], [-122.176404, 37.741629], [-122.176581, 37.741546], [-122.176655, 37.741512], [-122.176781, 37.741457], [-122.176876, 37.741406], [-122.176947, 37.741364], [-122.177147, 37.741232], [-122.177376, 37.741065], [-122.177607, 37.740884], [-122.177676, 37.740826], [-122.177697, 37.740809], [-122.177878, 37.740661], [-122.178029, 37.740547], [-122.178252, 37.740382], [-122.178483, 37.740204], [-122.178634, 37.740089], [-122.178843, 37.739931], [-122.179462, 37.739468], [-122.179472, 37.73946], [-122.179661, 37.739326], [-122.179683, 37.739306], [-122.179715, 37.739276], [-122.179736, 37.739258], [-122.179814, 37.739189], [-122.179848, 37.73916], [-122.179878, 37.739124], [-122.179902, 37.739103], [-122.180085, 37.738954], [-122.180147, 37.738905], [-122.180174, 37.738882], [-122.180256, 37.738816], [-122.180284, 37.738794], [-122.180408, 37.7387], [-122.180784, 37.738418], [-122.180909, 37.738325], [-122.181039, 37.738226], [-122.18143, 37.737933], [-122.181561, 37.737835], [-122.181973, 37.738162], [-122.182417, 37.738561], [-122.182429, 37.738572], [-122.183006, 37.739079], [-122.183778, 37.739732], [-122.184288, 37.74017], [-122.184953, 37.740764], [-122.184961, 37.740771], [-122.185813, 37.741504], [-122.186119, 37.741773], [-122.186795, 37.742367], [-122.186879, 37.74244], [-122.188418, 37.743783], [-122.189299, 37.744558], [-122.189747, 37.744952], [-122.190691, 37.74578], [-122.190731, 37.745815], [-122.190671, 37.745875], [-122.190499, 37.746007], [-122.190426, 37.74606], [-122.18979, 37.746527], [-122.189544, 37.746699], [-122.189469, 37.746744], [-122.189411, 37.746781], [-122.189257, 37.746873], [-122.189141, 37.746958], [-122.189104, 37.746985], [-122.189038, 37.747036], [-122.188994, 37.747066], [-122.188957, 37.747092], [-122.188932, 37.747109], [-122.188867, 37.747158], [-122.188686, 37.747304], [-122.188626, 37.747344], [-122.18858, 37.747377], [-122.188024, 37.747698], [-122.187619, 37.747959], [-122.18756, 37.747993], [-122.1872, 37.748202], [-122.186372, 37.748667], [-122.186138, 37.748813], [-122.186041, 37.748881], [-122.186002, 37.748919], [-122.185952, 37.748986], [-122.185921, 37.749042], [-122.185875, 37.749156], [-122.185796, 37.749026], [-122.185436, 37.748428], [-122.185074, 37.748597], [-122.184938, 37.748438], [-122.184866, 37.748346], [-122.184652, 37.74807], [-122.184581, 37.747978], [-122.184454, 37.747822], [-122.184076, 37.747356], [-122.18395, 37.747201], [-122.183824, 37.747053], [-122.183446, 37.746609], [-122.183321, 37.746462], [-122.182937, 37.74667], [-122.182443, 37.746941], [-122.181797, 37.747313], [-122.181419, 37.747531], [-122.181147, 37.747657], [-122.180333, 37.748034], [-122.180062, 37.748161], [-122.17974, 37.748312], [-122.178777, 37.748766], [-122.178456, 37.748918], [-122.178134, 37.749067], [-122.177167, 37.749516], [-122.176846, 37.749666], [-122.17647, 37.749841], [-122.175432, 37.750326], [-122.1741, 37.7485]]]]}}, {"type": "Feature", "properties": {"grade": "D", "cat": "Hazardous", "city": "Oakland", "label": "D18"}, "geometry": {"type": "MultiPolygon", "coordinates": [[[[-122.17864, 37.7546], [-122.17623, 37.75142], [-122.175432, 37.750326], [-122.17647, 37.749841], [-122.176846, 37.749666], [-122.177167, 37.749516], [-122.178134, 37.749067], [-122.178456, 37.748918], [-122.178777, 37.748766], [-122.17974, 37.748312], [-122.180062, 37.748161], [-122.180333, 37.748034], [-122.181147, 37.747657], [-122.181419, 37.747531], [-122.181797, 37.747313], [-122.182443, 37.746941], [-122.182937, 37.74667], [-122.183321, 37.746462], [-122.183446, 37.746609], [-122.183824, 37.747053], [-122.18395, 37.747201], [-122.184076, 37.747356], [-122.184454, 37.747822], [-122.184581, 37.747978], [-122.184652, 37.74807], [-122.184866, 37.748346], [-122.184938, 37.748438], [-122.185074, 37.748597], [-122.185436, 37.748428], [-122.185796, 37.749026], [-122.185875, 37.749156], [-122.185921, 37.749042], [-122.185952, 37.748986], [-122.186002, 37.748919], [-122.186041, 37.748881], [-122.186138, 37.748813], [-122.186372, 37.748667], [-122.1872, 37.748202], [-122.18756, 37.747993], [-122.187619, 37.747959], [-122.188024, 37.747698], [-122.18858, 37.747377], [-122.188626, 37.747344], [-122.188686, 37.747304], [-122.188867, 37.747158], [-122.188932, 37.747109], [-122.188957, 37.747092], [-122.188994, 37.747066], [-122.189038, 37.747036], [-122.189104, 37.746985], [-122.189141, 37.746958], [-122.189257, 37.746873], [-122.189411, 37.746781], [-122.189469, 37.746744], [-122.189544, 37.746699], [-122.18979, 37.746527], [-122.190426, 37.74606], [-122.190499, 37.746007], [-122.190671, 37.745875], [-122.190731, 37.745815], [-122.191323, 37.7463], [-122.191359, 37.74633], [-122.192034, 37.746935], [-122.192983, 37.74776], [-122.193048, 37.747817], [-122.193624, 37.748322], [-122.193612, 37.748333], [-122.193578, 37.748369], [-122.193567, 37.748381], [-122.193509, 37.74845], [-122.193338, 37.748651], [-122.192652, 37.749463], [-122.192424, 37.749734], [-122.192388, 37.749757], [-122.192325, 37.7498], [-122.192283, 37.749827], [-122.192248, 37.74985], [-122.191872, 37.750036], [-122.190501, 37.750691], [-122.188423, 37.751684], [-122.186383, 37.752646], [-122.18501, 37.753295], [-122.184921, 37.753192], [-122.184654, 37.752884], [-122.184565, 37.752782], [-122.184402, 37.752853], [-122.183912, 37.753069], [-122.18375, 37.753142], [-122.183296, 37.753364], [-122.181937, 37.754033], [-122.181484, 37.754257], [-122.181002, 37.754487], [-122.1797, 37.755112], [-122.17864, 37.7546]]]]}}, {"type": "Feature", "properties": {"grade": "D", "cat": "Hazardous", "city": "Oakland", "label": "D18"}, "geometry": {"type": "MultiPolygon", "coordinates": [[[[-122.17213, 37.74792], [-122.17534, 37.75214], [-122.17787, 37.75564], [-122.178708, 37.756037], [-122.177837, 37.756461], [-122.177426, 37.756662], [-122.177253, 37.756746], [-122.17456, 37.75317], [-122.169504, 37.755386], [-122.169442, 37.755304], [-122.169175, 37.754952], [-122.169086, 37.754835], [-122.168987, 37.754705], [-122.168692, 37.754315], [-122.168594, 37.754185], [-122.168491, 37.754048], [-122.168182, 37.75364], [-122.16808, 37.753505], [-122.167978, 37.75336], [-122.167834, 37.753157], [-122.167672, 37.752928], [-122.167637, 37.752878], [-122.17011, 37.75179], [-122.16937, 37.75068], [-122.17024, 37.75023], [-122.16976, 37.74963], [-122.1708, 37.74911], [-122.170253, 37.748273], [-122.170375, 37.748217], [-122.170589, 37.748115], [-122.171234, 37.747812], [-122.171449, 37.747711], [-122.171663, 37.747613], [-122.171833, 37.747535], [-122.17213, 37.74792]]]]}}, {"type": "Feature", "properties": {"grade": "D", "cat": "Hazardous", "city": "Oakland", "label": "D18"}, "geometry": {"type": "MultiPolygon", "coordinates": [[[[-122.1689, 37.75565], [-122.16702, 37.75315], [-122.167637, 37.752878], [-122.167672, 37.752928], [-122.167834, 37.753157], [-122.167978, 37.75336], [-122.16808, 37.753505], [-122.168182, 37.75364], [-122.168491, 37.754048], [-122.168594, 37.754185], [-122.168692, 37.754315], [-122.168987, 37.754705], [-122.169086, 37.754835], [-122.169175, 37.754952], [-122.169442, 37.755304], [-122.169504, 37.755386], [-122.1689, 37.75565]]]]}}, {"type": "Feature", "properties": {"grade": "D", "cat": "Hazardous", "city": "Oakland", "label": "D18"}, "geometry": {"type": "MultiPolygon", "coordinates": [[[[-122.16939, 37.74437], [-122.171833, 37.747535], [-122.171663, 37.747613], [-122.171449, 37.747711], [-122.171234, 37.747812], [-122.170589, 37.748115], [-122.170375, 37.748217], [-122.170253, 37.748273], [-122.1691, 37.74651], [-122.16765, 37.74468], [-122.16688, 37.74347], [-122.166851, 37.743395], [-122.166937, 37.743373], [-122.167109, 37.743328], [-122.167628, 37.743194], [-122.167801, 37.74315], [-122.168083, 37.743074], [-122.168416, 37.742986], [-122.16939, 37.74437]]]]}}, {"type": "Feature", "properties": {"grade": "D", "cat": "Hazardous", "city": "Oakland", "label": "D18"}, "geometry": {"type": "MultiPolygon", "coordinates": [[[[-122.16619, 37.73922], [-122.16509, 37.73767], [-122.165354, 37.737525], [-122.165362, 37.737535], [-122.165374, 37.737551], [-122.165393, 37.737578], [-122.165419, 37.737614], [-122.165452, 37.737661], [-122.165472, 37.737689], [-122.165529, 37.73777], [-122.165605, 37.737877], [-122.165703, 37.738015], [-122.165761, 37.738097], [-122.165841, 37.73821], [-122.166082, 37.738551], [-122.166163, 37.738665], [-122.166259, 37.738791], [-122.166487, 37.739088], [-122.16619, 37.73922]]], [[[-122.1661, 37.74148], [-122.1646, 37.74184], [-122.16401, 37.74003], [-122.16556, 37.73933], [-122.16768, 37.74194], [-122.168416, 37.742986], [-122.168083, 37.743074], [-122.167801, 37.74315], [-122.167628, 37.743194], [-122.167109, 37.743328], [-122.166937, 37.743373], [-122.166851, 37.743395], [-122.1661, 37.74148]]]]}}, {"type": "Feature", "properties": {"grade": "D", "cat": "Hazardous", "city": "Oakland", "label": "D18"}, "geometry": {"type": "MultiPolygon", "coordinates": [[[[-122.1687, 37.73569], [-122.17074, 37.73477], [-122.16925, 37.73218], [-122.16999, 37.73167], [-122.171576, 37.731663], [-122.170976, 37.731776], [-122.17081, 37.731812], [-122.170724, 37.731828], [-122.170562, 37.731857], [-122.170497, 37.731869], [-122.170392, 37.731919], [-122.170097, 37.732056], [-122.169939, 37.732132], [-122.169769, 37.732211], [-122.169871, 37.732371], [-122.169973, 37.732535], [-122.170654, 37.733614], [-122.171556, 37.734996], [-122.171529, 37.73501], [-122.171462, 37.735041], [-122.170836, 37.735336], [-122.170615, 37.735439], [-122.170307, 37.735581], [-122.170027, 37.735715], [-122.169517, 37.735951], [-122.168942, 37.736224], [-122.168743, 37.736318], [-122.168348, 37.736503], [-122.167499, 37.736898], [-122.166631, 37.737309], [-122.166304, 37.737462], [-122.165803, 37.737697], [-122.165777, 37.737709], [-122.165717, 37.737728], [-122.165623, 37.73776], [-122.165546, 37.737655], [-122.165472, 37.737689], [-122.165452, 37.737661], [-122.165419, 37.737614], [-122.165393, 37.737578], [-122.165374, 37.737551], [-122.165362, 37.737535], [-122.165354, 37.737525], [-122.1687, 37.73569]]]]}}, {"type": "Feature", "properties": {"grade": "D", "cat": "Hazardous", "city": "Oakland", "label": "D19"}, "geometry": {"type": "MultiPolygon", "coordinates": [[[[-122.16055, 37.72605], [-122.15931, 37.72563], [-122.158783, 37.72557], [-122.158875, 37.725502], [-122.158993, 37.725447], [-122.159006, 37.725442], [-122.159145, 37.725397], [-122.159255, 37.725392], [-122.159401, 37.725419], [-122.159509, 37.725457], [-122.159587, 37.725485], [-122.159781, 37.725546], [-122.159828, 37.725564], [-122.160154, 37.725694], [-122.160466, 37.72587], [-122.16068, 37.725996], [-122.160724, 37.726025], [-122.160869, 37.726122], [-122.16055, 37.72605]]], [[[-122.16466, 37.72642], [-122.16354, 37.7261], [-122.1623, 37.72627], [-122.16152, 37.72627], [-122.161499, 37.726265], [-122.161504, 37.726264], [-122.161533, 37.726259], [-122.161718, 37.726222], [-122.161792, 37.726209], [-122.162257, 37.726129], [-122.162578, 37.726107], [-122.162715, 37.72609], [-122.162731, 37.726078], [-122.162756, 37.726085], [-122.162803, 37.726079], [-122.162837, 37.726079], [-122.162887, 37.726068], [-122.163067, 37.726057], [-122.163233, 37.726047], [-122.163761, 37.726081], [-122.163904, 37.726091], [-122.163991, 37.726109], [-122.164052, 37.726122], [-122.164139, 37.72614], [-122.164547, 37.726344], [-122.164768, 37.726437], [-122.164795, 37.726446], [-122.16466, 37.72642]]], [[[-122.16708, 37.72661], [-122.16608, 37.72669], [-122.165575, 37.726594], [-122.165674, 37.726586], [-122.165861, 37.726553], [-122.166029, 37.726517], [-122.166276, 37.726465], [-122.16658, 37.726421], [-122.166843, 37.726394], [-122.167099, 37.726344], [-122.167507, 37.726322], [-122.167579, 37.726327], [-122.16708, 37.72661]]]]}}, {"type": "Feature", "properties": {"grade": "D", "cat": "Hazardous", "city": "Oakland", "label": "D19"}, "geometry": {"type": "MultiPolygon", "coordinates": [[[[-122.15869, 37.72556], [-122.15815, 37.72608], [-122.15772, 37.72633], [-122.151649, 37.716726], [-122.151672, 37.716716], [-122.151783, 37.716671], [-122.152118, 37.716535], [-122.15223, 37.716491], [-122.152449, 37.716399], [-122.153107, 37.716125], [-122.153327, 37.716034], [-122.153415, 37.715993], [-122.15368, 37.715873], [-122.153697, 37.715866], [-122.153748, 37.715842], [-122.15503, 37.71663], [-122.1619, 37.72135], [-122.16233, 37.7211], [-122.16499, 37.72355], [-122.16784, 37.72618], [-122.167579, 37.726327], [-122.167507, 37.726322], [-122.167099, 37.726344], [-122.166843, 37.726394], [-122.16658, 37.726421], [-122.166276, 37.726465], [-122.166029, 37.726517], [-122.165861, 37.726553], [-122.165674, 37.726586], [-122.165575, 37.726594], [-122.164795, 37.726446], [-122.164768, 37.726437], [-122.164547, 37.726344], [-122.164139, 37.72614], [-122.164052, 37.726122], [-122.163991, 37.726109], [-122.163904, 37.726091], [-122.163761, 37.726081], [-122.163233, 37.726047], [-122.163067, 37.726057], [-122.162887, 37.726068], [-122.162837, 37.726079], [-122.162803, 37.726079], [-122.162756, 37.726085], [-122.162731, 37.726078], [-122.162715, 37.72609], [-122.162578, 37.726107], [-122.162257, 37.726129], [-122.161792, 37.726209], [-122.161718, 37.726222], [-122.161533, 37.726259], [-122.161504, 37.726264], [-122.161499, 37.726265], [-122.160869, 37.726122], [-122.160724, 37.726025], [-122.16068, 37.725996], [-122.160466, 37.72587], [-122.160154, 37.725694], [-122.159828, 37.725564], [-122.159781, 37.725546], [-122.159587, 37.725485], [-122.159509, 37.725457], [-122.159401, 37.725419], [-122.159255, 37.725392], [-122.159145, 37.725397], [-122.159006, 37.725442], [-122.158993, 37.725447], [-122.158875, 37.725502], [-122.158783, 37.72557], [-122.15869, 37.72556]]]]}}, {"type": "Feature", "properties": {"grade": "D", "cat": "Hazardous", "city": "Oakland", "label": "D19"}, "geometry": {"type": "MultiPolygon", "coordinates": [[[[-122.14985, 37.71388], [-122.15025, 37.71369], [-122.153748, 37.715842], [-122.153697, 37.715866], [-122.15368, 37.715873], [-122.153415, 37.715993], [-122.153327, 37.716034], [-122.153107, 37.716125], [-122.152449, 37.716399], [-122.15223, 37.716491], [-122.152118, 37.716535], [-122.151783, 37.716671], [-122.151672, 37.716716], [-122.151649, 37.716726], [-122.14985, 37.71388]]]]}}, {"type": "Feature", "properties": {"grade": "D", "cat": "Hazardous", "city": "Oakland", "label": "D2"}, "geometry": {"type": "MultiPolygon", "coordinates": [[[[-122.28269, 37.87569], [-122.282659, 37.875693], [-122.282641, 37.875583], [-122.282594, 37.875282], [-122.282577, 37.875043], [-122.282565, 37.874862], [-122.282544, 37.874679], [-122.282481, 37.874131], [-122.282461, 37.873949], [-122.282438, 37.873762], [-122.282431, 37.873706], [-122.282415, 37.873524], [-122.28269, 37.87569]]], [[[-122.29201, 37.86973], [-122.29281, 37.87163], [-122.282355, 37.873009], [-122.282336, 37.87284], [-122.282276, 37.872309], [-122.282256, 37.872132], [-122.28225, 37.872083], [-122.282233, 37.871936], [-122.282228, 37.871888], [-122.282212, 37.871752], [-122.282166, 37.871347], [-122.282151, 37.871212], [-122.28213, 37.871039], [-122.282117, 37.870931], [-122.29201, 37.86973]]]]}}, {"type": "Feature", "properties": {"grade": "D", "cat": "Hazardous", "city": "Oakland", "label": "D2"}, "geometry": {"type": "MultiPolygon", "coordinates": [[[[-122.27526, 37.8765], [-122.27479, 37.87235], [-122.2732, 37.87251], [-122.27314, 37.87202], [-122.282117, 37.870931], [-122.28213, 37.871039], [-122.282151, 37.871212], [-122.282166, 37.871347], [-122.282212, 37.871752], [-122.282228, 37.871888], [-122.282233, 37.871936], [-122.28225, 37.872083], [-122.282256, 37.872132], [-122.282276, 37.872309], [-122.282336, 37.87284], [-122.282355, 37.873009], [-122.28235, 37.87301], [-122.282415, 37.873524], [-122.282431, 37.873706], [-122.282438, 37.873762], [-122.282461, 37.873949], [-122.282481, 37.874131], [-122.282544, 37.874679], [-122.282565, 37.874862], [-122.282577, 37.875043], [-122.282594, 37.875282], [-122.282641, 37.875583], [-122.282659, 37.875693], [-122.27526, 37.8765]]]]}}, {"type": "Feature", "properties": {"grade": "D", "cat": "Hazardous", "city": "Oakland", "label": "D2"}, "geometry": {"type": "MultiPolygon", "coordinates": [[[[-122.27236, 37.86524], [-122.272363, 37.865061], [-122.272375, 37.865179], [-122.272381, 37.865244], [-122.27236, 37.86524]]], [[[-122.27268, 37.86879], [-122.27253, 37.86696], [-122.272547, 37.86696], [-122.272548, 37.866967], [-122.272591, 37.86733], [-122.27272, 37.86842], [-122.272763, 37.868784], [-122.272763, 37.868788], [-122.27268, 37.86879]]], [[[-122.27303, 37.87119], [-122.27296, 37.87062], [-122.272971, 37.870616], [-122.272987, 37.870767], [-122.273032, 37.87119], [-122.27303, 37.87119]]]]}}, {"type": "Feature", "properties": {"grade": "D", "cat": "Hazardous", "city": "Oakland", "label": "D2"}, "geometry": {"type": "MultiPolygon", "coordinates": [[[[-122.272388, 37.863324], [-122.273073, 37.86324], [-122.273301, 37.863213], [-122.27352, 37.863182], [-122.274177, 37.863092], [-122.274397, 37.863062], [-122.274622, 37.863034], [-122.275297, 37.86295], [-122.275522, 37.862922], [-122.275732, 37.862895], [-122.276363, 37.862817], [-122.276574, 37.862791], [-122.276819, 37.862758], [-122.277554, 37.862663], [-122.2778, 37.862632], [-122.277987, 37.862608], [-122.278548, 37.862539], [-122.278736, 37.862516], [-122.27901, 37.86248], [-122.279827, 37.862376], [-122.280101, 37.862342], [-122.280325, 37.862313], [-122.280688, 37.862267], [-122.280781, 37.862256], [-122.281, 37.86223], [-122.281054, 37.862224], [-122.281226, 37.862205], [-122.281259, 37.862385], [-122.28128, 37.862564], [-122.281353, 37.863183], [-122.2814, 37.863649], [-122.281438, 37.864011], [-122.281467, 37.864372], [-122.281488, 37.864622], [-122.281544, 37.865122], [-122.281569, 37.865457], [-122.281574, 37.86551], [-122.28162, 37.865817], [-122.281641, 37.866022], [-122.281654, 37.866129], [-122.281714, 37.866615], [-122.281729, 37.866816], [-122.281753, 37.867068], [-122.281783, 37.867382], [-122.281822, 37.867795], [-122.281844, 37.86802], [-122.281896, 37.86852], [-122.281911, 37.868678], [-122.281936, 37.869038], [-122.281965, 37.869453], [-122.281977, 37.869633], [-122.281997, 37.869902], [-122.282016, 37.870106], [-122.273032, 37.87119], [-122.272987, 37.870767], [-122.272971, 37.870616], [-122.27392, 37.87025], [-122.27371, 37.86876], [-122.272763, 37.868788], [-122.272763, 37.868784], [-122.27272, 37.86842], [-122.272591, 37.86733], [-122.272548, 37.866967], [-122.272547, 37.86696], [-122.27303, 37.86696], [-122.27332, 37.86662], [-122.27328, 37.86584], [-122.27275, 37.86581], [-122.27271, 37.8653], [-122.272381, 37.865244], [-122.272375, 37.865179], [-122.272363, 37.865061], [-122.272388, 37.863324]]]]}}, {"type": "Feature", "properties": {"grade": "D", "cat": "Hazardous", "city": "Oakland", "label": "D2"}, "geometry": {"type": "MultiPolygon", "coordinates": [[[[-122.29132, 37.86812], [-122.29152, 37.86896], [-122.282016, 37.870106], [-122.281997, 37.869902], [-122.281977, 37.869633], [-122.281965, 37.869453], [-122.281936, 37.869038], [-122.281911, 37.868678], [-122.281896, 37.86852], [-122.281844, 37.86802], [-122.281822, 37.867795], [-122.281783, 37.867382], [-122.281753, 37.867068], [-122.281729, 37.866816], [-122.281714, 37.866615], [-122.281654, 37.866129], [-122.281641, 37.866022], [-122.28162, 37.865817], [-122.281574, 37.86551], [-122.281569, 37.865457], [-122.281544, 37.865122], [-122.281488, 37.864622], [-122.281467, 37.864372], [-122.281438, 37.864011], [-122.2814, 37.863649], [-122.281353, 37.863183], [-122.28128, 37.862564], [-122.281259, 37.862385], [-122.281226, 37.862205], [-122.281407, 37.862178], [-122.281822, 37.862118], [-122.281952, 37.8621], [-122.282134, 37.862077], [-122.282327, 37.862051], [-122.282909, 37.861975], [-122.283103, 37.86195], [-122.283133, 37.861944], [-122.283224, 37.86193], [-122.283255, 37.861926], [-122.283366, 37.861912], [-122.283701, 37.861873], [-122.283813, 37.86186], [-122.283979, 37.86184], [-122.284022, 37.861836], [-122.28448, 37.861783], [-122.284647, 37.861764], [-122.28482, 37.861738], [-122.285339, 37.861664], [-122.285355, 37.861662], [-122.285512, 37.861638], [-122.285584, 37.86163], [-122.285803, 37.861607], [-122.285876, 37.8616], [-122.28608, 37.861573], [-122.286695, 37.861495], [-122.2869, 37.861469], [-122.286991, 37.861456], [-122.287264, 37.861421], [-122.287356, 37.86141], [-122.287467, 37.861395], [-122.2878, 37.861351], [-122.287912, 37.861337], [-122.28809, 37.861314], [-122.288625, 37.861247], [-122.288804, 37.861225], [-122.288973, 37.861201], [-122.288999, 37.861197], [-122.29132, 37.86812]], [[-122.2857, 37.86622], [-122.28449, 37.86636], [-122.28455, 37.86695], [-122.28572, 37.86679], [-122.2857, 37.86622]]]]}}, {"type": "Feature", "properties": {"grade": "D", "cat": "Hazardous", "city": "Oakland", "label": "D2"}, "geometry": {"type": "MultiPolygon", "coordinates": [[[[-122.28897, 37.86111], [-122.288999, 37.861197], [-122.288973, 37.861201], [-122.288804, 37.861225], [-122.288625, 37.861247], [-122.28809, 37.861314], [-122.287912, 37.861337], [-122.2878, 37.861351], [-122.287467, 37.861395], [-122.287356, 37.86141], [-122.287264, 37.861421], [-122.286991, 37.861456], [-122.2869, 37.861469], [-122.286695, 37.861495], [-122.28608, 37.861573], [-122.285876, 37.8616], [-122.285803, 37.861607], [-122.285584, 37.86163], [-122.285512, 37.861638], [-122.285355, 37.861662], [-122.285339, 37.861664], [-122.28482, 37.861738], [-122.284647, 37.861764], [-122.28448, 37.861783], [-122.284022, 37.861836], [-122.283979, 37.86184], [-122.283813, 37.86186], [-122.283701, 37.861873], [-122.283366, 37.861912], [-122.283255, 37.861926], [-122.283224, 37.86193], [-122.283133, 37.861944], [-122.283103, 37.86195], [-122.282909, 37.861975], [-122.282327, 37.862051], [-122.282134, 37.862077], [-122.281952, 37.8621], [-122.281822, 37.862118], [-122.281407, 37.862178], [-122.281226, 37.862205], [-122.281213, 37.862108], [-122.28121, 37.862098], [-122.28897, 37.86111]]]]}}, {"type": "Feature", "properties": {"grade": "D", "cat": "Hazardous", "city": "Oakland", "label": "D2"}, "geometry": {"type": "MultiPolygon", "coordinates": [[[[-122.27239, 37.86322], [-122.28121, 37.862098], [-122.281213, 37.862108], [-122.281226, 37.862205], [-122.281054, 37.862224], [-122.281, 37.86223], [-122.280781, 37.862256], [-122.280688, 37.862267], [-122.280325, 37.862313], [-122.280101, 37.862342], [-122.279827, 37.862376], [-122.27901, 37.86248], [-122.278736, 37.862516], [-122.278548, 37.862539], [-122.277987, 37.862608], [-122.2778, 37.862632], [-122.277554, 37.862663], [-122.276819, 37.862758], [-122.276574, 37.862791], [-122.276363, 37.862817], [-122.275732, 37.862895], [-122.275522, 37.862922], [-122.275297, 37.86295], [-122.274622, 37.863034], [-122.274397, 37.863062], [-122.274177, 37.863092], [-122.27352, 37.863182], [-122.273301, 37.863213], [-122.273073, 37.86324], [-122.272388, 37.863324], [-122.27239, 37.86322]]]]}}, {"type": "Feature", "properties": {"grade": "D", "cat": "Hazardous", "city": "Oakland", "label": "D20"}, "geometry": {"type": "MultiPolygon", "coordinates": [[[[-122.23408, 37.76643], [-122.23471, 37.76667], [-122.23548, 37.76569], [-122.23719, 37.76654], [-122.23816, 37.76544], [-122.239, 37.76582], [-122.23995, 37.76626], [-122.23949, 37.76683], [-122.24027, 37.767195], [-122.240215, 37.76726], [-122.24008, 37.767426], [-122.239901, 37.767649], [-122.239673, 37.767921], [-122.239537, 37.768086], [-122.2395, 37.768131], [-122.239396, 37.768253], [-122.238972, 37.768755], [-122.238832, 37.768923], [-122.238695, 37.769083], [-122.23855, 37.769254], [-122.238307, 37.769542], [-122.238286, 37.769564], [-122.238148, 37.769723], [-122.238101, 37.769779], [-122.238007, 37.769893], [-122.237805, 37.770141], [-122.237587, 37.770404], [-122.237447, 37.770575], [-122.237306, 37.770741], [-122.236957, 37.771157], [-122.236884, 37.77124], [-122.236741, 37.771405], [-122.23669, 37.771383], [-122.236434, 37.771257], [-122.23641, 37.771244], [-122.23633, 37.771202], [-122.236254, 37.771152], [-122.23615, 37.77107], [-122.235831, 37.770905], [-122.235742, 37.77096], [-122.235451, 37.770821], [-122.235202, 37.770702], [-122.23512, 37.770664], [-122.2348, 37.770516], [-122.234218, 37.770225], [-122.234259, 37.77017], [-122.23435, 37.770054], [-122.234274, 37.770016], [-122.234191, 37.769988], [-122.234038, 37.770148], [-122.233713, 37.77], [-122.233159, 37.769763], [-122.232848, 37.769621], [-122.232446, 37.769445], [-122.232204, 37.76933], [-122.232273, 37.769297], [-122.231941, 37.769253], [-122.231851, 37.769236], [-122.231775, 37.769215], [-122.23171, 37.76919], [-122.23408, 37.76643]]]]}}, {"type": "Feature", "properties": {"grade": "D", "cat": "Hazardous", "city": "Oakland", "label": "D20"}, "geometry": {"type": "MultiPolygon", "coordinates": [[[[-122.24507, 37.77286], [-122.24352, 37.77222], [-122.24485, 37.77039], [-122.24419, 37.77012], [-122.24281, 37.77193], [-122.24018, 37.77088], [-122.23977, 37.77134], [-122.239093, 37.772335], [-122.238961, 37.772272], [-122.238698, 37.772129], [-122.23822, 37.77191], [-122.237992, 37.771822], [-122.237895, 37.7718], [-122.237549, 37.771679], [-122.237362, 37.771608], [-122.237175, 37.771542], [-122.236925, 37.771482], [-122.236822, 37.771439], [-122.236741, 37.771405], [-122.236884, 37.77124], [-122.236957, 37.771157], [-122.237306, 37.770741], [-122.237447, 37.770575], [-122.237587, 37.770404], [-122.237805, 37.770141], [-122.238007, 37.769893], [-122.238101, 37.769779], [-122.238148, 37.769723], [-122.238286, 37.769564], [-122.238307, 37.769542], [-122.23855, 37.769254], [-122.238695, 37.769083], [-122.238832, 37.768923], [-122.238972, 37.768755], [-122.239396, 37.768253], [-122.2395, 37.768131], [-122.239537, 37.768086], [-122.239673, 37.767921], [-122.239901, 37.767649], [-122.24008, 37.767426], [-122.240215, 37.76726], [-122.24027, 37.767195], [-122.24555, 37.76967], [-122.24585, 37.76923], [-122.24894, 37.77057], [-122.24867, 37.77101], [-122.25254, 37.77261], [-122.2528, 37.77223], [-122.25851, 37.7747], [-122.258701, 37.77478], [-122.258542, 37.775022], [-122.258492, 37.775099], [-122.258409, 37.775196], [-122.258293, 37.775364], [-122.257947, 37.775868], [-122.257832, 37.776037], [-122.257569, 37.775919], [-122.25681, 37.775578], [-122.256781, 37.775566], [-122.256517, 37.775454], [-122.256384, 37.775397], [-122.255986, 37.775229], [-122.255854, 37.775173], [-122.255687, 37.775099], [-122.255187, 37.774879], [-122.255021, 37.774806], [-122.255005, 37.774828], [-122.254996, 37.774845], [-122.25499, 37.774859], [-122.25492, 37.77496], [-122.254895, 37.774999], [-122.254799, 37.775139], [-122.254514, 37.775561], [-122.254429, 37.775708], [-122.254321, 37.775662], [-122.253997, 37.775524], [-122.25389, 37.775478], [-122.253821, 37.775448], [-122.253766, 37.775425], [-122.253615, 37.775364], [-122.253547, 37.775337], [-122.253493, 37.775414], [-122.253334, 37.775645], [-122.253282, 37.775723], [-122.253223, 37.77581], [-122.253048, 37.776073], [-122.25299, 37.776161], [-122.252947, 37.776226], [-122.252927, 37.776255], [-122.24507, 37.77286]]]]}}, {"type": "Feature", "properties": {"grade": "D", "cat": "Hazardous", "city": "Oakland", "label": "D20"}, "geometry": {"type": "MultiPolygon", "coordinates": [[[[-122.25958, 37.77515], [-122.2605, 37.77529], [-122.26335, 37.77526], [-122.26335, 37.77498], [-122.26706, 37.77517], [-122.26953, 37.77528], [-122.26953, 37.77709], [-122.27338, 37.77714], [-122.2734, 37.77633], [-122.27621, 37.77641], [-122.2761, 37.78005], [-122.26654, 37.77983], [-122.26609, 37.77966], [-122.26561, 37.77951], [-122.26502, 37.77941], [-122.26443, 37.77932], [-122.26371, 37.77906], [-122.26311, 37.77871], [-122.26282, 37.77834], [-122.26274, 37.77793], [-122.26269, 37.77773], [-122.26237, 37.77755], [-122.26187, 37.77736], [-122.26099, 37.7773], [-122.26047, 37.7772], [-122.25959, 37.77707], [-122.25801, 37.77656], [-122.25684, 37.77587], [-122.25503, 37.77495], [-122.25384, 37.77665], [-122.252927, 37.776255], [-122.252947, 37.776226], [-122.25299, 37.776161], [-122.253048, 37.776073], [-122.253223, 37.77581], [-122.253282, 37.775723], [-122.253334, 37.775645], [-122.253493, 37.775414], [-122.253547, 37.775337], [-122.253615, 37.775364], [-122.253766, 37.775425], [-122.253821, 37.775448], [-122.25389, 37.775478], [-122.253997, 37.775524], [-122.254321, 37.775662], [-122.254429, 37.775708], [-122.254514, 37.775561], [-122.254799, 37.775139], [-122.254895, 37.774999], [-122.25492, 37.77496], [-122.25499, 37.774859], [-122.254996, 37.774845], [-122.255005, 37.774828], [-122.255021, 37.774806], [-122.255187, 37.774879], [-122.255687, 37.775099], [-122.255854, 37.775173], [-122.255986, 37.775229], [-122.256384, 37.775397], [-122.256517, 37.775454], [-122.256781, 37.775566], [-122.25681, 37.775578], [-122.257569, 37.775919], [-122.257832, 37.776037], [-122.257947, 37.775868], [-122.258293, 37.775364], [-122.258409, 37.775196], [-122.258492, 37.775099], [-122.258542, 37.775022], [-122.258701, 37.77478], [-122.25958, 37.77515]]]]}}, {"type": "Feature", "properties": {"grade": "D", "cat": "Hazardous", "city": "Oakland", "label": "D3"}, "geometry": {"type": "MultiPolygon", "coordinates": [[[[-122.28665, 37.85025], [-122.288688, 37.849828], [-122.28873, 37.849962], [-122.288739, 37.849991], [-122.287459, 37.850239], [-122.286699, 37.850406], [-122.28665, 37.85025]]]]}}, {"type": "Feature", "properties": {"grade": "D", "cat": "Hazardous", "city": "Oakland", "label": "D3"}, "geometry": {"type": "MultiPolygon", "coordinates": [[[[-122.29894, 37.88281], [-122.298609, 37.882884], [-122.298649, 37.882837], [-122.298777, 37.882787], [-122.298918, 37.882751], [-122.299065, 37.882787], [-122.29894, 37.88281]]], [[[-122.30215, 37.88249], [-122.30115, 37.88271], [-122.300679, 37.882749], [-122.300813, 37.882729], [-122.302114, 37.882436], [-122.302313, 37.882356], [-122.302323, 37.882391], [-122.302346, 37.882468], [-122.30215, 37.88249]]]]}}, {"type": "Feature", "properties": {"grade": "D", "cat": "Hazardous", "city": "Oakland", "label": "D3"}, "geometry": {"type": "MultiPolygon", "coordinates": [[[[-122.30348, 37.8822], [-122.30306, 37.88239], [-122.302346, 37.882468], [-122.302323, 37.882391], [-122.302313, 37.882356], [-122.302422, 37.88231], [-122.302745, 37.882283], [-122.303047, 37.882258], [-122.303335, 37.882171], [-122.303532, 37.882197], [-122.303656, 37.882171], [-122.303746, 37.882178], [-122.304395, 37.882136], [-122.304458, 37.882147], [-122.30348, 37.8822]]], [[[-122.30612, 37.882], [-122.3055, 37.88209], [-122.304625, 37.882138], [-122.305105, 37.882088], [-122.305512, 37.882046], [-122.305786, 37.882021], [-122.305901, 37.88201], [-122.30619, 37.881983], [-122.30612, 37.882]]], [[[-122.30831, 37.8822], [-122.30812, 37.88211], [-122.30783, 37.88187], [-122.307644, 37.881817], [-122.307666, 37.881821], [-122.307761, 37.881837], [-122.307989, 37.881946], [-122.308202, 37.882048], [-122.308351, 37.882115], [-122.308457, 37.882172], [-122.30831, 37.8822]]]]}}, {"type": "Feature", "properties": {"grade": "D", "cat": "Hazardous", "city": "Oakland", "label": "D3"}, "geometry": {"type": "MultiPolygon", "coordinates": [[[[-122.28987, 37.86059], [-122.28947, 37.85919], [-122.286699, 37.850406], [-122.287459, 37.850239], [-122.288739, 37.849991], [-122.288952, 37.849945], [-122.288948, 37.849975], [-122.289546, 37.849851], [-122.290203, 37.849719], [-122.290863, 37.849585], [-122.291373, 37.849482], [-122.291364, 37.849446], [-122.291512, 37.849419], [-122.291528, 37.849463], [-122.291978, 37.849367], [-122.291958, 37.849303], [-122.291975, 37.8493], [-122.292118, 37.849272], [-122.292152, 37.849265], [-122.292181, 37.84926], [-122.292186, 37.849273], [-122.292192, 37.84929], [-122.292238, 37.849281], [-122.292324, 37.849264], [-122.292437, 37.849242], [-122.292537, 37.849222], [-122.293151, 37.849099], [-122.293137, 37.849065], [-122.293723, 37.848944], [-122.293741, 37.84894], [-122.293751, 37.84897], [-122.29469, 37.84878], [-122.294703, 37.848804], [-122.294821, 37.848779], [-122.294811, 37.848755], [-122.295046, 37.848706], [-122.295085, 37.848698], [-122.295119, 37.848691], [-122.295272, 37.84866], [-122.295648, 37.848583], [-122.29601, 37.8496], [-122.29601, 37.85002], [-122.29654, 37.85182], [-122.2977, 37.85497], [-122.29834, 37.85694], [-122.29893, 37.85862], [-122.29948, 37.85998], [-122.29993, 37.86082], [-122.30041, 37.86166], [-122.30056, 37.86192], [-122.30055, 37.86264], [-122.3012, 37.86364], [-122.30249, 37.86552], [-122.30288, 37.86649], [-122.29947, 37.86731], [-122.297676, 37.867726], [-122.297665, 37.867694], [-122.297659, 37.867678], [-122.297452, 37.867091], [-122.297413, 37.866966], [-122.297338, 37.866721], [-122.297241, 37.866433], [-122.29695, 37.865569], [-122.296853, 37.865282], [-122.296708, 37.864817], [-122.296304, 37.863522], [-122.296183, 37.863168], [-122.29609, 37.862892], [-122.295984, 37.862535], [-122.295842, 37.8621], [-122.295822, 37.862036], [-122.295735, 37.861743], [-122.295528, 37.861038], [-122.295501, 37.860964], [-122.295462, 37.860894], [-122.295437, 37.86079], [-122.295314, 37.860424], [-122.295163, 37.860002], [-122.294433, 37.860146], [-122.29419, 37.860188], [-122.294068, 37.860207], [-122.293937, 37.860218], [-122.293719, 37.860243], [-122.29333, 37.860331], [-122.292971, 37.860421], [-122.291858, 37.860654], [-122.291636, 37.860699], [-122.29097, 37.860835], [-122.290749, 37.860881], [-122.290528, 37.860923], [-122.290172, 37.860992], [-122.290036, 37.861019], [-122.29001, 37.861025], [-122.28987, 37.86059]]], [[[-122.29804, 37.88301], [-122.29704, 37.88312], [-122.295637, 37.878626], [-122.295859, 37.878581], [-122.296219, 37.878508], [-122.296436, 37.878464], [-122.296667, 37.878418], [-122.297362, 37.878283], [-122.297505, 37.878256], [-122.297594, 37.878237], [-122.297805, 37.878191], [-122.29844, 37.878057], [-122.298652, 37.878013], [-122.298876, 37.87797], [-122.299552, 37.877843], [-122.299777, 37.877801], [-122.299992, 37.877754], [-122.300637, 37.877616], [-122.300766, 37.877589], [-122.300853, 37.877571], [-122.300777, 37.877335], [-122.300549, 37.876628], [-122.300474, 37.876393], [-122.300392, 37.87616], [-122.300147, 37.875462], [-122.300066, 37.87523], [-122.299997, 37.875], [-122.299791, 37.874313], [-122.299736, 37.87413], [-122.299722, 37.874085], [-122.299607, 37.873736], [-122.299262, 37.872689], [-122.299148, 37.87234], [-122.299036, 37.871985], [-122.298702, 37.870924], [-122.298591, 37.87057], [-122.298505, 37.870322], [-122.298454, 37.870172], [-122.298357, 37.869879], [-122.298264, 37.869577], [-122.298187, 37.869328], [-122.298093, 37.869051], [-122.298024, 37.868845], [-122.297946, 37.868576], [-122.297942, 37.868565], [-122.30244, 37.86759], [-122.30306, 37.86731], [-122.30298, 37.86678], [-122.30479, 37.86635], [-122.30698, 37.87299], [-122.30959, 37.88196], [-122.308457, 37.882172], [-122.308351, 37.882115], [-122.308202, 37.882048], [-122.307989, 37.881946], [-122.307761, 37.881837], [-122.307666, 37.881821], [-122.307644, 37.881817], [-122.30741, 37.88175], [-122.30691, 37.88181], [-122.30619, 37.881983], [-122.305901, 37.88201], [-122.305786, 37.882021], [-122.305512, 37.882046], [-122.305105, 37.882088], [-122.304625, 37.882138], [-122.304458, 37.882147], [-122.304395, 37.882136], [-122.303746, 37.882178], [-122.303656, 37.882171], [-122.303532, 37.882197], [-122.303335, 37.882171], [-122.303047, 37.882258], [-122.302745, 37.882283], [-122.302422, 37.88231], [-122.302313, 37.882356], [-122.302114, 37.882436], [-122.300813, 37.882729], [-122.300679, 37.882749], [-122.30042, 37.88277], [-122.29949, 37.88271], [-122.299065, 37.882787], [-122.298918, 37.882751], [-122.298777, 37.882787], [-122.298649, 37.882837], [-122.298609, 37.882884], [-122.29804, 37.88301]]]]}}, {"type": "Feature", "properties": {"grade": "D", "cat": "Hazardous", "city": "Oakland", "label": "D3"}, "geometry": {"type": "MultiPolygon", "coordinates": [[[[-122.29284, 37.86967], [-122.297942, 37.868565], [-122.297946, 37.868576], [-122.298024, 37.868845], [-122.298093, 37.869051], [-122.298187, 37.869328], [-122.298264, 37.869577], [-122.298357, 37.869879], [-122.298454, 37.870172], [-122.298505, 37.870322], [-122.298591, 37.87057], [-122.298702, 37.870924], [-122.299036, 37.871985], [-122.299148, 37.87234], [-122.299262, 37.872689], [-122.299607, 37.873736], [-122.299722, 37.874085], [-122.299736, 37.87413], [-122.299791, 37.874313], [-122.299997, 37.875], [-122.300066, 37.87523], [-122.300147, 37.875462], [-122.300392, 37.87616], [-122.300474, 37.876393], [-122.300549, 37.876628], [-122.300777, 37.877335], [-122.300853, 37.877571], [-122.300766, 37.877589], [-122.300637, 37.877616], [-122.299992, 37.877754], [-122.299777, 37.877801], [-122.299552, 37.877843], [-122.298876, 37.87797], [-122.298652, 37.878013], [-122.29844, 37.878057], [-122.297805, 37.878191], [-122.297594, 37.878237], [-122.297505, 37.878256], [-122.297362, 37.878283], [-122.296667, 37.878418], [-122.296436, 37.878464], [-122.296219, 37.878508], [-122.295859, 37.878581], [-122.295637, 37.878626], [-122.29284, 37.86967]], [[-122.29752, 37.87126], [-122.29651, 37.87144], [-122.29692, 37.87264], [-122.29787, 37.8724], [-122.29752, 37.87126]]]]}}, {"type": "Feature", "properties": {"grade": "D", "cat": "Hazardous", "city": "Oakland", "label": "D3"}, "geometry": {"type": "MultiPolygon", "coordinates": [[[[-122.29249, 37.86893], [-122.29112, 37.86446], [-122.29001, 37.861025], [-122.290036, 37.861019], [-122.290172, 37.860992], [-122.290528, 37.860923], [-122.290749, 37.860881], [-122.29097, 37.860835], [-122.291636, 37.860699], [-122.291858, 37.860654], [-122.292971, 37.860421], [-122.29333, 37.860331], [-122.293719, 37.860243], [-122.293937, 37.860218], [-122.294068, 37.860207], [-122.29419, 37.860188], [-122.294433, 37.860146], [-122.295163, 37.860002], [-122.295314, 37.860424], [-122.295437, 37.86079], [-122.295462, 37.860894], [-122.295501, 37.860964], [-122.295528, 37.861038], [-122.295735, 37.861743], [-122.295822, 37.862036], [-122.295842, 37.8621], [-122.295984, 37.862535], [-122.29609, 37.862892], [-122.296183, 37.863168], [-122.296304, 37.863522], [-122.296708, 37.864817], [-122.296853, 37.865282], [-122.29695, 37.865569], [-122.297241, 37.866433], [-122.297338, 37.866721], [-122.297413, 37.866966], [-122.297452, 37.867091], [-122.297659, 37.867678], [-122.297665, 37.867694], [-122.297676, 37.867726], [-122.29249, 37.86893]]]]}}, {"type": "Feature", "properties": {"grade": "D", "cat": "Hazardous", "city": "Oakland", "label": "D3"}, "geometry": {"type": "MultiPolygon", "coordinates": [[[[-122.29559, 37.84842], [-122.295648, 37.848583], [-122.295272, 37.84866], [-122.295119, 37.848691], [-122.295085, 37.848698], [-122.295046, 37.848706], [-122.295038, 37.848675], [-122.295007, 37.848539], [-122.29559, 37.84842]]]]}}, {"type": "Feature", "properties": {"grade": "D", "cat": "Hazardous", "city": "Oakland", "label": "D3"}, "geometry": {"type": "MultiPolygon", "coordinates": [[[[-122.28911, 37.84974], [-122.295007, 37.848539], [-122.295038, 37.848675], [-122.295046, 37.848706], [-122.294811, 37.848755], [-122.294821, 37.848779], [-122.294703, 37.848804], [-122.29469, 37.84878], [-122.293751, 37.84897], [-122.293741, 37.84894], [-122.293723, 37.848944], [-122.293137, 37.849065], [-122.293151, 37.849099], [-122.292537, 37.849222], [-122.292437, 37.849242], [-122.292324, 37.849264], [-122.292238, 37.849281], [-122.292192, 37.84929], [-122.292186, 37.849273], [-122.292181, 37.84926], [-122.292152, 37.849265], [-122.292118, 37.849272], [-122.291975, 37.8493], [-122.291958, 37.849303], [-122.291978, 37.849367], [-122.291528, 37.849463], [-122.291512, 37.849419], [-122.291364, 37.849446], [-122.291373, 37.849482], [-122.290863, 37.849585], [-122.290203, 37.849719], [-122.289546, 37.849851], [-122.288948, 37.849975], [-122.288952, 37.849945], [-122.288739, 37.849991], [-122.28873, 37.849962], [-122.288688, 37.849828], [-122.28911, 37.84974]]]]}}, {"type": "Feature", "properties": {"grade": "D", "cat": "Hazardous", "city": "Oakland", "label": "D4"}, "geometry": {"type": "MultiPolygon", "coordinates": [[[[-122.27265, 37.84605], [-122.27314, 37.846], [-122.27625, 37.84566], [-122.27675, 37.84746], [-122.277706, 37.847338], [-122.277736, 37.847416], [-122.277766, 37.847525], [-122.277703, 37.847533], [-122.277603, 37.847546], [-122.27746, 37.847564], [-122.277329, 37.847582], [-122.276746, 37.847664], [-122.276188, 37.847734], [-122.276173, 37.847662], [-122.276171, 37.847652], [-122.276082, 37.847222], [-122.275896, 37.846329], [-122.275843, 37.846073], [-122.275819, 37.84596], [-122.2758, 37.845867], [-122.275379, 37.845924], [-122.274912, 37.845981], [-122.274435, 37.846042], [-122.274095, 37.846086], [-122.27377, 37.846128], [-122.273323, 37.846186], [-122.273117, 37.846214], [-122.273027, 37.846226], [-122.272646, 37.846278], [-122.272566, 37.846289], [-122.272542, 37.846292], [-122.27265, 37.84605]]]]}}, {"type": "Feature", "properties": {"grade": "D", "cat": "Hazardous", "city": "Oakland", "label": "D4"}, "geometry": {"type": "MultiPolygon", "coordinates": [[[[-122.28185, 37.84681], [-122.28271, 37.84876], [-122.28313, 37.84867], [-122.28381, 37.8505], [-122.28559, 37.85014], [-122.285622, 37.850244], [-122.285586, 37.850251], [-122.285442, 37.850278], [-122.28543, 37.85028], [-122.285093, 37.850345], [-122.284984, 37.850367], [-122.284638, 37.850435], [-122.28452, 37.850458], [-122.2845, 37.850391], [-122.284331, 37.850424], [-122.284352, 37.85049], [-122.284163, 37.850526], [-122.284054, 37.850548], [-122.283834, 37.850591], [-122.283571, 37.850642], [-122.283503, 37.850448], [-122.283464, 37.850329], [-122.283459, 37.850307], [-122.28344, 37.85022], [-122.283346, 37.849956], [-122.283383, 37.849948], [-122.283354, 37.84985], [-122.283326, 37.849757], [-122.283245, 37.849489], [-122.283216, 37.849407], [-122.283197, 37.849347], [-122.283135, 37.849361], [-122.283089, 37.849372], [-122.28307, 37.849316], [-122.283057, 37.849272], [-122.282964, 37.849008], [-122.282831, 37.849038], [-122.282714, 37.849063], [-122.282705, 37.849036], [-122.282619, 37.849057], [-122.282588, 37.849062], [-122.282597, 37.849088], [-122.282463, 37.849118], [-122.282454, 37.849092], [-122.282441, 37.849055], [-122.282332, 37.848743], [-122.282244, 37.848492], [-122.282178, 37.848307], [-122.28199, 37.848348], [-122.281875, 37.847829], [-122.281863, 37.847776], [-122.282052, 37.847751], [-122.281977, 37.847416], [-122.281973, 37.847376], [-122.281966, 37.847311], [-122.281957, 37.847245], [-122.281899, 37.846975], [-122.281804, 37.846988], [-122.281792, 37.846989], [-122.281702, 37.847001], [-122.281502, 37.847028], [-122.281372, 37.847044], [-122.281354, 37.847046], [-122.281275, 37.847057], [-122.281148, 37.847074], [-122.280708, 37.847133], [-122.280298, 37.847188], [-122.280024, 37.847224], [-122.279888, 37.847242], [-122.279883, 37.84722], [-122.279747, 37.847239], [-122.279751, 37.84726], [-122.279576, 37.847282], [-122.279521, 37.84729], [-122.279371, 37.84731], [-122.278944, 37.847367], [-122.27889, 37.847375], [-122.278542, 37.847421], [-122.278136, 37.847475], [-122.277885, 37.847509], [-122.277841, 37.847515], [-122.277823, 37.847517], [-122.277766, 37.847525], [-122.277736, 37.847416], [-122.277706, 37.847338], [-122.28185, 37.84681]]]]}}, {"type": "Feature", "properties": {"grade": "D", "cat": "Hazardous", "city": "Oakland", "label": "D4"}, "geometry": {"type": "MultiPolygon", "coordinates": [[[[-122.26545, 37.86711], [-122.26498, 37.86432], [-122.264978, 37.864302], [-122.265277, 37.864265], [-122.265333, 37.864425], [-122.265334, 37.864435], [-122.265366, 37.864617], [-122.26539, 37.864739], [-122.265434, 37.864967], [-122.265469, 37.865145], [-122.265506, 37.865327], [-122.265619, 37.865873], [-122.265657, 37.866056], [-122.265693, 37.866238], [-122.265803, 37.866787], [-122.26584, 37.86697], [-122.265879, 37.867063], [-122.265879, 37.867065], [-122.26545, 37.86711]]]]}}, {"type": "Feature", "properties": {"grade": "D", "cat": "Hazardous", "city": "Oakland", "label": "D4"}, "geometry": {"type": "MultiPolygon", "coordinates": [[[[-122.26688, 37.86696], [-122.265879, 37.867065], [-122.265879, 37.867063], [-122.26584, 37.86697], [-122.265803, 37.866787], [-122.265693, 37.866238], [-122.265657, 37.866056], [-122.265619, 37.865873], [-122.265506, 37.865327], [-122.265469, 37.865145], [-122.265434, 37.864967], [-122.26539, 37.864739], [-122.265366, 37.864617], [-122.265334, 37.864435], [-122.265333, 37.864425], [-122.265277, 37.864265], [-122.265713, 37.864206], [-122.265915, 37.864179], [-122.266482, 37.864104], [-122.26688, 37.86696]]]]}}, {"type": "Feature", "properties": {"grade": "D", "cat": "Hazardous", "city": "Oakland", "label": "D4"}, "geometry": {"type": "MultiPolygon", "coordinates": [[[[-122.28897, 37.86111], [-122.28121, 37.862098], [-122.281191, 37.862025], [-122.281089, 37.861753], [-122.280973, 37.861521], [-122.280891, 37.861358], [-122.28082, 37.861227], [-122.280808, 37.861194], [-122.280736, 37.860994], [-122.280699, 37.860856], [-122.280657, 37.860667], [-122.280647, 37.860617], [-122.280631, 37.860486], [-122.280594, 37.86031], [-122.280484, 37.859782], [-122.280448, 37.859606], [-122.280412, 37.85943], [-122.280305, 37.858904], [-122.28027, 37.858729], [-122.280231, 37.858548], [-122.280116, 37.858005], [-122.280078, 37.857824], [-122.28004, 37.857644], [-122.279926, 37.857105], [-122.279888, 37.856926], [-122.279853, 37.856747], [-122.279825, 37.856597], [-122.279738, 37.856212], [-122.279698, 37.856035], [-122.279656, 37.855811], [-122.279532, 37.855139], [-122.279491, 37.854916], [-122.279459, 37.854765], [-122.279427, 37.854614], [-122.279355, 37.854314], [-122.27932, 37.854165], [-122.27928, 37.853989], [-122.279236, 37.853788], [-122.279161, 37.853462], [-122.279121, 37.853287], [-122.279693, 37.853263], [-122.279757, 37.85326], [-122.279949, 37.853254], [-122.280014, 37.853252], [-122.280115, 37.853248], [-122.280422, 37.853238], [-122.280524, 37.853235], [-122.280591, 37.853233], [-122.280794, 37.853231], [-122.280862, 37.85323], [-122.281433, 37.85319], [-122.281898, 37.853116], [-122.283015, 37.852905], [-122.283284, 37.852851], [-122.283746, 37.852761], [-122.284023, 37.852691], [-122.28421, 37.852658], [-122.284353, 37.852628], [-122.286181, 37.852259], [-122.286204, 37.852255], [-122.286239, 37.852248], [-122.28897, 37.86111]], [[-122.28464, 37.85417], [-122.283, 37.85442], [-122.28352, 37.85733], [-122.28512, 37.85717], [-122.28464, 37.85417]]]]}}, {"type": "Feature", "properties": {"grade": "D", "cat": "Hazardous", "city": "Oakland", "label": "D4"}, "geometry": {"type": "MultiPolygon", "coordinates": [[[[-122.27215, 37.86142], [-122.27201, 37.85973], [-122.27276, 37.85959], [-122.27262, 37.85796], [-122.2719, 37.85796], [-122.27165, 37.85605], [-122.27212, 37.85582], [-122.271761, 37.854202], [-122.272175, 37.854157], [-122.273237, 37.854039], [-122.273444, 37.854011], [-122.273944, 37.853945], [-122.274067, 37.85393], [-122.274276, 37.853906], [-122.274813, 37.853834], [-122.276071, 37.853669], [-122.276428, 37.853629], [-122.276968, 37.853569], [-122.277344, 37.853518], [-122.278474, 37.853367], [-122.278851, 37.853317], [-122.278904, 37.853309], [-122.27896, 37.853302], [-122.279021, 37.8533], [-122.279067, 37.853294], [-122.279121, 37.853287], [-122.279161, 37.853462], [-122.279236, 37.853788], [-122.27928, 37.853989], [-122.27932, 37.854165], [-122.279355, 37.854314], [-122.279427, 37.854614], [-122.279459, 37.854765], [-122.279491, 37.854916], [-122.279532, 37.855139], [-122.279656, 37.855811], [-122.279698, 37.856035], [-122.279738, 37.856212], [-122.279825, 37.856597], [-122.279853, 37.856747], [-122.279888, 37.856926], [-122.279926, 37.857105], [-122.28004, 37.857644], [-122.280078, 37.857824], [-122.280116, 37.858005], [-122.280231, 37.858548], [-122.28027, 37.858729], [-122.280305, 37.858904], [-122.280412, 37.85943], [-122.280448, 37.859606], [-122.280484, 37.859782], [-122.280594, 37.86031], [-122.280631, 37.860486], [-122.280647, 37.860617], [-122.280657, 37.860667], [-122.280699, 37.860856], [-122.280736, 37.860994], [-122.280808, 37.861194], [-122.28082, 37.861227], [-122.280891, 37.861358], [-122.280973, 37.861521], [-122.281089, 37.861753], [-122.281191, 37.862025], [-122.28121, 37.862098], [-122.27239, 37.86322], [-122.27215, 37.863251], [-122.272141, 37.86317], [-122.272081, 37.862627], [-122.272062, 37.862446], [-122.272039, 37.862268], [-122.271973, 37.861737], [-122.271951, 37.86156], [-122.27194, 37.861451], [-122.27215, 37.86142]]]]}}, {"type": "Feature", "properties": {"grade": "D", "cat": "Hazardous", "city": "Oakland", "label": "D4"}, "geometry": {"type": "MultiPolygon", "coordinates": [[[[-122.26869, 37.8637], [-122.26838, 37.86198], [-122.27194, 37.861451], [-122.271951, 37.86156], [-122.271973, 37.861737], [-122.272039, 37.862268], [-122.272062, 37.862446], [-122.272081, 37.862627], [-122.272141, 37.86317], [-122.27215, 37.863251], [-122.26869, 37.8637]]], [[[-122.26623, 37.8623], [-122.266482, 37.864104], [-122.265915, 37.864179], [-122.265713, 37.864206], [-122.265277, 37.864265], [-122.265233, 37.864085], [-122.265104, 37.863546], [-122.265062, 37.863367], [-122.265025, 37.863185], [-122.264916, 37.862641], [-122.264888, 37.862498], [-122.26623, 37.8623]]]]}}, {"type": "Feature", "properties": {"grade": "D", "cat": "Hazardous", "city": "Oakland", "label": "D4"}, "geometry": {"type": "MultiPolygon", "coordinates": [[[[-122.26474, 37.86252], [-122.264888, 37.862498], [-122.264916, 37.862641], [-122.265025, 37.863185], [-122.265062, 37.863367], [-122.265104, 37.863546], [-122.265233, 37.864085], [-122.265277, 37.864265], [-122.264978, 37.864302], [-122.26474, 37.86252]]]]}}, {"type": "Feature", "properties": {"grade": "D", "cat": "Hazardous", "city": "Oakland", "label": "D4"}, "geometry": {"type": "MultiPolygon", "coordinates": [[[[-122.2708, 37.85382], [-122.27037, 37.85112], [-122.27146, 37.84869], [-122.271566, 37.848677], [-122.271554, 37.848711], [-122.271531, 37.84877], [-122.271321, 37.849298], [-122.27117, 37.849701], [-122.270856, 37.850507], [-122.270814, 37.850667], [-122.270804, 37.850796], [-122.270803, 37.85085], [-122.270802, 37.850958], [-122.270817, 37.851057], [-122.270865, 37.851325], [-122.270872, 37.851397], [-122.270893, 37.85158], [-122.270906, 37.85176], [-122.270947, 37.852303], [-122.270961, 37.852484], [-122.270992, 37.852841], [-122.271037, 37.853334], [-122.271091, 37.853781], [-122.271099, 37.85384], [-122.2708, 37.85382]]]]}}, {"type": "Feature", "properties": {"grade": "D", "cat": "Hazardous", "city": "Oakland", "label": "D4"}, "geometry": {"type": "MultiPolygon", "coordinates": [[[[-122.27545, 37.8482], [-122.27511, 37.84639], [-122.27232, 37.84679], [-122.272542, 37.846292], [-122.272566, 37.846289], [-122.272646, 37.846278], [-122.273027, 37.846226], [-122.273117, 37.846214], [-122.273323, 37.846186], [-122.27377, 37.846128], [-122.274095, 37.846086], [-122.274435, 37.846042], [-122.274912, 37.845981], [-122.275379, 37.845924], [-122.2758, 37.845867], [-122.275819, 37.84596], [-122.275843, 37.846073], [-122.275896, 37.846329], [-122.276082, 37.847222], [-122.276171, 37.847652], [-122.276173, 37.847662], [-122.276188, 37.847734], [-122.276746, 37.847664], [-122.277329, 37.847582], [-122.27746, 37.847564], [-122.277603, 37.847546], [-122.277703, 37.847533], [-122.277766, 37.847525], [-122.277787, 37.847601], [-122.277853, 37.847869], [-122.277868, 37.847928], [-122.277899, 37.84806], [-122.278034, 37.848634], [-122.278079, 37.848826], [-122.278098, 37.848898], [-122.278121, 37.848997], [-122.278243, 37.849511], [-122.278284, 37.849683], [-122.278306, 37.849769], [-122.278319, 37.849826], [-122.278421, 37.850257], [-122.278455, 37.850401], [-122.278464, 37.850445], [-122.278494, 37.850579], [-122.278505, 37.850624], [-122.278528, 37.850719], [-122.278599, 37.851007], [-122.278623, 37.851103], [-122.278638, 37.85118], [-122.278686, 37.851411], [-122.278702, 37.851489], [-122.278743, 37.851665], [-122.278867, 37.852194], [-122.27889, 37.852292], [-122.27891, 37.852371], [-122.278953, 37.852553], [-122.278967, 37.852612], [-122.279079, 37.853103], [-122.279121, 37.853287], [-122.279067, 37.853294], [-122.279021, 37.8533], [-122.27896, 37.853302], [-122.278904, 37.853309], [-122.278851, 37.853317], [-122.278474, 37.853367], [-122.277344, 37.853518], [-122.276968, 37.853569], [-122.276428, 37.853629], [-122.276071, 37.853669], [-122.274813, 37.853834], [-122.274276, 37.853906], [-122.274067, 37.85393], [-122.273944, 37.853945], [-122.273444, 37.854011], [-122.273237, 37.854039], [-122.272175, 37.854157], [-122.271761, 37.854202], [-122.27169, 37.85388], [-122.271099, 37.85384], [-122.271091, 37.853781], [-122.271037, 37.853334], [-122.270992, 37.852841], [-122.270961, 37.852484], [-122.270947, 37.852303], [-122.270906, 37.85176], [-122.270893, 37.85158], [-122.270872, 37.851397], [-122.270865, 37.851325], [-122.270817, 37.851057], [-122.270802, 37.850958], [-122.270803, 37.85085], [-122.270804, 37.850796], [-122.270814, 37.850667], [-122.270856, 37.850507], [-122.27117, 37.849701], [-122.271321, 37.849298], [-122.271531, 37.84877], [-122.271554, 37.848711], [-122.271566, 37.848677], [-122.27545, 37.8482]]]]}}, {"type": "Feature", "properties": {"grade": "D", "cat": "Hazardous", "city": "Oakland", "label": "D4"}, "geometry": {"type": "MultiPolygon", "coordinates": [[[[-122.286239, 37.852248], [-122.286204, 37.852255], [-122.286181, 37.852259], [-122.284353, 37.852628], [-122.28421, 37.852658], [-122.284023, 37.852691], [-122.283746, 37.852761], [-122.283284, 37.852851], [-122.283015, 37.852905], [-122.281898, 37.853116], [-122.281433, 37.85319], [-122.280862, 37.85323], [-122.280794, 37.853231], [-122.280591, 37.853233], [-122.280524, 37.853235], [-122.280422, 37.853238], [-122.280115, 37.853248], [-122.280014, 37.853252], [-122.279949, 37.853254], [-122.279757, 37.85326], [-122.279693, 37.853263], [-122.279121, 37.853287], [-122.279079, 37.853103], [-122.278967, 37.852612], [-122.278953, 37.852553], [-122.27891, 37.852371], [-122.27889, 37.852292], [-122.278867, 37.852194], [-122.278743, 37.851665], [-122.278702, 37.851489], [-122.278686, 37.851411], [-122.278638, 37.85118], [-122.278623, 37.851103], [-122.278599, 37.851007], [-122.278528, 37.850719], [-122.278505, 37.850624], [-122.278494, 37.850579], [-122.278464, 37.850445], [-122.278455, 37.850401], [-122.278421, 37.850257], [-122.278319, 37.849826], [-122.278306, 37.849769], [-122.278284, 37.849683], [-122.278243, 37.849511], [-122.278121, 37.848997], [-122.278098, 37.848898], [-122.278079, 37.848826], [-122.278034, 37.848634], [-122.277899, 37.84806], [-122.277868, 37.847928], [-122.277853, 37.847869], [-122.277787, 37.847601], [-122.277766, 37.847525], [-122.277823, 37.847517], [-122.277841, 37.847515], [-122.277885, 37.847509], [-122.278136, 37.847475], [-122.278542, 37.847421], [-122.27889, 37.847375], [-122.278944, 37.847367], [-122.279371, 37.84731], [-122.279521, 37.84729], [-122.279576, 37.847282], [-122.279751, 37.84726], [-122.279747, 37.847239], [-122.279883, 37.84722], [-122.279888, 37.847242], [-122.280024, 37.847224], [-122.280298, 37.847188], [-122.280708, 37.847133], [-122.281148, 37.847074], [-122.281275, 37.847057], [-122.281354, 37.847046], [-122.281372, 37.847044], [-122.281502, 37.847028], [-122.281702, 37.847001], [-122.281792, 37.846989], [-122.281804, 37.846988], [-122.281899, 37.846975], [-122.281957, 37.847245], [-122.281966, 37.847311], [-122.281973, 37.847376], [-122.281977, 37.847416], [-122.282052, 37.847751], [-122.281863, 37.847776], [-122.281875, 37.847829], [-122.28199, 37.848348], [-122.282178, 37.848307], [-122.282244, 37.848492], [-122.282332, 37.848743], [-122.282441, 37.849055], [-122.282454, 37.849092], [-122.282463, 37.849118], [-122.282597, 37.849088], [-122.282588, 37.849062], [-122.282619, 37.849057], [-122.282705, 37.849036], [-122.282714, 37.849063], [-122.282831, 37.849038], [-122.282964, 37.849008], [-122.283057, 37.849272], [-122.28307, 37.849316], [-122.283089, 37.849372], [-122.283135, 37.849361], [-122.283197, 37.849347], [-122.283216, 37.849407], [-122.283245, 37.849489], [-122.283326, 37.849757], [-122.283354, 37.84985], [-122.283383, 37.849948], [-122.283346, 37.849956], [-122.28344, 37.85022], [-122.283459, 37.850307], [-122.283464, 37.850329], [-122.283503, 37.850448], [-122.283571, 37.850642], [-122.283834, 37.850591], [-122.284054, 37.850548], [-122.284163, 37.850526], [-122.284352, 37.85049], [-122.284331, 37.850424], [-122.2845, 37.850391], [-122.28452, 37.850458], [-122.284638, 37.850435], [-122.284984, 37.850367], [-122.285093, 37.850345], [-122.28543, 37.85028], [-122.285442, 37.850278], [-122.285586, 37.850251], [-122.285622, 37.850244], [-122.286239, 37.852248]]]]}}, {"type": "Feature", "properties": {"grade": "D", "cat": "Hazardous", "city": "Oakland", "label": "D5"}, "geometry": {"type": "MultiPolygon", "coordinates": [[[[-122.26, 37.85026], [-122.25865, 37.85046], [-122.25812, 37.84665], [-122.26074, 37.8462], [-122.261155, 37.846156], [-122.261131, 37.846359], [-122.261115, 37.846499], [-122.261095, 37.846645], [-122.261037, 37.847086], [-122.261019, 37.847233], [-122.260995, 37.847379], [-122.260925, 37.847818], [-122.260903, 37.847965], [-122.260883, 37.84811], [-122.260824, 37.848548], [-122.260805, 37.848694], [-122.260782, 37.848845], [-122.260714, 37.849298], [-122.260692, 37.84945], [-122.260673, 37.84959], [-122.260617, 37.85001], [-122.260602, 37.850131], [-122.26, 37.85026]]]]}}, {"type": "Feature", "properties": {"grade": "D", "cat": "Hazardous", "city": "Oakland", "label": "D5"}, "geometry": {"type": "MultiPolygon", "coordinates": [[[[-122.26205, 37.84606], [-122.26236, 37.84743], [-122.2648, 37.84719], [-122.26511, 37.84962], [-122.26121, 37.85], [-122.260602, 37.850131], [-122.260617, 37.85001], [-122.260673, 37.84959], [-122.260692, 37.84945], [-122.260714, 37.849298], [-122.260782, 37.848845], [-122.260805, 37.848694], [-122.260824, 37.848548], [-122.260883, 37.84811], [-122.260903, 37.847965], [-122.260925, 37.847818], [-122.260995, 37.847379], [-122.261019, 37.847233], [-122.261037, 37.847086], [-122.261095, 37.846645], [-122.261115, 37.846499], [-122.261131, 37.846359], [-122.261155, 37.846156], [-122.26205, 37.84606]]]]}}, {"type": "Feature", "properties": {"grade": "D", "cat": "Hazardous", "city": "Oakland", "label": "D6"}, "geometry": {"type": "MultiPolygon", "coordinates": [[[[-122.285448, 37.839833], [-122.285576, 37.839778], [-122.285604, 37.839871], [-122.28569, 37.840153], [-122.285698, 37.840179], [-122.285721, 37.840247], [-122.285835, 37.840597], [-122.286179, 37.84165], [-122.286294, 37.842001], [-122.286378, 37.842269], [-122.286537, 37.842779], [-122.285448, 37.839833]]]]}}, {"type": "Feature", "properties": {"grade": "D", "cat": "Hazardous", "city": "Oakland", "label": "D6"}, "geometry": {"type": "MultiPolygon", "coordinates": [[[[-122.284307, 37.836746], [-122.284343, 37.836739], [-122.284429, 37.836724], [-122.284453, 37.836722], [-122.284467, 37.836721], [-122.284494, 37.83672], [-122.284611, 37.837096], [-122.28471, 37.837394], [-122.284798, 37.837683], [-122.284915, 37.838031], [-122.285012, 37.83801], [-122.285053, 37.838138], [-122.285124, 37.838363], [-122.285463, 37.839424], [-122.285576, 37.839778], [-122.285448, 37.839833], [-122.284307, 37.836746]]]]}}, {"type": "Feature", "properties": {"grade": "D", "cat": "Hazardous", "city": "Oakland", "label": "D6"}, "geometry": {"type": "MultiPolygon", "coordinates": [[[[-122.29018, 37.8299], [-122.29096, 37.82974], [-122.291035, 37.830108], [-122.291029, 37.830107], [-122.290863, 37.830067], [-122.290832, 37.83006], [-122.290656, 37.830018], [-122.290059, 37.829874], [-122.289946, 37.829886], [-122.28971, 37.829819], [-122.289473, 37.829751], [-122.289409, 37.829733], [-122.29018, 37.8299]]]]}}, {"type": "Feature", "properties": {"grade": "D", "cat": "Hazardous", "city": "Oakland", "label": "D6"}, "geometry": {"type": "MultiPolygon", "coordinates": [[[[-122.29292, 37.83939], [-122.29321, 37.84018], [-122.29413, 37.84272], [-122.29446, 37.84407], [-122.29499, 37.84584], [-122.29528, 37.8468], [-122.29528, 37.84736], [-122.29559, 37.84842], [-122.295007, 37.848539], [-122.29498, 37.848424], [-122.294953, 37.848304], [-122.294885, 37.848095], [-122.294842, 37.847961], [-122.294688, 37.847469], [-122.294623, 37.84726], [-122.294541, 37.84706], [-122.294297, 37.84646], [-122.294216, 37.84626], [-122.294144, 37.846079], [-122.294048, 37.845829], [-122.293948, 37.845567], [-122.293795, 37.845081], [-122.29369, 37.844773], [-122.293612, 37.844514], [-122.293481, 37.844072], [-122.293226, 37.843273], [-122.293159, 37.843059], [-122.292911, 37.842259], [-122.292737, 37.841689], [-122.29256, 37.841107], [-122.292429, 37.840658], [-122.292271, 37.840017], [-122.292265, 37.839999], [-122.292141, 37.839576], [-122.291994, 37.838973], [-122.291976, 37.838903], [-122.29179, 37.838179], [-122.291668, 37.837573], [-122.291573, 37.837096], [-122.291508, 37.836636], [-122.291466, 37.836412], [-122.2914, 37.83601], [-122.29136, 37.835726], [-122.291348, 37.835633], [-122.29126, 37.834905], [-122.291241, 37.83472], [-122.291201, 37.834431], [-122.291151, 37.833856], [-122.291147, 37.833806], [-122.291111, 37.833309], [-122.291051, 37.832653], [-122.291015, 37.832054], [-122.291015, 37.832022], [-122.291045, 37.830656], [-122.291024, 37.830193], [-122.291029, 37.830107], [-122.291035, 37.830108], [-122.29292, 37.83939]]]]}}, {"type": "Feature", "properties": {"grade": "D", "cat": "Hazardous", "city": "Oakland", "label": "D6"}, "geometry": {"type": "MultiPolygon", "coordinates": [[[[-122.28911, 37.84974], [-122.286537, 37.842779], [-122.286378, 37.842269], [-122.286294, 37.842001], [-122.286179, 37.84165], [-122.285835, 37.840597], [-122.285721, 37.840247], [-122.285698, 37.840179], [-122.28569, 37.840153], [-122.285604, 37.839871], [-122.285576, 37.839778], [-122.285463, 37.839424], [-122.285124, 37.838363], [-122.285053, 37.838138], [-122.285012, 37.83801], [-122.284915, 37.838031], [-122.284798, 37.837683], [-122.28471, 37.837394], [-122.284611, 37.837096], [-122.284494, 37.83672], [-122.284529, 37.836718], [-122.284582, 37.836706], [-122.28462, 37.836698], [-122.284812, 37.83666], [-122.28623, 37.836382], [-122.286523, 37.836325], [-122.286652, 37.836298], [-122.287672, 37.836052], [-122.288084, 37.835949], [-122.288223, 37.835913], [-122.28845, 37.835856], [-122.288642, 37.835805], [-122.288782, 37.835769], [-122.289834, 37.835492], [-122.289683, 37.835126], [-122.289922, 37.835066], [-122.29064, 37.834886], [-122.29088, 37.834827], [-122.291241, 37.83472], [-122.29126, 37.834905], [-122.291348, 37.835633], [-122.29136, 37.835726], [-122.2914, 37.83601], [-122.291466, 37.836412], [-122.291508, 37.836636], [-122.291573, 37.837096], [-122.291668, 37.837573], [-122.29179, 37.838179], [-122.291976, 37.838903], [-122.291994, 37.838973], [-122.292141, 37.839576], [-122.292265, 37.839999], [-122.292271, 37.840017], [-122.292429, 37.840658], [-122.29256, 37.841107], [-122.292737, 37.841689], [-122.292911, 37.842259], [-122.293159, 37.843059], [-122.293226, 37.843273], [-122.293481, 37.844072], [-122.293612, 37.844514], [-122.29369, 37.844773], [-122.293795, 37.845081], [-122.293948, 37.845567], [-122.294048, 37.845829], [-122.294144, 37.846079], [-122.294216, 37.84626], [-122.294297, 37.84646], [-122.294541, 37.84706], [-122.294623, 37.84726], [-122.294688, 37.847469], [-122.294842, 37.847961], [-122.294885, 37.848095], [-122.294953, 37.848304], [-122.29498, 37.848424], [-122.295007, 37.848539], [-122.28911, 37.84974]]]]}}, {"type": "Feature", "properties": {"grade": "D", "cat": "Hazardous", "city": "Oakland", "label": "D6"}, "geometry": {"type": "MultiPolygon", "coordinates": [[[[-122.28415, 37.83632], [-122.28262, 37.83666], [-122.28052, 37.83002], [-122.28223, 37.82962], [-122.2834, 37.83021], [-122.28772, 37.82937], [-122.28875, 37.82959], [-122.289409, 37.829733], [-122.289473, 37.829751], [-122.28971, 37.829819], [-122.289946, 37.829886], [-122.290059, 37.829874], [-122.290656, 37.830018], [-122.290832, 37.83006], [-122.290863, 37.830067], [-122.291029, 37.830107], [-122.291024, 37.830193], [-122.291045, 37.830656], [-122.291015, 37.832022], [-122.291015, 37.832054], [-122.291051, 37.832653], [-122.291111, 37.833309], [-122.291147, 37.833806], [-122.291151, 37.833856], [-122.291201, 37.834431], [-122.291241, 37.83472], [-122.29088, 37.834827], [-122.29064, 37.834886], [-122.289922, 37.835066], [-122.289683, 37.835126], [-122.289834, 37.835492], [-122.288782, 37.835769], [-122.288642, 37.835805], [-122.28845, 37.835856], [-122.288223, 37.835913], [-122.288084, 37.835949], [-122.287672, 37.836052], [-122.286652, 37.836298], [-122.286523, 37.836325], [-122.28623, 37.836382], [-122.284812, 37.83666], [-122.28462, 37.836698], [-122.284582, 37.836706], [-122.284529, 37.836718], [-122.284494, 37.83672], [-122.284467, 37.836721], [-122.284453, 37.836722], [-122.284429, 37.836724], [-122.284343, 37.836739], [-122.284307, 37.836746], [-122.28415, 37.83632]]]]}}, {"type": "Feature", "properties": {"grade": "D", "cat": "Hazardous", "city": "Oakland", "label": "D7"}, "geometry": {"type": "MultiPolygon", "coordinates": [[[[-122.27551, 37.83648], [-122.27187, 37.84616], [-122.27137, 37.84624], [-122.27084, 37.84192], [-122.26981, 37.83788], [-122.269268, 37.837121], [-122.269305, 37.837105], [-122.26968, 37.837055], [-122.270804, 37.836906], [-122.27118, 37.836857], [-122.271516, 37.836805], [-122.271628, 37.836792], [-122.272236, 37.836722], [-122.272961, 37.836623], [-122.272977, 37.836621], [-122.273356, 37.836582], [-122.273428, 37.836578], [-122.27367, 37.836544], [-122.274398, 37.836441], [-122.274641, 37.836408], [-122.275518, 37.836442], [-122.27551, 37.83648]]], [[[-122.27675, 37.84746], [-122.27625, 37.84566], [-122.27314, 37.846], [-122.276206, 37.838775], [-122.276282, 37.83913], [-122.276311, 37.839266], [-122.276334, 37.839382], [-122.276406, 37.839733], [-122.27643, 37.83985], [-122.27646, 37.840015], [-122.27655, 37.84051], [-122.27658, 37.840676], [-122.276605, 37.840828], [-122.276683, 37.841284], [-122.276709, 37.841436], [-122.276736, 37.84157], [-122.276819, 37.841976], [-122.276847, 37.842111], [-122.276873, 37.84225], [-122.276952, 37.842668], [-122.276979, 37.842808], [-122.276999, 37.842924], [-122.277006, 37.842963], [-122.277012, 37.843085], [-122.277031, 37.843276], [-122.277032, 37.843286], [-122.277026, 37.843394], [-122.27701, 37.84359], [-122.276994, 37.843659], [-122.277021, 37.84388], [-122.277031, 37.843953], [-122.277062, 37.844126], [-122.277099, 37.844325], [-122.277129, 37.844465], [-122.277158, 37.844648], [-122.277186, 37.844823], [-122.277195, 37.844905], [-122.277223, 37.845151], [-122.277233, 37.845234], [-122.277394, 37.846125], [-122.277548, 37.847038], [-122.277642, 37.84719], [-122.277683, 37.847278], [-122.277706, 37.847338], [-122.27675, 37.84746]]]]}}, {"type": "Feature", "properties": {"grade": "D", "cat": "Hazardous", "city": "Oakland", "label": "D7"}, "geometry": {"type": "MultiPolygon", "coordinates": [[[[-122.28665, 37.85025], [-122.28595, 37.84743], [-122.28475, 37.84414], [-122.28464, 37.84293], [-122.283865, 37.840524], [-122.283957, 37.840487], [-122.28407, 37.840411], [-122.284753, 37.840133], [-122.285448, 37.839833], [-122.286537, 37.842779], [-122.28663, 37.843076], [-122.286714, 37.843345], [-122.286759, 37.84348], [-122.286897, 37.843885], [-122.286943, 37.84402], [-122.286996, 37.844202], [-122.287157, 37.844751], [-122.287211, 37.844934], [-122.287268, 37.845101], [-122.287441, 37.845604], [-122.287499, 37.845772], [-122.287543, 37.845917], [-122.287677, 37.846353], [-122.287722, 37.846499], [-122.28775, 37.84658], [-122.287837, 37.846825], [-122.287845, 37.846847], [-122.287866, 37.846907], [-122.287805, 37.846924], [-122.287835, 37.847016], [-122.287809, 37.847024], [-122.287824, 37.847072], [-122.287828, 37.847084], [-122.287836, 37.84711], [-122.287839, 37.84712], [-122.287867, 37.847112], [-122.287916, 37.847261], [-122.288005, 37.84751], [-122.287954, 37.847521], [-122.288026, 37.847725], [-122.288128, 37.848014], [-122.288179, 37.848002], [-122.288404, 37.847954], [-122.288537, 37.848366], [-122.288311, 37.848412], [-122.28826, 37.848423], [-122.288292, 37.848549], [-122.288315, 37.84864], [-122.288369, 37.848809], [-122.288456, 37.849085], [-122.288477, 37.849159], [-122.288521, 37.849299], [-122.288529, 37.849324], [-122.288539, 37.849356], [-122.288604, 37.849561], [-122.288688, 37.849828], [-122.28665, 37.85025]]], [[[-122.28298, 37.84176], [-122.28418, 37.84518], [-122.28559, 37.85014], [-122.28381, 37.8505], [-122.28313, 37.84867], [-122.28271, 37.84876], [-122.28185, 37.84681], [-122.277706, 37.847338], [-122.277683, 37.847278], [-122.277642, 37.84719], [-122.277548, 37.847038], [-122.277394, 37.846125], [-122.277233, 37.845234], [-122.277223, 37.845151], [-122.277195, 37.844905], [-122.277186, 37.844823], [-122.277158, 37.844648], [-122.277129, 37.844465], [-122.277099, 37.844325], [-122.277062, 37.844126], [-122.277031, 37.843953], [-122.277021, 37.84388], [-122.276994, 37.843659], [-122.27701, 37.84359], [-122.277026, 37.843394], [-122.277135, 37.843347], [-122.27772, 37.843098], [-122.278463, 37.842794], [-122.278902, 37.842599], [-122.280947, 37.841728], [-122.282659, 37.841018], [-122.28298, 37.84176]]]]}}, {"type": "Feature", "properties": {"grade": "D", "cat": "Hazardous", "city": "Oakland", "label": "D7"}, "geometry": {"type": "MultiPolygon", "coordinates": [[[[-122.282742, 37.837038], [-122.284, 37.836803], [-122.284085, 37.836787], [-122.284197, 37.836766], [-122.284307, 37.836746], [-122.285448, 37.839833], [-122.284753, 37.840133], [-122.28407, 37.840411], [-122.283957, 37.840487], [-122.283865, 37.840524], [-122.282742, 37.837038]]], [[[-122.27684, 37.83728], [-122.27859, 37.83725], [-122.27979, 37.83752], [-122.28121, 37.83743], [-122.28224, 37.84005], [-122.282659, 37.841018], [-122.280947, 37.841728], [-122.278902, 37.842599], [-122.278463, 37.842794], [-122.27772, 37.843098], [-122.277135, 37.843347], [-122.277026, 37.843394], [-122.277032, 37.843286], [-122.277031, 37.843276], [-122.277012, 37.843085], [-122.277006, 37.842963], [-122.276999, 37.842924], [-122.276979, 37.842808], [-122.276952, 37.842668], [-122.276873, 37.84225], [-122.276847, 37.842111], [-122.276819, 37.841976], [-122.276736, 37.84157], [-122.276709, 37.841436], [-122.276683, 37.841284], [-122.276605, 37.840828], [-122.27658, 37.840676], [-122.27655, 37.84051], [-122.27646, 37.840015], [-122.27643, 37.83985], [-122.276406, 37.839733], [-122.276334, 37.839382], [-122.276311, 37.839266], [-122.276282, 37.83913], [-122.276206, 37.838775], [-122.27684, 37.83728]]]]}}, {"type": "Feature", "properties": {"grade": "D", "cat": "Hazardous", "city": "Oakland", "label": "D7"}, "geometry": {"type": "MultiPolygon", "coordinates": [[[[-122.27836, 37.82871], [-122.27776, 37.83067], [-122.277665, 37.830981], [-122.277606, 37.831136], [-122.277556, 37.831276], [-122.277421, 37.83163], [-122.27608, 37.83374], [-122.275518, 37.836442], [-122.274641, 37.836408], [-122.274398, 37.836441], [-122.27367, 37.836544], [-122.273428, 37.836578], [-122.273356, 37.836582], [-122.272977, 37.836621], [-122.272961, 37.836623], [-122.272236, 37.836722], [-122.271628, 37.836792], [-122.271516, 37.836805], [-122.27118, 37.836857], [-122.270804, 37.836906], [-122.26968, 37.837055], [-122.269305, 37.837105], [-122.269268, 37.837121], [-122.26814, 37.83554], [-122.270886, 37.824998], [-122.271796, 37.825226], [-122.27274, 37.825464], [-122.273365, 37.825637], [-122.274402, 37.825924], [-122.274453, 37.825935], [-122.275061, 37.826059], [-122.275136, 37.82608], [-122.277706, 37.826669], [-122.277888, 37.827239], [-122.277868, 37.82732], [-122.277917, 37.827328], [-122.27836, 37.82871]]]]}}, {"type": "Feature", "properties": {"grade": "D", "cat": "Hazardous", "city": "Oakland", "label": "D7"}, "geometry": {"type": "MultiPolygon", "coordinates": [[[[-122.27342, 37.81527], [-122.2738, 37.81448], [-122.277706, 37.826669], [-122.275136, 37.82608], [-122.275061, 37.826059], [-122.274453, 37.825935], [-122.274402, 37.825924], [-122.273365, 37.825637], [-122.27274, 37.825464], [-122.271796, 37.825226], [-122.270886, 37.824998], [-122.27342, 37.81527]]]]}}, {"type": "Feature", "properties": {"grade": "D", "cat": "Hazardous", "city": "Oakland", "label": "D7"}, "geometry": {"type": "MultiPolygon", "coordinates": [[[[-122.28911, 37.84974], [-122.288688, 37.849828], [-122.288604, 37.849561], [-122.288539, 37.849356], [-122.288529, 37.849324], [-122.288521, 37.849299], [-122.288477, 37.849159], [-122.288456, 37.849085], [-122.288369, 37.848809], [-122.288315, 37.84864], [-122.288292, 37.848549], [-122.28826, 37.848423], [-122.288311, 37.848412], [-122.288537, 37.848366], [-122.288404, 37.847954], [-122.288179, 37.848002], [-122.288128, 37.848014], [-122.288026, 37.847725], [-122.287954, 37.847521], [-122.288005, 37.84751], [-122.287916, 37.847261], [-122.287867, 37.847112], [-122.287839, 37.84712], [-122.287836, 37.84711], [-122.287828, 37.847084], [-122.287824, 37.847072], [-122.287809, 37.847024], [-122.287835, 37.847016], [-122.287805, 37.846924], [-122.287866, 37.846907], [-122.287845, 37.846847], [-122.287837, 37.846825], [-122.28775, 37.84658], [-122.287722, 37.846499], [-122.287677, 37.846353], [-122.287543, 37.845917], [-122.287499, 37.845772], [-122.287441, 37.845604], [-122.287268, 37.845101], [-122.287211, 37.844934], [-122.287157, 37.844751], [-122.286996, 37.844202], [-122.286943, 37.84402], [-122.286897, 37.843885], [-122.286759, 37.84348], [-122.286714, 37.843345], [-122.28663, 37.843076], [-122.286537, 37.842779], [-122.28911, 37.84974]]]]}}, {"type": "Feature", "properties": {"grade": "D", "cat": "Hazardous", "city": "Oakland", "label": "D7"}, "geometry": {"type": "MultiPolygon", "coordinates": [[[[-122.277917, 37.827328], [-122.277868, 37.82732], [-122.277888, 37.827239], [-122.277917, 37.827328]]], [[[-122.27751, 37.83149], [-122.277421, 37.83163], [-122.277556, 37.831276], [-122.277606, 37.831136], [-122.277665, 37.830981], [-122.27751, 37.83149]]], [[[-122.28262, 37.83666], [-122.28415, 37.83632], [-122.284307, 37.836746], [-122.284197, 37.836766], [-122.284085, 37.836787], [-122.284, 37.836803], [-122.282742, 37.837038], [-122.28262, 37.83666]]]]}}, {"type": "Feature", "properties": {"grade": "D", "cat": "Hazardous", "city": "Oakland", "label": "D8"}, "geometry": {"type": "MultiPolygon", "coordinates": [[[[-122.276774, 37.819019], [-122.276861, 37.819037], [-122.276976, 37.819061], [-122.277063, 37.819081], [-122.277266, 37.819129], [-122.277878, 37.819275], [-122.278082, 37.819324], [-122.278287, 37.819369], [-122.278904, 37.819505], [-122.27911, 37.819551], [-122.279316, 37.8196], [-122.279935, 37.819747], [-122.280142, 37.819797], [-122.280356, 37.819844], [-122.280998, 37.819985], [-122.281213, 37.820033], [-122.28144, 37.820083], [-122.282124, 37.820234], [-122.282264, 37.820265], [-122.282314, 37.820278], [-122.282353, 37.820283], [-122.282559, 37.82033], [-122.283177, 37.820471], [-122.283383, 37.820519], [-122.283602, 37.82057], [-122.284259, 37.820724], [-122.284479, 37.820776], [-122.284679, 37.820825], [-122.284966, 37.820896], [-122.285285, 37.820956], [-122.285376, 37.820973], [-122.285489, 37.820994], [-122.286118, 37.821138], [-122.286168, 37.821154], [-122.286226, 37.821163], [-122.286144, 37.821268], [-122.285326, 37.822291], [-122.284939, 37.822769], [-122.284881, 37.822847], [-122.284708, 37.82308], [-122.284651, 37.823159], [-122.283909, 37.824065], [-122.283702, 37.82433], [-122.283643, 37.824406], [-122.283062, 37.825125], [-122.28289, 37.82532], [-122.282781, 37.825446], [-122.282455, 37.825825], [-122.282347, 37.825952], [-122.282162, 37.826149], [-122.281977, 37.826359], [-122.281613, 37.826836], [-122.281306, 37.827232], [-122.28113, 37.827462], [-122.281059, 37.827552], [-122.28095, 37.827689], [-122.28089, 37.827675], [-122.280795, 37.827652], [-122.280332, 37.827541], [-122.279757, 37.827403], [-122.279681, 37.827383], [-122.27954, 37.82735], [-122.276774, 37.819019]], [[-122.28475, 37.82279], [-122.28386, 37.82256], [-122.28308, 37.82487], [-122.28475, 37.82279]]]]}}, {"type": "Feature", "properties": {"grade": "D", "cat": "Hazardous", "city": "Oakland", "label": "D8"}, "geometry": {"type": "MultiPolygon", "coordinates": [[[[-122.27479, 37.813044], [-122.274902, 37.813088], [-122.275619, 37.813373], [-122.275858, 37.813468], [-122.276095, 37.813558], [-122.276807, 37.81383], [-122.277045, 37.813921], [-122.277227, 37.813993], [-122.277773, 37.81421], [-122.277955, 37.814283], [-122.278099, 37.814342], [-122.278338, 37.814439], [-122.278535, 37.814516], [-122.278602, 37.814542], [-122.278681, 37.814574], [-122.279301, 37.814706], [-122.279717, 37.81474], [-122.279935, 37.814755], [-122.280237, 37.814777], [-122.280472, 37.81481], [-122.280584, 37.814838], [-122.280608, 37.814845], [-122.280799, 37.814882], [-122.281003, 37.814931], [-122.281267, 37.814995], [-122.281616, 37.815074], [-122.281687, 37.81509], [-122.281819, 37.815129], [-122.282038, 37.815176], [-122.282698, 37.815318], [-122.282918, 37.815366], [-122.283139, 37.815417], [-122.283802, 37.815573], [-122.283942, 37.815606], [-122.284024, 37.815622], [-122.284148, 37.815655], [-122.284232, 37.815675], [-122.284859, 37.815826], [-122.285068, 37.815877], [-122.285283, 37.815923], [-122.285928, 37.816064], [-122.286144, 37.816111], [-122.286351, 37.816157], [-122.286968, 37.816296], [-122.287068, 37.816315], [-122.28718, 37.81634], [-122.287367, 37.816381], [-122.287931, 37.816504], [-122.288119, 37.816546], [-122.289194, 37.816812], [-122.289479, 37.816917], [-122.289556, 37.816945], [-122.28967, 37.817002], [-122.289122, 37.817445], [-122.288425, 37.81831], [-122.288423, 37.818425], [-122.287436, 37.819672], [-122.28737, 37.819766], [-122.286226, 37.821163], [-122.286168, 37.821154], [-122.286118, 37.821138], [-122.285489, 37.820994], [-122.285376, 37.820973], [-122.285285, 37.820956], [-122.284966, 37.820896], [-122.284679, 37.820825], [-122.284479, 37.820776], [-122.284259, 37.820724], [-122.283602, 37.82057], [-122.283383, 37.820519], [-122.283177, 37.820471], [-122.282559, 37.82033], [-122.282353, 37.820283], [-122.282314, 37.820278], [-122.282264, 37.820265], [-122.282124, 37.820234], [-122.28144, 37.820083], [-122.281213, 37.820033], [-122.280998, 37.819985], [-122.280356, 37.819844], [-122.280142, 37.819797], [-122.279935, 37.819747], [-122.279316, 37.8196], [-122.27911, 37.819551], [-122.278904, 37.819505], [-122.278287, 37.819369], [-122.278082, 37.819324], [-122.277878, 37.819275], [-122.277266, 37.819129], [-122.277063, 37.819081], [-122.276976, 37.819061], [-122.276861, 37.819037], [-122.276774, 37.819019], [-122.27479, 37.813044]]]]}}, {"type": "Feature", "properties": {"grade": "D", "cat": "Hazardous", "city": "Oakland", "label": "D8"}, "geometry": {"type": "MultiPolygon", "coordinates": [[[[-122.30852, 37.8091], [-122.30728, 37.80978], [-122.30482, 37.8115], [-122.30393, 37.81229], [-122.30335, 37.81271], [-122.30278, 37.81307], [-122.302, 37.8135], [-122.30104, 37.814], [-122.29925, 37.81527], [-122.29729, 37.81733], [-122.29594, 37.81893], [-122.29491, 37.81995], [-122.29423, 37.82093], [-122.29394, 37.82141], [-122.29337, 37.82245], [-122.29305, 37.82316], [-122.29291, 37.82389], [-122.29009, 37.82479], [-122.28995, 37.82493], [-122.29034, 37.82609], [-122.281764, 37.827885], [-122.281635, 37.827854], [-122.281389, 37.827794], [-122.281235, 37.827757], [-122.281157, 37.827738], [-122.281045, 37.827711], [-122.28095, 37.827689], [-122.281059, 37.827552], [-122.28113, 37.827462], [-122.281306, 37.827232], [-122.281613, 37.826836], [-122.281977, 37.826359], [-122.282162, 37.826149], [-122.282347, 37.825952], [-122.282455, 37.825825], [-122.282781, 37.825446], [-122.28289, 37.82532], [-122.283062, 37.825125], [-122.283643, 37.824406], [-122.283702, 37.82433], [-122.283909, 37.824065], [-122.284651, 37.823159], [-122.284708, 37.82308], [-122.284881, 37.822847], [-122.284939, 37.822769], [-122.285326, 37.822291], [-122.286144, 37.821268], [-122.286226, 37.821163], [-122.28737, 37.819766], [-122.287436, 37.819672], [-122.288423, 37.818425], [-122.288425, 37.81831], [-122.289122, 37.817445], [-122.28967, 37.817002], [-122.289669, 37.816835], [-122.289885, 37.816582], [-122.290674, 37.8156], [-122.290718, 37.815537], [-122.290734, 37.815474], [-122.290756, 37.815411], [-122.290836, 37.815386], [-122.291863, 37.814102], [-122.291971, 37.813963], [-122.292062, 37.813848], [-122.2923, 37.813548], [-122.29241, 37.813411], [-122.292517, 37.813274], [-122.292841, 37.812867], [-122.292949, 37.812731], [-122.29306, 37.812591], [-122.293393, 37.812175], [-122.293505, 37.812036], [-122.293602, 37.811911], [-122.293896, 37.811539], [-122.293994, 37.811415], [-122.294244, 37.811539], [-122.294996, 37.811913], [-122.295247, 37.812038], [-122.295506, 37.812169], [-122.296286, 37.812562], [-122.296547, 37.812694], [-122.296808, 37.812821], [-122.297591, 37.813203], [-122.297754, 37.813283], [-122.297863, 37.813297], [-122.297966, 37.813166], [-122.298275, 37.812773], [-122.298378, 37.812642], [-122.298497, 37.81249], [-122.298854, 37.812035], [-122.298974, 37.811884], [-122.2991, 37.811733], [-122.299479, 37.811283], [-122.299606, 37.811133], [-122.299726, 37.810973], [-122.299911, 37.810729], [-122.300089, 37.810497], [-122.300212, 37.810339], [-122.300335, 37.810187], [-122.300705, 37.809734], [-122.300829, 37.809583], [-122.30095, 37.809429], [-122.301315, 37.808971], [-122.301437, 37.808818], [-122.301552, 37.808666], [-122.301897, 37.80821], [-122.302012, 37.808058], [-122.302144, 37.807716], [-122.302359, 37.807186], [-122.302386, 37.807123], [-122.302446, 37.806982], [-122.303705, 37.807301], [-122.304026, 37.807388], [-122.304185, 37.807423], [-122.304443, 37.807481], [-122.304665, 37.80753], [-122.304825, 37.807566], [-122.304838, 37.807671], [-122.304866, 37.807896], [-122.305276, 37.807948], [-122.30568, 37.808], [-122.306256, 37.808074], [-122.308441, 37.808281], [-122.308546, 37.808287], [-122.309396, 37.808514], [-122.30852, 37.8091]], [[-122.29302, 37.8149], [-122.29208, 37.81599], [-122.29447, 37.81729], [-122.29539, 37.8161], [-122.29302, 37.8149]]]]}}, {"type": "Feature", "properties": {"grade": "D", "cat": "Hazardous", "city": "Oakland", "label": "D8"}, "geometry": {"type": "MultiPolygon", "coordinates": [[[[-122.29405, 37.811348], [-122.294107, 37.811277], [-122.294297, 37.811045], [-122.294445, 37.810864], [-122.294558, 37.810727], [-122.294663, 37.810589], [-122.294979, 37.810179], [-122.295085, 37.810042], [-122.295142, 37.809973], [-122.295226, 37.809872], [-122.295652, 37.809365], [-122.295795, 37.809197], [-122.295915, 37.809046], [-122.296279, 37.808596], [-122.2964, 37.808446], [-122.296452, 37.808375], [-122.296612, 37.808162], [-122.296666, 37.808092], [-122.296836, 37.807878], [-122.297347, 37.807237], [-122.297518, 37.807024], [-122.298257, 37.806089], [-122.298284, 37.806046], [-122.298794, 37.806182], [-122.299761, 37.806411], [-122.301031, 37.806672], [-122.301623, 37.806813], [-122.302046, 37.806901], [-122.302446, 37.806982], [-122.302386, 37.807123], [-122.302359, 37.807186], [-122.302144, 37.807716], [-122.302012, 37.808058], [-122.301897, 37.80821], [-122.301552, 37.808666], [-122.301437, 37.808818], [-122.301315, 37.808971], [-122.30095, 37.809429], [-122.300829, 37.809583], [-122.300705, 37.809734], [-122.300335, 37.810187], [-122.300212, 37.810339], [-122.300089, 37.810497], [-122.299911, 37.810729], [-122.299726, 37.810973], [-122.299606, 37.811133], [-122.299479, 37.811283], [-122.2991, 37.811733], [-122.298974, 37.811884], [-122.298854, 37.812035], [-122.298497, 37.81249], [-122.298378, 37.812642], [-122.298275, 37.812773], [-122.297966, 37.813166], [-122.297863, 37.813297], [-122.297754, 37.813283], [-122.297591, 37.813203], [-122.296808, 37.812821], [-122.296547, 37.812694], [-122.296286, 37.812562], [-122.295506, 37.812169], [-122.295247, 37.812038], [-122.294996, 37.811913], [-122.294244, 37.811539], [-122.293994, 37.811415], [-122.29405, 37.811348]]]]}}, {"type": "Feature", "properties": {"grade": "D", "cat": "Hazardous", "city": "Oakland", "label": "D8"}, "geometry": {"type": "MultiPolygon", "coordinates": [[[[-122.2989, 37.80248], [-122.301, 37.80364], [-122.303632, 37.805044], [-122.303679, 37.805101], [-122.304096, 37.805738], [-122.304309, 37.806152], [-122.304412, 37.806352], [-122.304529, 37.806646], [-122.304592, 37.806828], [-122.304752, 37.807291], [-122.304777, 37.807378], [-122.304819, 37.807518], [-122.304825, 37.807566], [-122.304665, 37.80753], [-122.304443, 37.807481], [-122.304185, 37.807423], [-122.304026, 37.807388], [-122.303705, 37.807301], [-122.302446, 37.806982], [-122.302046, 37.806901], [-122.301623, 37.806813], [-122.301031, 37.806672], [-122.299761, 37.806411], [-122.298794, 37.806182], [-122.298284, 37.806046], [-122.298257, 37.806089], [-122.297518, 37.807024], [-122.297347, 37.807237], [-122.296836, 37.807878], [-122.296666, 37.808092], [-122.296612, 37.808162], [-122.296452, 37.808375], [-122.2964, 37.808446], [-122.296279, 37.808596], [-122.295915, 37.809046], [-122.295795, 37.809197], [-122.295652, 37.809365], [-122.295226, 37.809872], [-122.295142, 37.809973], [-122.295085, 37.810042], [-122.294979, 37.810179], [-122.294663, 37.810589], [-122.294558, 37.810727], [-122.294445, 37.810864], [-122.294297, 37.811045], [-122.294107, 37.811277], [-122.29405, 37.811348], [-122.293994, 37.811415], [-122.293896, 37.811539], [-122.293602, 37.811911], [-122.293505, 37.812036], [-122.293393, 37.812175], [-122.29306, 37.812591], [-122.292949, 37.812731], [-122.292841, 37.812867], [-122.292517, 37.813274], [-122.29241, 37.813411], [-122.2923, 37.813548], [-122.292062, 37.813848], [-122.291971, 37.813963], [-122.291863, 37.814102], [-122.290836, 37.815386], [-122.290756, 37.815411], [-122.290734, 37.815474], [-122.290718, 37.815537], [-122.290674, 37.8156], [-122.289885, 37.816582], [-122.289669, 37.816835], [-122.289727, 37.816504], [-122.289802, 37.816155], [-122.28984, 37.816025], [-122.289971, 37.815625], [-122.290105, 37.815265], [-122.290632, 37.813828], [-122.290657, 37.813759], [-122.290687, 37.813673], [-122.290856, 37.813209], [-122.290912, 37.813055], [-122.29097, 37.812914], [-122.291146, 37.812491], [-122.291205, 37.812351], [-122.291226, 37.812304], [-122.29127, 37.812201], [-122.291317, 37.812095], [-122.291442, 37.811742], [-122.291497, 37.811589], [-122.291547, 37.811449], [-122.291629, 37.811225], [-122.291697, 37.81103], [-122.291746, 37.81089], [-122.291774, 37.810811], [-122.291816, 37.810693], [-122.291929, 37.810386], [-122.291975, 37.810182], [-122.291988, 37.810112], [-122.291993, 37.810094], [-122.292053, 37.809894], [-122.292105, 37.809746], [-122.292262, 37.809303], [-122.292315, 37.809156], [-122.292365, 37.809012], [-122.292518, 37.80858], [-122.292569, 37.808437], [-122.292775, 37.807893], [-122.293106, 37.806905], [-122.293197, 37.80653], [-122.293284, 37.806203], [-122.293325, 37.806077], [-122.293457, 37.805697], [-122.293503, 37.805569], [-122.29772, 37.80654], [-122.29826, 37.80575], [-122.29248, 37.80445], [-122.290514, 37.804025], [-122.290536, 37.803965], [-122.290565, 37.803893], [-122.290608, 37.803784], [-122.290905, 37.803449], [-122.290847, 37.803227], [-122.290872, 37.80317], [-122.290904, 37.80308], [-122.290959, 37.802935], [-122.291101, 37.802526], [-122.291248, 37.802505], [-122.291386, 37.802483], [-122.291481, 37.802468], [-122.291766, 37.802422], [-122.291862, 37.802407], [-122.291977, 37.802388], [-122.29214, 37.802361], [-122.292323, 37.802332], [-122.292439, 37.802314], [-122.292622, 37.802297], [-122.293078, 37.802256], [-122.293174, 37.802242], [-122.293357, 37.802216], [-122.293583, 37.802183], [-122.29364, 37.802175], [-122.294346, 37.802073], [-122.294494, 37.802052], [-122.294509, 37.80205], [-122.295024, 37.801987], [-122.295553, 37.801939], [-122.295751, 37.801931], [-122.296357, 37.801908], [-122.296858, 37.801922], [-122.29762, 37.801974], [-122.297928, 37.802015], [-122.298138, 37.802043], [-122.2989, 37.80248]]]]}}, {"type": "Feature", "properties": {"grade": "D", "cat": "Hazardous", "city": "Oakland", "label": "D8"}, "geometry": {"type": "MultiPolygon", "coordinates": [[[[-122.28413, 37.81483], [-122.2852, 37.81229], [-122.28523, 37.812298], [-122.285216, 37.812338], [-122.285192, 37.812403], [-122.285125, 37.812585], [-122.284925, 37.813133], [-122.284859, 37.813316], [-122.284778, 37.813537], [-122.284534, 37.8142], [-122.284454, 37.814422], [-122.284368, 37.814662], [-122.284111, 37.815382], [-122.284067, 37.815506], [-122.284046, 37.815564], [-122.284024, 37.815622], [-122.283942, 37.815606], [-122.283802, 37.815573], [-122.283139, 37.815417], [-122.282918, 37.815366], [-122.282698, 37.815318], [-122.282038, 37.815176], [-122.281819, 37.815129], [-122.281687, 37.81509], [-122.281616, 37.815074], [-122.281267, 37.814995], [-122.281003, 37.814931], [-122.280799, 37.814882], [-122.280608, 37.814845], [-122.280584, 37.814838], [-122.280472, 37.81481], [-122.280237, 37.814777], [-122.279935, 37.814755], [-122.279717, 37.81474], [-122.279301, 37.814706], [-122.278681, 37.814574], [-122.278707, 37.814513], [-122.27873, 37.814464], [-122.278739, 37.814446], [-122.278855, 37.814126], [-122.278897, 37.814013], [-122.278941, 37.81389], [-122.279002, 37.813723], [-122.28413, 37.81483]]]]}}, {"type": "Feature", "properties": {"grade": "D", "cat": "Hazardous", "city": "Oakland", "label": "D8"}, "geometry": {"type": "MultiPolygon", "coordinates": [[[[-122.28311, 37.802424], [-122.283196, 37.802103], [-122.283219, 37.802019], [-122.283248, 37.80192], [-122.283262, 37.801875], [-122.283307, 37.801744], [-122.283322, 37.8017], [-122.283858, 37.801875], [-122.285469, 37.802403], [-122.285654, 37.802464], [-122.286018, 37.802532], [-122.286347, 37.802593], [-122.286832, 37.802685], [-122.28724, 37.802744], [-122.287341, 37.802755], [-122.287404, 37.802763], [-122.287676, 37.802774], [-122.287874, 37.802778], [-122.287919, 37.80278], [-122.288426, 37.802758], [-122.288471, 37.802757], [-122.288589, 37.802755], [-122.28867, 37.802755], [-122.28865, 37.802812], [-122.288587, 37.802996], [-122.288565, 37.803061], [-122.288452, 37.80336], [-122.288376, 37.803563], [-122.28311, 37.802424]]]]}}, {"type": "Feature", "properties": {"grade": "D", "cat": "Hazardous", "city": "Oakland", "label": "D8"}, "geometry": {"type": "MultiPolygon", "coordinates": [[[[-122.28286, 37.80237], [-122.283089, 37.80161], [-122.28318, 37.801647], [-122.283322, 37.8017], [-122.283307, 37.801744], [-122.283262, 37.801875], [-122.283248, 37.80192], [-122.283219, 37.802019], [-122.283196, 37.802103], [-122.28311, 37.802424], [-122.28286, 37.80237]]]]}}, {"type": "Feature", "properties": {"grade": "D", "cat": "Hazardous", "city": "Oakland", "label": "D8"}, "geometry": {"type": "MultiPolygon", "coordinates": [[[[-122.27436, 37.81175], [-122.27492, 37.81159], [-122.27911, 37.81325], [-122.27899, 37.81372], [-122.279002, 37.813723], [-122.278941, 37.81389], [-122.278897, 37.814013], [-122.278855, 37.814126], [-122.278739, 37.814446], [-122.27873, 37.814464], [-122.278707, 37.814513], [-122.278681, 37.814574], [-122.278602, 37.814542], [-122.278535, 37.814516], [-122.278338, 37.814439], [-122.278099, 37.814342], [-122.277955, 37.814283], [-122.277773, 37.81421], [-122.277227, 37.813993], [-122.277045, 37.813921], [-122.276807, 37.81383], [-122.276095, 37.813558], [-122.275858, 37.813468], [-122.275619, 37.813373], [-122.274902, 37.813088], [-122.27479, 37.813044], [-122.27436, 37.81175]]]]}}, {"type": "Feature", "properties": {"grade": "D", "cat": "Hazardous", "city": "Oakland", "label": "D8"}, "geometry": {"type": "MultiPolygon", "coordinates": [[[[-122.288376, 37.803563], [-122.288452, 37.80336], [-122.288565, 37.803061], [-122.288587, 37.802996], [-122.28865, 37.802812], [-122.28867, 37.802755], [-122.288987, 37.802766], [-122.289082, 37.802769], [-122.289161, 37.802772], [-122.289237, 37.802766], [-122.289639, 37.802736], [-122.289801, 37.802718], [-122.290136, 37.802681], [-122.291101, 37.802526], [-122.290959, 37.802935], [-122.290904, 37.80308], [-122.290872, 37.80317], [-122.290847, 37.803227], [-122.290905, 37.803449], [-122.290608, 37.803784], [-122.290565, 37.803893], [-122.290536, 37.803965], [-122.290514, 37.804025], [-122.288376, 37.803563]]], [[[-122.28817, 37.81311], [-122.28867, 37.81183], [-122.28981, 37.80891], [-122.29067, 37.80903], [-122.29212, 37.80525], [-122.293503, 37.805569], [-122.293457, 37.805697], [-122.293325, 37.806077], [-122.293284, 37.806203], [-122.293197, 37.80653], [-122.293106, 37.806905], [-122.292775, 37.807893], [-122.292569, 37.808437], [-122.292518, 37.80858], [-122.292365, 37.809012], [-122.292315, 37.809156], [-122.292262, 37.809303], [-122.292105, 37.809746], [-122.292053, 37.809894], [-122.291993, 37.810094], [-122.291988, 37.810112], [-122.291975, 37.810182], [-122.291929, 37.810386], [-122.291816, 37.810693], [-122.291774, 37.810811], [-122.291746, 37.81089], [-122.291697, 37.81103], [-122.291629, 37.811225], [-122.291547, 37.811449], [-122.291497, 37.811589], [-122.291442, 37.811742], [-122.291317, 37.812095], [-122.29127, 37.812201], [-122.291226, 37.812304], [-122.291205, 37.812351], [-122.291146, 37.812491], [-122.29097, 37.812914], [-122.290912, 37.813055], [-122.290856, 37.813209], [-122.290687, 37.813673], [-122.290657, 37.813759], [-122.290632, 37.813828], [-122.290105, 37.815265], [-122.289971, 37.815625], [-122.28984, 37.816025], [-122.289802, 37.816155], [-122.289727, 37.816504], [-122.289669, 37.816835], [-122.28967, 37.817002], [-122.289556, 37.816945], [-122.289479, 37.816917], [-122.289194, 37.816812], [-122.288119, 37.816546], [-122.287931, 37.816504], [-122.287367, 37.816381], [-122.28718, 37.81634], [-122.287068, 37.816315], [-122.286968, 37.816296], [-122.286351, 37.816157], [-122.286144, 37.816111], [-122.285928, 37.816064], [-122.285283, 37.815923], [-122.285068, 37.815877], [-122.284859, 37.815826], [-122.284232, 37.815675], [-122.284148, 37.815655], [-122.284024, 37.815622], [-122.284046, 37.815564], [-122.284067, 37.815506], [-122.284111, 37.815382], [-122.284368, 37.814662], [-122.284454, 37.814422], [-122.284534, 37.8142], [-122.284778, 37.813537], [-122.284859, 37.813316], [-122.284925, 37.813133], [-122.285125, 37.812585], [-122.285192, 37.812403], [-122.285216, 37.812338], [-122.28523, 37.812298], [-122.28817, 37.81311]]]]}}, {"type": "Feature", "properties": {"grade": "D", "cat": "Hazardous", "city": "Oakland", "label": "D8"}, "geometry": {"type": "MultiPolygon", "coordinates": [[[[-122.2815, 37.82794], [-122.27958, 37.82747], [-122.27954, 37.82735], [-122.279681, 37.827383], [-122.279757, 37.827403], [-122.280332, 37.827541], [-122.280795, 37.827652], [-122.28089, 37.827675], [-122.28095, 37.827689], [-122.281045, 37.827711], [-122.281157, 37.827738], [-122.281235, 37.827757], [-122.281389, 37.827794], [-122.281635, 37.827854], [-122.281764, 37.827885], [-122.2815, 37.82794]]]]}}, {"type": "Feature", "properties": {"grade": "D", "cat": "Hazardous", "city": "Oakland", "label": "D8"}, "geometry": {"type": "MultiPolygon", "coordinates": [[[[-122.30385, 37.80516], [-122.3076, 37.80724], [-122.3097, 37.80831], [-122.309396, 37.808514], [-122.308546, 37.808287], [-122.308441, 37.808281], [-122.306256, 37.808074], [-122.30568, 37.808], [-122.305276, 37.807948], [-122.304866, 37.807896], [-122.304838, 37.807671], [-122.304825, 37.807566], [-122.304819, 37.807518], [-122.304777, 37.807378], [-122.304752, 37.807291], [-122.304592, 37.806828], [-122.304529, 37.806646], [-122.304412, 37.806352], [-122.304309, 37.806152], [-122.304096, 37.805738], [-122.303679, 37.805101], [-122.303632, 37.805044], [-122.30385, 37.80516]]], [[[-122.29515, 37.8006], [-122.29576, 37.80068], [-122.298138, 37.802043], [-122.297928, 37.802015], [-122.29762, 37.801974], [-122.296858, 37.801922], [-122.296357, 37.801908], [-122.295751, 37.801931], [-122.295553, 37.801939], [-122.295024, 37.801987], [-122.294509, 37.80205], [-122.294494, 37.802052], [-122.294346, 37.802073], [-122.29364, 37.802175], [-122.293583, 37.802183], [-122.293357, 37.802216], [-122.293174, 37.802242], [-122.293078, 37.802256], [-122.292622, 37.802297], [-122.292439, 37.802314], [-122.292323, 37.802332], [-122.29214, 37.802361], [-122.291977, 37.802388], [-122.291862, 37.802407], [-122.291766, 37.802422], [-122.291481, 37.802468], [-122.291386, 37.802483], [-122.291248, 37.802505], [-122.291101, 37.802526], [-122.290136, 37.802681], [-122.289801, 37.802718], [-122.289639, 37.802736], [-122.289237, 37.802766], [-122.289161, 37.802772], [-122.289082, 37.802769], [-122.288987, 37.802766], [-122.28867, 37.802755], [-122.288706, 37.802655], [-122.288714, 37.802631], [-122.28874, 37.80256], [-122.288749, 37.802537], [-122.288871, 37.802254], [-122.288876, 37.802243], [-122.289202, 37.80139], [-122.289313, 37.801103], [-122.28948, 37.80091], [-122.289507, 37.800858], [-122.289514, 37.800838], [-122.28957, 37.800703], [-122.28974, 37.800089], [-122.289788, 37.799975], [-122.289831, 37.799888], [-122.289863, 37.799826], [-122.290031, 37.799622], [-122.290076, 37.799581], [-122.290088, 37.799571], [-122.290155, 37.799522], [-122.290211, 37.799487], [-122.29515, 37.8006]]]]}}, {"type": "Feature", "properties": {"grade": "D", "cat": "Hazardous", "city": "Oakland", "label": "D8"}, "geometry": {"type": "MultiPolygon", "coordinates": [[[[-122.28414, 37.79812], [-122.290211, 37.799487], [-122.290155, 37.799522], [-122.290088, 37.799571], [-122.290076, 37.799581], [-122.290031, 37.799622], [-122.289863, 37.799826], [-122.289831, 37.799888], [-122.289788, 37.799975], [-122.28974, 37.800089], [-122.28957, 37.800703], [-122.289514, 37.800838], [-122.289507, 37.800858], [-122.28948, 37.80091], [-122.289313, 37.801103], [-122.289202, 37.80139], [-122.288876, 37.802243], [-122.288871, 37.802254], [-122.288749, 37.802537], [-122.28874, 37.80256], [-122.288714, 37.802631], [-122.288706, 37.802655], [-122.28867, 37.802755], [-122.288589, 37.802755], [-122.288471, 37.802757], [-122.288426, 37.802758], [-122.287919, 37.80278], [-122.287874, 37.802778], [-122.287676, 37.802774], [-122.287404, 37.802763], [-122.287341, 37.802755], [-122.28724, 37.802744], [-122.286832, 37.802685], [-122.286347, 37.802593], [-122.286018, 37.802532], [-122.285654, 37.802464], [-122.285469, 37.802403], [-122.283858, 37.801875], [-122.283322, 37.8017], [-122.28318, 37.801647], [-122.283089, 37.80161], [-122.28414, 37.79812]]]]}}, {"type": "Feature", "properties": {"grade": "D", "cat": "Hazardous", "city": "Oakland", "label": "D9"}, "geometry": {"type": "MultiPolygon", "coordinates": [[[[-122.2852, 37.81229], [-122.28413, 37.81483], [-122.279002, 37.813723], [-122.279075, 37.813522], [-122.27912, 37.8134], [-122.279131, 37.81337], [-122.279165, 37.813281], [-122.279177, 37.813252], [-122.279237, 37.813095], [-122.279421, 37.812624], [-122.279482, 37.812467], [-122.27953, 37.812322], [-122.279606, 37.812095], [-122.279677, 37.811889], [-122.279726, 37.811745], [-122.279764, 37.811632], [-122.279882, 37.811295], [-122.279921, 37.811183], [-122.279942, 37.811118], [-122.279963, 37.811054], [-122.280429, 37.809661], [-122.280513, 37.809438], [-122.28062, 37.809191], [-122.280736, 37.808926], [-122.280877, 37.808533], [-122.280965, 37.808301], [-122.281153, 37.808397], [-122.281485, 37.808568], [-122.281695, 37.808641], [-122.281733, 37.808651], [-122.281938, 37.808708], [-122.282144, 37.808754], [-122.28275, 37.808891], [-122.282763, 37.808892], [-122.282974, 37.808915], [-122.283091, 37.808923], [-122.283243, 37.808935], [-122.283442, 37.808971], [-122.283558, 37.808999], [-122.283648, 37.80902], [-122.283918, 37.809084], [-122.284009, 37.809106], [-122.284223, 37.809156], [-122.284865, 37.809306], [-122.28508, 37.809356], [-122.285305, 37.809406], [-122.285982, 37.809557], [-122.286114, 37.809587], [-122.286159, 37.809599], [-122.286208, 37.809606], [-122.286136, 37.809803], [-122.285919, 37.810397], [-122.285848, 37.810595], [-122.285812, 37.810692], [-122.285704, 37.810985], [-122.285688, 37.811031], [-122.28567, 37.811083], [-122.285574, 37.811347], [-122.285557, 37.811393], [-122.2852, 37.81229]]]]}}, {"type": "Feature", "properties": {"grade": "D", "cat": "Hazardous", "city": "Oakland", "label": "D9"}, "geometry": {"type": "MultiPolygon", "coordinates": [[[[-122.288097, 37.804356], [-122.287985, 37.804673], [-122.287923, 37.804853], [-122.287794, 37.805208], [-122.287738, 37.805363], [-122.287466, 37.80611], [-122.287407, 37.806275], [-122.287278, 37.806631], [-122.287172, 37.806933], [-122.286857, 37.807842], [-122.286777, 37.808075], [-122.28675, 37.808145], [-122.286641, 37.808437], [-122.286316, 37.809313], [-122.286251, 37.809489], [-122.286224, 37.809561], [-122.286208, 37.809606], [-122.286159, 37.809599], [-122.286114, 37.809587], [-122.285982, 37.809557], [-122.285305, 37.809406], [-122.28508, 37.809356], [-122.284865, 37.809306], [-122.284223, 37.809156], [-122.284009, 37.809106], [-122.283918, 37.809084], [-122.283648, 37.80902], [-122.283558, 37.808999], [-122.283442, 37.808971], [-122.283243, 37.808935], [-122.283091, 37.808923], [-122.282974, 37.808915], [-122.282763, 37.808892], [-122.28275, 37.808891], [-122.282144, 37.808754], [-122.281938, 37.808708], [-122.281733, 37.808651], [-122.281695, 37.808641], [-122.281485, 37.808568], [-122.281153, 37.808397], [-122.280965, 37.808301], [-122.281014, 37.808156], [-122.281118, 37.807857], [-122.281293, 37.807372], [-122.281553, 37.806714], [-122.281581, 37.806644], [-122.281616, 37.806554], [-122.281661, 37.806468], [-122.281882, 37.806053], [-122.281922, 37.805954], [-122.281994, 37.805738], [-122.282081, 37.805484], [-122.282105, 37.805417], [-122.282212, 37.805121], [-122.282358, 37.80472], [-122.282558, 37.804171], [-122.282607, 37.804036], [-122.28274, 37.803675], [-122.282798, 37.803509], [-122.282906, 37.803203], [-122.288097, 37.804356]]]]}}, {"type": "Feature", "properties": {"grade": "D", "cat": "Hazardous", "city": "Oakland", "label": "D9"}, "geometry": {"type": "MultiPolygon", "coordinates": [[[[-122.27935, 37.80185], [-122.28199, 37.803], [-122.282906, 37.803203], [-122.282798, 37.803509], [-122.28274, 37.803675], [-122.282607, 37.804036], [-122.282558, 37.804171], [-122.282358, 37.80472], [-122.282212, 37.805121], [-122.282105, 37.805417], [-122.282081, 37.805484], [-122.281994, 37.805738], [-122.281922, 37.805954], [-122.281882, 37.806053], [-122.281661, 37.806468], [-122.281616, 37.806554], [-122.281581, 37.806644], [-122.281553, 37.806714], [-122.281293, 37.807372], [-122.281118, 37.807857], [-122.281014, 37.808156], [-122.280965, 37.808301], [-122.280822, 37.808203], [-122.280689, 37.808138], [-122.280356, 37.807977], [-122.280251, 37.807929], [-122.279911, 37.807784], [-122.279812, 37.807743], [-122.279517, 37.807618], [-122.279349, 37.807551], [-122.278845, 37.80735], [-122.278678, 37.807284], [-122.278581, 37.807227], [-122.278554, 37.807217], [-122.278443, 37.807177], [-122.278241, 37.807108], [-122.278154, 37.807077], [-122.278022, 37.80703], [-122.27797, 37.807011], [-122.277815, 37.806954], [-122.277764, 37.806936], [-122.277635, 37.806889], [-122.277568, 37.806865], [-122.277375, 37.806796], [-122.27725, 37.806752], [-122.277122, 37.806707], [-122.277008, 37.806639], [-122.2769, 37.806594], [-122.276653, 37.806492], [-122.276529, 37.806442], [-122.27935, 37.80185]]]]}}, {"type": "Feature", "properties": {"grade": "D", "cat": "Hazardous", "city": "Oakland", "label": "D9"}, "geometry": {"type": "MultiPolygon", "coordinates": [[[[-122.27899, 37.81372], [-122.27911, 37.81325], [-122.27492, 37.81159], [-122.27436, 37.81175], [-122.27403, 37.81051], [-122.276529, 37.806442], [-122.276653, 37.806492], [-122.2769, 37.806594], [-122.277008, 37.806639], [-122.277122, 37.806707], [-122.27725, 37.806752], [-122.277375, 37.806796], [-122.277568, 37.806865], [-122.277635, 37.806889], [-122.277764, 37.806936], [-122.277815, 37.806954], [-122.27797, 37.807011], [-122.278022, 37.80703], [-122.278154, 37.807077], [-122.278241, 37.807108], [-122.278443, 37.807177], [-122.278554, 37.807217], [-122.278581, 37.807227], [-122.278678, 37.807284], [-122.278845, 37.80735], [-122.279349, 37.807551], [-122.279517, 37.807618], [-122.279812, 37.807743], [-122.279911, 37.807784], [-122.280251, 37.807929], [-122.280356, 37.807977], [-122.280689, 37.808138], [-122.280822, 37.808203], [-122.280965, 37.808301], [-122.280877, 37.808533], [-122.280736, 37.808926], [-122.28062, 37.809191], [-122.280513, 37.809438], [-122.280429, 37.809661], [-122.279963, 37.811054], [-122.279942, 37.811118], [-122.279921, 37.811183], [-122.279882, 37.811295], [-122.279764, 37.811632], [-122.279726, 37.811745], [-122.279677, 37.811889], [-122.279606, 37.812095], [-122.27953, 37.812322], [-122.279482, 37.812467], [-122.279421, 37.812624], [-122.279237, 37.813095], [-122.279177, 37.813252], [-122.279165, 37.813281], [-122.279131, 37.81337], [-122.27912, 37.8134], [-122.279075, 37.813522], [-122.279002, 37.813723], [-122.27899, 37.81372]]]]}}, {"type": "Feature", "properties": {"grade": "D", "cat": "Hazardous", "city": "Oakland", "label": "D9"}, "geometry": {"type": "MultiPolygon", "coordinates": [[[[-122.29212, 37.80525], [-122.29067, 37.80903], [-122.28981, 37.80891], [-122.28867, 37.81183], [-122.28569, 37.81106], [-122.285557, 37.811393], [-122.285574, 37.811347], [-122.28567, 37.811083], [-122.285688, 37.811031], [-122.285704, 37.810985], [-122.285812, 37.810692], [-122.285848, 37.810595], [-122.285919, 37.810397], [-122.286136, 37.809803], [-122.286208, 37.809606], [-122.286224, 37.809561], [-122.286251, 37.809489], [-122.286316, 37.809313], [-122.286641, 37.808437], [-122.28675, 37.808145], [-122.286777, 37.808075], [-122.286857, 37.807842], [-122.287172, 37.806933], [-122.287278, 37.806631], [-122.287407, 37.806275], [-122.287466, 37.80611], [-122.287738, 37.805363], [-122.287794, 37.805208], [-122.287923, 37.804853], [-122.287985, 37.804673], [-122.288097, 37.804356], [-122.29212, 37.80525]]]]}}, {"type": "Feature", "properties": {"grade": "B", "cat": "Still Desirable", "city": "Oakland", "label": "B46"}, "geometry": {"type": "MultiPolygon", "coordinates": [[[[-122.2252, 37.76423], [-122.22489, 37.76353], [-122.22462, 37.76309], [-122.22422, 37.76225], [-122.22403, 37.76125], [-122.22419, 37.76035], [-122.22475, 37.75881], [-122.224889, 37.7586], [-122.224897, 37.758668], [-122.224911, 37.758838], [-122.224911, 37.759014], [-122.224911, 37.759091], [-122.22489, 37.759344], [-122.22489, 37.759734], [-122.224886, 37.759831], [-122.224877, 37.760047], [-122.224872, 37.76009], [-122.224863, 37.760184], [-122.224852, 37.76022], [-122.224842, 37.760256], [-122.224826, 37.7603], [-122.224807, 37.76036], [-122.224764, 37.760861], [-122.224752, 37.761003], [-122.224752, 37.761121], [-122.224752, 37.761311], [-122.224753, 37.761351], [-122.224759, 37.761531], [-122.224787, 37.761772], [-122.224832, 37.762035], [-122.224857, 37.762173], [-122.224866, 37.762263], [-122.224878, 37.762393], [-122.224912, 37.76258], [-122.224927, 37.762646], [-122.224982, 37.762888], [-122.225065, 37.763206], [-122.225141, 37.76347], [-122.22524, 37.763768], [-122.225245, 37.763783], [-122.225328, 37.764008], [-122.225367, 37.764074], [-122.2252, 37.76423]]]]}}, {"type": "Feature", "properties": {"grade": "C", "cat": "Definitely Declining", "city": "Oakland", "label": "C40"}, "geometry": {"type": "MultiPolygon", "coordinates": [[[[-122.23159, 37.76933], [-122.23005, 37.7687], [-122.22881, 37.76801], [-122.22748, 37.76707], [-122.22627, 37.76613], [-122.22544, 37.76502], [-122.2252, 37.76423], [-122.225367, 37.764074], [-122.225395, 37.764123], [-122.225418, 37.764163], [-122.225446, 37.764211], [-122.225633, 37.764497], [-122.225718, 37.76465], [-122.225917, 37.765008], [-122.226007, 37.765112], [-122.22645, 37.765728], [-122.226789, 37.766162], [-122.227094, 37.766475], [-122.227226, 37.766601], [-122.227551, 37.766865], [-122.227946, 37.767139], [-122.228154, 37.767304], [-122.228258, 37.767414], [-122.228528, 37.767562], [-122.228929, 37.767754], [-122.229732, 37.768171], [-122.230189, 37.768402], [-122.230376, 37.768523], [-122.230465, 37.768593], [-122.23049, 37.768612], [-122.230534, 37.76864], [-122.230585, 37.768673], [-122.230667, 37.768731], [-122.230716, 37.768752], [-122.231387, 37.769044], [-122.231671, 37.769176], [-122.231696, 37.769185], [-122.23171, 37.76919], [-122.23159, 37.76933]]]]}}, {"type": "Feature", "properties": {"grade": "C", "cat": "Definitely Declining", "city": "Oakland", "label": "C41"}, "geometry": {"type": "MultiPolygon", "coordinates": [[[[-122.23693, 37.74964], [-122.23731, 37.74961], [-122.23779, 37.74984], [-122.237911, 37.750148], [-122.237763, 37.750098], [-122.237534, 37.75001], [-122.237403, 37.74995], [-122.237375, 37.749928], [-122.237349, 37.749912], [-122.237325, 37.749896], [-122.237166, 37.74983], [-122.237034, 37.749786], [-122.236868, 37.749721], [-122.23681, 37.749711], [-122.23693, 37.74964]]], [[[-122.23649, 37.7499], [-122.236694, 37.749779], [-122.236667, 37.749908], [-122.236628, 37.749928], [-122.236621, 37.749967], [-122.236635, 37.750005], [-122.236635, 37.750065], [-122.236649, 37.750104], [-122.236649, 37.750153], [-122.236621, 37.750181], [-122.236559, 37.750219], [-122.236524, 37.750214], [-122.236455, 37.750197], [-122.236427, 37.75017], [-122.236416, 37.750146], [-122.23649, 37.7499]]]]}}, {"type": "Feature", "properties": {"grade": "D", "cat": "Hazardous", "city": "Oakland", "label": "D11"}, "geometry": {"type": "MultiPolygon", "coordinates": [[[[-122.264458, 37.791044], [-122.264433, 37.791074], [-122.264373, 37.791031], [-122.264458, 37.791044]]]]}}, {"type": "Feature", "properties": {"grade": "D", "cat": "Hazardous", "city": "Oakland", "label": "D20"}, "geometry": {"type": "MultiPolygon", "coordinates": [[[[-122.23909, 37.77234], [-122.23654, 37.7715], [-122.23471, 37.77067], [-122.23159, 37.76933], [-122.23171, 37.76919], [-122.231775, 37.769215], [-122.231851, 37.769236], [-122.231941, 37.769253], [-122.232273, 37.769297], [-122.232204, 37.76933], [-122.232446, 37.769445], [-122.232848, 37.769621], [-122.233159, 37.769763], [-122.233713, 37.77], [-122.234038, 37.770148], [-122.234191, 37.769988], [-122.234274, 37.770016], [-122.23435, 37.770054], [-122.234259, 37.77017], [-122.234218, 37.770225], [-122.2348, 37.770516], [-122.23512, 37.770664], [-122.235202, 37.770702], [-122.235451, 37.770821], [-122.235742, 37.77096], [-122.235831, 37.770905], [-122.23615, 37.77107], [-122.236254, 37.771152], [-122.23633, 37.771202], [-122.23641, 37.771244], [-122.236434, 37.771257], [-122.23669, 37.771383], [-122.236741, 37.771405], [-122.236822, 37.771439], [-122.236925, 37.771482], [-122.237175, 37.771542], [-122.237362, 37.771608], [-122.237549, 37.771679], [-122.237895, 37.7718], [-122.237992, 37.771822], [-122.23822, 37.77191], [-122.238698, 37.772129], [-122.238961, 37.772272], [-122.239093, 37.772335], [-122.23909, 37.77234]]]]}}]}