tract_id,region_id,vmt_per_capita
06083002103,SBCAG,21.9
06083002402,SBCAG,21.9
06083002102,SBCAG,21.9
06083002010,SBCAG,21.9
06083002009,SBCAG,21.9
06083002008,SBCAG,21.9
06083002007,SBCAG,21.9
06011000500,Colusa_RTPA,30.2
06011000200,Colusa_RTPA,30.2
06011000400,Colusa_RTPA,30.2
06011000300,Colusa_RTPA,30.2
06011000100,Colusa_RTPA,30.2
06103000500,TCAG,28.5
06103000600,TCAG,28.5
06103000200,TCAG,28.5
06103000800,TCAG,28.5
06103000700,TCAG,28.5
06103000900,TCAG,28.5
06103000300,TCAG,28.5
06103000100,TCAG,28.5
06103001000,TCAG,28.5
06103000400,TCAG,28.5
06103001100,TCAG,28.5
06083980100,SBCAG,21.9
06083980000,SBCAG,21.9
06083001704,SBCAG,21.9
06083002915,SBCAG,21.9
06083002606,SBCAG,21.9
06083003102,SBCAG,21.9
06083003007,SBCAG,21.9
06083002932,SBCAG,21.9
06083002930,SBCAG,21.9
06083002928,SBCAG,21.9
06083002926,SBCAG,21.9
06083002924,SBCAG,21.9
06083002922,SBCAG,21.9
06083002502,SBCAG,21.9
06083001706,SBCAG,21.9
06083001604,SBCAG,21.9
06083001402,SBCAG,21.9
06083001306,SBCAG,21.9
06083001304,SBCAG,21.9
06083001208,SBCAG,21.9
06083001206,SBCAG,21.9
06083000804,SBCAG,21.9
06083000302,SBCAG,21.9
06083000301,SBCAG,21.9
06083002006,SBCAG,21.9
06083002005,SBCAG,21.9
06083002012,SBCAG,21.9
06083001203,SBCAG,21.9
06083001102,SBCAG,21.9
06083001000,SBCAG,21.9
06083000900,SBCAG,21.9
06083000801,SBCAG,21.9
06083000600,SBCAG,21.9
06083000400,SBCAG,21.9
06083003005,SBCAG,21.9
06083003004,SBCAG,21.9
06083003001,SBCAG,21.9
06083002914,SBCAG,21.9
06083002913,SBCAG,21.9
06083002909,SBCAG,21.9
06083002907,SBCAG,21.9
06083002906,SBCAG,21.9
06083001500,SBCAG,21.9
06083000700,SBCAG,21.9
06083000502,SBCAG,21.9
06083000501,SBCAG,21.9
06083000200,SBCAG,21.9
06083000103,SBCAG,21.9
06083000102,SBCAG,21.9
06083000101,SBCAG,21.9
06083002708,SBCAG,21.9
06083002707,SBCAG,21.9
06083002706,SBCAG,21.9
06083002705,SBCAG,21.9
06083001101,SBCAG,21.9
06083002702,SBCAG,21.9
06083002809,SBCAG,21.9
06083002808,SBCAG,21.9
06083002806,SBCAG,21.9
06083002802,SBCAG,21.9
06083002703,SBCAG,21.9
06083001800,SBCAG,21.9
06083002604,SBCAG,21.9
06083001601,SBCAG,21.9
06083002011,SBCAG,21.9
06083002013,SBCAG,21.9
06083002305,SBCAG,21.9
06083002306,SBCAG,21.9
06083001906,SBCAG,21.9
06083001905,SBCAG,21.9
06083001903,SBCAG,21.9
06083001901,SBCAG,21.9
06083002101,SBCAG,21.9
06083002404,SBCAG,21.9
06083002403,SBCAG,21.9
06083002304,SBCAG,21.9
06083002303,SBCAG,21.9
06083002209,SBCAG,21.9
06083002211,SBCAG,21.9
06083002206,SBCAG,21.9
06083002205,SBCAG,21.9
06083002210,SBCAG,21.9
06025011802,SCAG,22.8
06025011700,SCAG,22.8
06025011600,SCAG,22.8
06025011500,SCAG,22.8
06025011400,SCAG,22.8
06025011803,SCAG,22.8
06025010500,SCAG,22.8
06025010400,SCAG,22.8
06025010300,SCAG,22.8
06053014700,AMBAG,23.5
06025012001,SCAG,22.8
06025010101,SCAG,22.8
06025012002,SCAG,22.8
06025010102,SCAG,22.8
06025010200,SCAG,22.8
06025940000,SCAG,22.8
06025012302,SCAG,22.8
06025012301,SCAG,22.8
06025011000,SCAG,22.8
06025010900,SCAG,22.8
06025011801,SCAG,22.8
06025011300,SCAG,22.8
06025011202,SCAG,22.8
06025011201,SCAG,22.8
06025011100,SCAG,22.8
06025012400,SCAG,22.8
06025012200,SCAG,22.8
06025012100,SCAG,22.8
06025011900,SCAG,22.8
06025010800,SCAG,22.8
06025010700,SCAG,22.8
06025010600,SCAG,22.8
06053014500,AMBAG,23.5
06053014800,AMBAG,23.5
06053011203,AMBAG,23.5
06053011801,AMBAG,23.5
06053014104,AMBAG,23.5
06053010607,AMBAG,23.5
06053014201,AMBAG,23.5
06053014202,AMBAG,23.5
06053012502,AMBAG,23.5
06053011802,AMBAG,23.5
06053011303,AMBAG,23.5
06053011304,AMBAG,23.5
06053011204,AMBAG,23.5
06053011604,AMBAG,23.5
06053011602,AMBAG,23.5
06053011502,AMBAG,23.5
06053011101,AMBAG,23.5
06053010505,AMBAG,23.5
06053014601,AMBAG,23.5
06053980000,AMBAG,23.5
06053000701,AMBAG,23.5
06053000501,AMBAG,23.5
06053000502,AMBAG,23.5
06053001802,AMBAG,23.5
06005000304,ACTC,28.0
06005000101,ACTC,28.0
06005000303,ACTC,28.0
06005000102,ACTC,28.0
06005000402,ACTC,28.0
06005000500,ACTC,28.0
06005000401,ACTC,28.0
06005000301,ACTC,28.0
06005000200,ACTC,28.0
06053001801,AMBAG,23.5
06053000702,AMBAG,23.5
06053010506,AMBAG,23.5
06053010608,AMBAG,23.5
06053014105,AMBAG,23.5
06053014107,AMBAG,23.5
06053010804,AMBAG,23.5
06053010306,AMBAG,23.5
06053010702,AMBAG,23.5
06053010606,AMBAG,23.5
06053011400,AMBAG,23.5
06053010701,AMBAG,23.5
06053013900,AMBAG,23.5
06053013800,AMBAG,23.5
06053013700,AMBAG,23.5
06053013600,AMBAG,23.5
06053013500,AMBAG,23.5
06053012402,AMBAG,23.5
06053012200,AMBAG,23.5
06053012100,AMBAG,23.5
06053012000,AMBAG,23.5
06053013100,AMBAG,23.5
06053013000,AMBAG,23.5
06053012302,AMBAG,23.5
06053012700,AMBAG,23.5
06053012401,AMBAG,23.5
06053013400,AMBAG,23.5
06053014302,AMBAG,23.5
06053014301,AMBAG,23.5
06053014000,AMBAG,23.5
06061023200,SACOG,24.3
06061023700,SACOG,24.3
06053013300,AMBAG,23.5
06053013200,AMBAG,23.5
06053012800,AMBAG,23.5
06053012600,AMBAG,23.5
06053011900,AMBAG,23.5
06053000102,AMBAG,23.5
06053001700,AMBAG,23.5
06053001400,AMBAG,23.5
06053001300,AMBAG,23.5
06053001200,AMBAG,23.5
06061023900,SACOG,24.3
06061023300,SACOG,24.3
06061023400,SACOG,24.3
06061023600,SACOG,24.3
06061022900,SACOG,24.3
06053000800,AMBAG,23.5
06053000600,AMBAG,23.5
06053000400,AMBAG,23.5
06053000300,AMBAG,23.5
06053000200,AMBAG,23.5
06053010504,AMBAG,23.5
06053010605,AMBAG,23.5
06053010501,AMBAG,23.5
06053001600,AMBAG,23.5
06053001500,AMBAG,23.5
06053000900,AMBAG,23.5
06061023100,SACOG,24.3
06061023000,SACOG,24.3
06061022600,SACOG,24.3
06061022500,SACOG,24.3
06061022800,SACOG,24.3
06053000101,AMBAG,23.5
06053000103,AMBAG,23.5
06053010101,AMBAG,23.5
06053010604,AMBAG,23.5
06053010603,AMBAG,23.5
06053010202,AMBAG,23.5
06053010102,AMBAG,23.5
06053010305,AMBAG,23.5
06053011302,AMBAG,23.5
06053011202,AMBAG,23.5
06053010900,AMBAG,23.5
06061022400,SACOG,24.3
06061023800,SACOG,24.3
06061023500,SACOG,24.3
06061022200,SACOG,24.3
06061022100,SACOG,24.3
06061022300,SACOG,24.3
06061021203,SACOG,24.3
06061021045,SACOG,24.3
06061021043,SACOG,24.3
06061020401,SACOG,24.3
06061020710,SACOG,24.3
06053014102,AMBAG,23.5
06053010400,AMBAG,23.5
06053000104,AMBAG,23.5
06053011000,AMBAG,23.5
06053011102,AMBAG,23.5
06053011700,AMBAG,23.5
06061021037,SACOG,24.3
06061021128,SACOG,24.3
06061021122,SACOG,24.3
06061021403,SACOG,24.3
06061021603,SACOG,24.3
06061021130,SACOG,24.3
06061021309,SACOG,24.3
06061021131,SACOG,24.3
06061021039,SACOG,24.3
06061021044,SACOG,24.3
06061021035,SACOG,24.3
06061021034,SACOG,24.3
06061021046,SACOG,24.3
06061020908,SACOG,24.3
06061021038,SACOG,24.3
06061021040,SACOG,24.3
06061021322,SACOG,24.3
06061021129,SACOG,24.3
06061020714,SACOG,24.3
06009000503,CCOG,27.8
06009000501,CCOG,27.8
06009000121,CCOG,27.8
06009000504,CCOG,27.8
06009000122,CCOG,27.8
06009000400,CCOG,27.8
06009000300,CCOG,27.8
06009000220,CCOG,27.8
06009000120,CCOG,27.8
06009000210,CCOG,27.8
06061020715,SACOG,24.3
06061020713,SACOG,24.3
06061020805,SACOG,24.3
06061020712,SACOG,24.3
06061020711,SACOG,24.3
06061020806,SACOG,24.3
06061020717,SACOG,24.3
06061021604,SACOG,24.3
06061021123,SACOG,24.3
06061021204,SACOG,24.3
06061020501,SACOG,24.3
06061020502,SACOG,24.3
06061020402,SACOG,24.3
06061022013,SACOG,24.3
06061022011,SACOG,24.3
06061022014,SACOG,24.3
06061021106,SACOG,24.3
06061021103,SACOG,24.3
06061020104,SACOG,24.3
06061020604,SACOG,24.3
06061021501,SACOG,24.3
06051000101,Mono_RTPA,29.8
06051000102,Mono_RTPA,29.8
06051000200,Mono_RTPA,29.8
06061021901,SACOG,24.3
06061020606,SACOG,24.3
06061021304,SACOG,24.3
06061020901,SACOG,24.3
06061021108,SACOG,24.3
06061021109,SACOG,24.3
06061020105,SACOG,24.3
06061020107,SACOG,24.3
06061021401,SACOG,24.3
06061020601,SACOG,24.3
06061021003,SACOG,24.3
06061020602,SACOG,24.3
06061021802,SACOG,24.3
06061021902,SACOG,24.3
06061022002,SACOG,24.3
06061021801,SACOG,24.3
06061020200,SACOG,24.3
06061021502,SACOG,24.3
06061020605,SACOG,24.3
06061020300,SACOG,24.3
06061020106,SACOG,24.3
06059062640,SCAG,22.8
06059062641,SCAG,22.8
06059062642,SCAG,22.8
06059062643,SCAG,22.8
06059062644,SCAG,22.8
06059062645,SCAG,22.8
06059062646,SCAG,22.8
06059062647,SCAG,22.8
06059099251,SCAG,22.8
06059099305,SCAG,22.8
06059099306,SCAG,22.8
06059099307,SCAG,22.8
06059099308,SCAG,22.8
06059076208,SCAG,22.8
06059011601,SCAG,22.8
06059011602,SCAG,22.8
06059011200,SCAG,22.8
06059086602,SCAG,22.8
06059001103,SCAG,22.8
06059089104,SCAG,22.8
06059086902,SCAG,22.8
06059110402,SCAG,22.8
06059088602,SCAG,22.8
06059011722,SCAG,22.8
06059032038,SCAG,22.8
06059032039,SCAG,22.8
06059032040,SCAG,22.8
06059032041,SCAG,22.8
06059032042,SCAG,22.8
06059032043,SCAG,22.8
06059032044,SCAG,22.8
06059032045,SCAG,22.8
06059032046,SCAG,22.8
06059042106,SCAG,22.8
06059042107,SCAG,22.8
06059042108,SCAG,22.8
06059042109,SCAG,22.8
06059042111,SCAG,22.8
06059042112,SCAG,22.8
06059042113,SCAG,22.8
06059062701,SCAG,22.8
06059062702,SCAG,22.8
06059062800,SCAG,22.8
06059062900,SCAG,22.8
06059063004,SCAG,22.8
06059063005,SCAG,22.8
06059063006,SCAG,22.8
06059063007,SCAG,22.8
06059063008,SCAG,22.8
06059063009,SCAG,22.8
06059099309,SCAG,22.8
06059099310,SCAG,22.8
06059099311,SCAG,22.8
06059099402,SCAG,22.8
06059099404,SCAG,22.8
06059086601,SCAG,22.8
06059076205,SCAG,22.8
06059075812,SCAG,22.8
06059011503,SCAG,22.8
06059011402,SCAG,22.8
06059086304,SCAG,22.8
06059011711,SCAG,22.8
06059110108,SCAG,22.8
06059110006,SCAG,22.8
06059075302,SCAG,22.8
06059001102,SCAG,22.8
06059032047,SCAG,22.8
06059032048,SCAG,22.8
06059032049,SCAG,22.8
06059032050,SCAG,22.8
06059032051,SCAG,22.8
06059032053,SCAG,22.8
06059032054,SCAG,22.8
06059042114,SCAG,22.8
06059042201,SCAG,22.8
06059042203,SCAG,22.8
06059042205,SCAG,22.8
06059063010,SCAG,22.8
06059063101,SCAG,22.8
06059063102,SCAG,22.8
06059063103,SCAG,22.8
06059063201,SCAG,22.8
06059099405,SCAG,22.8
06059099406,SCAG,22.8
06059099407,SCAG,22.8
06059099408,SCAG,22.8
06059099410,SCAG,22.8
06059099411,SCAG,22.8
06059021905,SCAG,22.8
06059021920,SCAG,22.8
06059021912,SCAG,22.8
06059021923,SCAG,22.8
06059021924,SCAG,22.8
06059089107,SCAG,22.8
06059086301,SCAG,22.8
06059087200,SCAG,22.8
06059086501,SCAG,22.8
06059086402,SCAG,22.8
06059110004,SCAG,22.8
06059110012,SCAG,22.8
06059110005,SCAG,22.8
06059086702,SCAG,22.8
06059110104,SCAG,22.8
06059032055,SCAG,22.8
06059032056,SCAG,22.8
06059052404,SCAG,22.8
06059052408,SCAG,22.8
06059052415,SCAG,22.8
06059052416,SCAG,22.8
06059052417,SCAG,22.8
06059052418,SCAG,22.8
06059063202,SCAG,22.8
06059063301,SCAG,22.8
06059063302,SCAG,22.8
06059063400,SCAG,22.8
06059063500,SCAG,22.8
06059011504,SCAG,22.8
06059011300,SCAG,22.8
06059011401,SCAG,22.8
06059001506,SCAG,22.8
06059087405,SCAG,22.8
06059087403,SCAG,22.8
06059011502,SCAG,22.8
06059011403,SCAG,22.8
06059075811,SCAG,22.8
06059075814,SCAG,22.8
06059110603,SCAG,22.8
06059110116,SCAG,22.8
06059110102,SCAG,22.8
06059021802,SCAG,22.8
06059087701,SCAG,22.8
06059087103,SCAG,22.8
06059087102,SCAG,22.8
06059052419,SCAG,22.8
06059052420,SCAG,22.8
06059052421,SCAG,22.8
06059052422,SCAG,22.8
06059052423,SCAG,22.8
06059052424,SCAG,22.8
06059052425,SCAG,22.8
06059052426,SCAG,22.8
06059052427,SCAG,22.8
06059052428,SCAG,22.8
06059052502,SCAG,22.8
06059052505,SCAG,22.8
06059032061,SCAG,22.8
06059032059,SCAG,22.8
06059032058,SCAG,22.8
06059063601,SCAG,22.8
06059063603,SCAG,22.8
06059063604,SCAG,22.8
06059063605,SCAG,22.8
06059063701,SCAG,22.8
06059063702,SCAG,22.8
06059099412,SCAG,22.8
06059099413,SCAG,22.8
06059099415,SCAG,22.8
06059099416,SCAG,22.8
06059099417,SCAG,22.8
06059099506,SCAG,22.8
06059076000,SCAG,22.8
06059076101,SCAG,22.8
06059086306,SCAG,22.8
06059076204,SCAG,22.8
06059099902,SCAG,22.8
06059110203,SCAG,22.8
06059021815,SCAG,22.8
06059087704,SCAG,22.8
06059087601,SCAG,22.8
06059087504,SCAG,22.8
06059110011,SCAG,22.8
06059052506,SCAG,22.8
06059052511,SCAG,22.8
06059052515,SCAG,22.8
06059052521,SCAG,22.8
06059052524,SCAG,22.8
06059052525,SCAG,22.8
06059032057,SCAG,22.8
06059062649,SCAG,22.8
06059087505,SCAG,22.8
06059062648,SCAG,22.8
06059980000,SCAG,22.8
06059074103,SCAG,22.8
06059063802,SCAG,22.8
06059063803,SCAG,22.8
06059063805,SCAG,22.8
06059063806,SCAG,22.8
06059063807,SCAG,22.8
06059099508,SCAG,22.8
06059099511,SCAG,22.8
06059099513,SCAG,22.8
06059099514,SCAG,22.8
06059099601,SCAG,22.8
06059086305,SCAG,22.8
06059076206,SCAG,22.8
06059087404,SCAG,22.8
06059086407,SCAG,22.8
06059021813,SCAG,22.8
06059021915,SCAG,22.8
06059021821,SCAG,22.8
06059076202,SCAG,22.8
06059110001,SCAG,22.8
06059011709,SCAG,22.8
06059110008,SCAG,22.8
06059021826,SCAG,22.8
06059088002,SCAG,22.8
06059088801,SCAG,22.8
06059052526,SCAG,22.8
06059052527,SCAG,22.8
06059052528,SCAG,22.8
06059074003,SCAG,22.8
06059074004,SCAG,22.8
06059074111,SCAG,22.8
06059074702,SCAG,22.8
06059021913,SCAG,22.8
06059021914,SCAG,22.8
06059021917,SCAG,22.8
06059021918,SCAG,22.8
06059032002,SCAG,22.8
06059063808,SCAG,22.8
06059063902,SCAG,22.8
06059063903,SCAG,22.8
06059063904,SCAG,22.8
06059063905,SCAG,22.8
06059063906,SCAG,22.8
06059063907,SCAG,22.8
06059099602,SCAG,22.8
06059099603,SCAG,22.8
06059099604,SCAG,22.8
06059099605,SCAG,22.8
06059099701,SCAG,22.8
06059086404,SCAG,22.8
06059075813,SCAG,22.8
06059021903,SCAG,22.8
06059011714,SCAG,22.8
06059087401,SCAG,22.8
06059088702,SCAG,22.8
06059089105,SCAG,22.8
06059088107,SCAG,22.8
06059089102,SCAG,22.8
06059087002,SCAG,22.8
06059087805,SCAG,22.8
06059087101,SCAG,22.8
06059099502,SCAG,22.8
06059088601,SCAG,22.8
06059074005,SCAG,22.8
06059074006,SCAG,22.8
06059074107,SCAG,22.8
06059074200,SCAG,22.8
06059074300,SCAG,22.8
06059032003,SCAG,22.8
06059032020,SCAG,22.8
06059032028,SCAG,22.8
06059032029,SCAG,22.8
06059063908,SCAG,22.8
06059074102,SCAG,22.8
06059074106,SCAG,22.8
06059074108,SCAG,22.8
06059074109,SCAG,22.8
06059074110,SCAG,22.8
06059099702,SCAG,22.8
06059099703,SCAG,22.8
06059099802,SCAG,22.8
06059099803,SCAG,22.8
06059021919,SCAG,22.8
06059001404,SCAG,22.8
06059011720,SCAG,22.8
06059001801,SCAG,22.8
06059011712,SCAG,22.8
06059089106,SCAG,22.8
06059086801,SCAG,22.8
06059086802,SCAG,22.8
06059110003,SCAG,22.8
06059087801,SCAG,22.8
06059110007,SCAG,22.8
06059074403,SCAG,22.8
06059074405,SCAG,22.8
06059074406,SCAG,22.8
06059074407,SCAG,22.8
06059074408,SCAG,22.8
06059074501,SCAG,22.8
06059032030,SCAG,22.8
06059042206,SCAG,22.8
06059042305,SCAG,22.8
06059042307,SCAG,22.8
06059042310,SCAG,22.8
06059042311,SCAG,22.8
06059042312,SCAG,22.8
06059074701,SCAG,22.8
06059074802,SCAG,22.8
06059074803,SCAG,22.8
06059074805,SCAG,22.8
06059074806,SCAG,22.8
06059088802,SCAG,22.8
06059075201,SCAG,22.8
06059089004,SCAG,22.8
06059088502,SCAG,22.8
06059088501,SCAG,22.8
06059076103,SCAG,22.8
06059088402,SCAG,22.8
06059032011,SCAG,22.8
06059021921,SCAG,22.8
06059011708,SCAG,22.8
06059001705,SCAG,22.8
06059001602,SCAG,22.8
06059088302,SCAG,22.8
06059021810,SCAG,22.8
06059110115,SCAG,22.8
06059001101,SCAG,22.8
06059086303,SCAG,22.8
06059076102,SCAG,22.8
06059099903,SCAG,22.8
06059099512,SCAG,22.8
06059099510,SCAG,22.8
06059074502,SCAG,22.8
06059074601,SCAG,22.8
06059074602,SCAG,22.8
06059074801,SCAG,22.8
06059074901,SCAG,22.8
06059074902,SCAG,22.8
06059042313,SCAG,22.8
06059042315,SCAG,22.8
06059042317,SCAG,22.8
06059042319,SCAG,22.8
06059042320,SCAG,22.8
06059042323,SCAG,22.8
06059042324,SCAG,22.8
06059042325,SCAG,22.8
06059042326,SCAG,22.8
06059042327,SCAG,22.8
06059088901,SCAG,22.8
06059088903,SCAG,22.8
06059088904,SCAG,22.8
06059088905,SCAG,22.8
06059099202,SCAG,22.8
06059011721,SCAG,22.8
06059021916,SCAG,22.8
06059021922,SCAG,22.8
06059087106,SCAG,22.8
06059001503,SCAG,22.8
06059088403,SCAG,22.8
06059110111,SCAG,22.8
06059087300,SCAG,22.8
06059110301,SCAG,22.8
06059110110,SCAG,22.8
06059099509,SCAG,22.8
06059088201,SCAG,22.8
06059086803,SCAG,22.8
06059088106,SCAG,22.8
06059087902,SCAG,22.8
06059087803,SCAG,22.8
06059075002,SCAG,22.8
06059075003,SCAG,22.8
06059075004,SCAG,22.8
06059075100,SCAG,22.8
06059075202,SCAG,22.8
06059075303,SCAG,22.8
06059042328,SCAG,22.8
06059042329,SCAG,22.8
06059042330,SCAG,22.8
06059042331,SCAG,22.8
06059042332,SCAG,22.8
06059042333,SCAG,22.8
06059099203,SCAG,22.8
06059099204,SCAG,22.8
06059099212,SCAG,22.8
06059099214,SCAG,22.8
06059099215,SCAG,22.8
06059099216,SCAG,22.8
06059087503,SCAG,22.8
06059088401,SCAG,22.8
06059001507,SCAG,22.8
06059021807,SCAG,22.8
06059099504,SCAG,22.8
06059110304,SCAG,22.8
06059011718,SCAG,22.8
06059099801,SCAG,22.8
06059110605,SCAG,22.8
06059087802,SCAG,22.8
06059088203,SCAG,22.8
06059088104,SCAG,22.8
06059088105,SCAG,22.8
06059075301,SCAG,22.8
06059075401,SCAG,22.8
06059075403,SCAG,22.8
06059075404,SCAG,22.8
06059075405,SCAG,22.8
06059075504,SCAG,22.8
06059075505,SCAG,22.8
06059042334,SCAG,22.8
06059042335,SCAG,22.8
06059042336,SCAG,22.8
06059042337,SCAG,22.8
06059042338,SCAG,22.8
06059042339,SCAG,22.8
06059052410,SCAG,22.8
06059052411,SCAG,22.8
06059052513,SCAG,22.8
06059099217,SCAG,22.8
06059099220,SCAG,22.8
06059099222,SCAG,22.8
06059099223,SCAG,22.8
06059099224,SCAG,22.8
06059099225,SCAG,22.8
06059001402,SCAG,22.8
06059001202,SCAG,22.8
06059021830,SCAG,22.8
06059021817,SCAG,22.8
06059001704,SCAG,22.8
06059001505,SCAG,22.8
06059001903,SCAG,22.8
06059088902,SCAG,22.8
06059099904,SCAG,22.8
06059088101,SCAG,22.8
06059110401,SCAG,22.8
06059110606,SCAG,22.8
06059001707,SCAG,22.8
06059001802,SCAG,22.8
06059099906,SCAG,22.8
06059110604,SCAG,22.8
06059110109,SCAG,22.8
06059110201,SCAG,22.8
06059110015,SCAG,22.8
06059110010,SCAG,22.8
06059075506,SCAG,22.8
06059075507,SCAG,22.8
06059075512,SCAG,22.8
06059075513,SCAG,22.8
06059075514,SCAG,22.8
06059075515,SCAG,22.8
06059075603,SCAG,22.8
06059075604,SCAG,22.8
06059075605,SCAG,22.8
06059075606,SCAG,22.8
06059052514,SCAG,22.8
06059052517,SCAG,22.8
06059052518,SCAG,22.8
06059052519,SCAG,22.8
06059052520,SCAG,22.8
06059099226,SCAG,22.8
06059099227,SCAG,22.8
06059099229,SCAG,22.8
06059099230,SCAG,22.8
06059099231,SCAG,22.8
06059088701,SCAG,22.8
06059089001,SCAG,22.8
06059089003,SCAG,22.8
06059021823,SCAG,22.8
06059011716,SCAG,22.8
06059001301,SCAG,22.8
06059001201,SCAG,22.8
06059001303,SCAG,22.8
06059001304,SCAG,22.8
06059086405,SCAG,22.8
06059086502,SCAG,22.8
06059075809,SCAG,22.8
06059099905,SCAG,22.8
06059110202,SCAG,22.8
06059021824,SCAG,22.8
06059110113,SCAG,22.8
06059110106,SCAG,22.8
06059110014,SCAG,22.8
06059075607,SCAG,22.8
06059075701,SCAG,22.8
06059075702,SCAG,22.8
06059075703,SCAG,22.8
06059075805,SCAG,22.8
06059075806,SCAG,22.8
06059075807,SCAG,22.8
06059052522,SCAG,22.8
06059052523,SCAG,22.8
06059062604,SCAG,22.8
06059062605,SCAG,22.8
06059062610,SCAG,22.8
06059062611,SCAG,22.8
06059062612,SCAG,22.8
06059062614,SCAG,22.8
06059099232,SCAG,22.8
06059099233,SCAG,22.8
06059099234,SCAG,22.8
06059099235,SCAG,22.8
06059099237,SCAG,22.8
06059099238,SCAG,22.8
06059001504,SCAG,22.8
06059021825,SCAG,22.8
06059001902,SCAG,22.8
06059011101,SCAG,22.8
06059001901,SCAG,22.8
06059086701,SCAG,22.8
06059011102,SCAG,22.8
06059011715,SCAG,22.8
06059021812,SCAG,22.8
06059076201,SCAG,22.8
06059001708,SCAG,22.8
06059110303,SCAG,22.8
06059086901,SCAG,22.8
06059088301,SCAG,22.8
06059021809,SCAG,22.8
06059110118,SCAG,22.8
06059011717,SCAG,22.8
06059088001,SCAG,22.8
06059087901,SCAG,22.8
06059087703,SCAG,22.8
06059075808,SCAG,22.8
06059075810,SCAG,22.8
06059075815,SCAG,22.8
06059075816,SCAG,22.8
06059062619,SCAG,22.8
06059062620,SCAG,22.8
06059062621,SCAG,22.8
06059062622,SCAG,22.8
06059062625,SCAG,22.8
06059062626,SCAG,22.8
06059062627,SCAG,22.8
06059062628,SCAG,22.8
06059062629,SCAG,22.8
06059062630,SCAG,22.8
06059062631,SCAG,22.8
06059062632,SCAG,22.8
06059062633,SCAG,22.8
06059062634,SCAG,22.8
06059099239,SCAG,22.8
06059099240,SCAG,22.8
06059099241,SCAG,22.8
06059099242,SCAG,22.8
06059099243,SCAG,22.8
06059011000,SCAG,22.8
06059021827,SCAG,22.8
06059021828,SCAG,22.8
06059021814,SCAG,22.8
06059110607,SCAG,22.8
06059088202,SCAG,22.8
06059087602,SCAG,22.8
06059086406,SCAG,22.8
06059011710,SCAG,22.8
06059110302,SCAG,22.8
06059087806,SCAG,22.8
06059086903,SCAG,22.8
06059087001,SCAG,22.8
06059110117,SCAG,22.8
06059021822,SCAG,22.8
06059021816,SCAG,22.8
06059032031,SCAG,22.8
06059075902,SCAG,22.8
06059032012,SCAG,22.8
06059032013,SCAG,22.8
06059032014,SCAG,22.8
06059062635,SCAG,22.8
06059062636,SCAG,22.8
06059062637,SCAG,22.8
06059062638,SCAG,22.8
06059062639,SCAG,22.8
06059099244,SCAG,22.8
06059099245,SCAG,22.8
06059099246,SCAG,22.8
06059099247,SCAG,22.8
06059099248,SCAG,22.8
06059099249,SCAG,22.8
06059099250,SCAG,22.8
06059001403,SCAG,22.8
06059001401,SCAG,22.8
06059001706,SCAG,22.8
06059075901,SCAG,22.8
06059001501,SCAG,22.8
06059001601,SCAG,22.8
06059011707,SCAG,22.8
06059110500,SCAG,22.8
06059110114,SCAG,22.8
06059021829,SCAG,22.8
06059021820,SCAG,22.8
06059087105,SCAG,22.8
06059032032,SCAG,22.8
06059032033,SCAG,22.8
06059032034,SCAG,22.8
06059032035,SCAG,22.8
06059032036,SCAG,22.8
06059032037,SCAG,22.8
06059032015,SCAG,22.8
06059032022,SCAG,22.8
06059032023,SCAG,22.8
06059032027,SCAG,22.8
06059042103,SCAG,22.8
06085509201,MTC,19.4
06085510500,MTC,19.4
06085509401,MTC,19.4
06085509303,MTC,19.4
06085503306,MTC,19.4
06085503211,MTC,19.4
06085503504,MTC,19.4
06085503601,MTC,19.4
06085512022,MTC,19.4
06085512017,MTC,19.4
06085512026,MTC,19.4
06085512020,MTC,19.4
06085512023,MTC,19.4
06085512024,MTC,19.4
06085509106,MTC,19.4
06085509109,MTC,19.4
06085509102,MTC,19.4
06085510002,MTC,19.4
06097150701,MTC,19.4
06097152501,MTC,19.4
06097152400,MTC,19.4
06097152300,MTC,19.4
06097152202,MTC,19.4
06097151700,MTC,19.4
06097151502,MTC,19.4
06097153403,MTC,19.4
06097151504,MTC,19.4
06097154302,MTC,19.4
06097153704,MTC,19.4
06097153705,MTC,19.4
06097152701,MTC,19.4
06097151307,MTC,19.4
06097151306,MTC,19.4
06097150702,MTC,19.4
06097150901,MTC,19.4
06097150602,MTC,19.4
06085509500,MTC,19.4
06085509600,MTC,19.4
06085509801,MTC,19.4
06085509802,MTC,19.4
06085509901,MTC,19.4
06085510200,MTC,19.4
06085503315,MTC,19.4
06085503322,MTC,19.4
06085503321,MTC,19.4
06085503511,MTC,19.4
06085511907,MTC,19.4
06085512025,MTC,19.4
06085512027,MTC,19.4
06085512030,MTC,19.4
06085512031,MTC,19.4
06085512034,MTC,19.4
06085509105,MTC,19.4
06085501900,MTC,19.4
06085511702,MTC,19.4
06085509108,MTC,19.4
06085509107,MTC,19.4
06097150601,MTC,19.4
06097151311,MTC,19.4
06097151301,MTC,19.4
06097151401,MTC,19.4
06097151204,MTC,19.4
06097151308,MTC,19.4
06097151309,MTC,19.4
06097151201,MTC,19.4
06097151100,MTC,19.4
06097151000,MTC,19.4
06097151203,MTC,19.4
06097150800,MTC,19.4
06097150603,MTC,19.4
06097153903,MTC,19.4
06097154000,MTC,19.4
06085508003,MTC,19.4
06085509304,MTC,19.4
06085509404,MTC,19.4
06085509700,MTC,19.4
06085503110,MTC,19.4
06085503113,MTC,19.4
06085503602,MTC,19.4
06085503506,MTC,19.4
06085503105,MTC,19.4
06085503712,MTC,19.4
06085504307,MTC,19.4
06085502910,MTC,19.4
06085512029,MTC,19.4
06085512602,MTC,19.4
06085503304,MTC,19.4
06085512035,MTC,19.4
06085512100,MTC,19.4
06085512200,MTC,19.4
06085512305,MTC,19.4
06085512308,MTC,19.4
06085509902,MTC,19.4
06085510001,MTC,19.4
06085508704,MTC,19.4
06085511909,MTC,19.4
06085511701,MTC,19.4
06085500100,MTC,19.4
06085511800,MTC,19.4
06085507002,MTC,19.4
06085507001,MTC,19.4
06085511911,MTC,19.4
06085506900,MTC,19.4
06097152201,MTC,19.4
06097153901,MTC,19.4
06097154100,MTC,19.4
06085508004,MTC,19.4
06085508507,MTC,19.4
06085508508,MTC,19.4
06085505009,MTC,19.4
06085509403,MTC,19.4
06085510700,MTC,19.4
06085510801,MTC,19.4
06085510802,MTC,19.4
06085510803,MTC,19.4
06085503707,MTC,19.4
06085503708,MTC,19.4
06085503709,MTC,19.4
06085503802,MTC,19.4
06085503803,MTC,19.4
06085504002,MTC,19.4
06085504901,MTC,19.4
06085505202,MTC,19.4
06085505007,MTC,19.4
06085506601,MTC,19.4
06085505203,MTC,19.4
06085505302,MTC,19.4
06085505008,MTC,19.4
06085505006,MTC,19.4
06085504423,MTC,19.4
06085512032,MTC,19.4
06085512038,MTC,19.4
06085510900,MTC,19.4
06085511100,MTC,19.4
06085511200,MTC,19.4
06085511400,MTC,19.4
06085511000,MTC,19.4
06085504101,MTC,19.4
06085504001,MTC,19.4
06085504102,MTC,19.4
06085504201,MTC,19.4
06085504202,MTC,19.4
06085504308,MTC,19.4
06085504422,MTC,19.4
06085506503,MTC,19.4
06085505304,MTC,19.4
06085505303,MTC,19.4
06085505305,MTC,19.4
06085505402,MTC,19.4
06085505401,MTC,19.4
06085504420,MTC,19.4
06085504417,MTC,19.4
06085504322,MTC,19.4
06085511915,MTC,19.4
06085504323,MTC,19.4
06085503902,MTC,19.4
06085503330,MTC,19.4
06085500400,MTC,19.4
06085500600,MTC,19.4
06085500800,MTC,19.4
06085504314,MTC,19.4
06085504315,MTC,19.4
06085504316,MTC,19.4
06085504317,MTC,19.4
06085505403,MTC,19.4
06085505600,MTC,19.4
06085507100,MTC,19.4
06085507703,MTC,19.4
06085504319,MTC,19.4
06085505700,MTC,19.4
06085500300,MTC,19.4
06085505800,MTC,19.4
06085503903,MTC,19.4
06085503329,MTC,19.4
06085503713,MTC,19.4
06085512043,MTC,19.4
06085503337,MTC,19.4
06085503332,MTC,19.4
06085503334,MTC,19.4
06085500901,MTC,19.4
06085500902,MTC,19.4
06085501000,MTC,19.4
06085501200,MTC,19.4
06085501501,MTC,19.4
06085501401,MTC,19.4
06085501502,MTC,19.4
06085504320,MTC,19.4
06085503508,MTC,19.4
06085504410,MTC,19.4
06085504321,MTC,19.4
06085504412,MTC,19.4
06085506203,MTC,19.4
06085505900,MTC,19.4
06085505500,MTC,19.4
06085506101,MTC,19.4
06085506000,MTC,19.4
06085512053,MTC,19.4
06085504504,MTC,19.4
06085503711,MTC,19.4
06085503710,MTC,19.4
06085503117,MTC,19.4
06085512047,MTC,19.4
06085511916,MTC,19.4
06085502604,MTC,19.4
06085503118,MTC,19.4
06085501600,MTC,19.4
06085501700,MTC,19.4
06085501300,MTC,19.4
06085502001,MTC,19.4
06085502002,MTC,19.4
06085504411,MTC,19.4
06085504415,MTC,19.4
06085504416,MTC,19.4
06085504311,MTC,19.4
06085506301,MTC,19.4
06085506102,MTC,19.4
06085506103,MTC,19.4
06085506202,MTC,19.4
06085506204,MTC,19.4
06093000701,Siskiyou_RTPA,29.5
06093000703,Siskiyou_RTPA,29.5
06093000702,Siskiyou_RTPA,29.5
06093000900,Siskiyou_RTPA,29.5
06093000100,Siskiyou_RTPA,29.5
06093001000,Siskiyou_RTPA,29.5
06093000300,Siskiyou_RTPA,29.5
06093001200,Siskiyou_RTPA,29.5
06093000400,Siskiyou_RTPA,29.5
06093000600,Siskiyou_RTPA,29.5
06093000800,Siskiyou_RTPA,29.5
06085503108,MTC,19.4
06085503333,MTC,19.4
06085503123,MTC,19.4
06085501402,MTC,19.4
06085502301,MTC,19.4
06085503121,MTC,19.4
06085503122,MTC,19.4
06085501101,MTC,19.4
06085501102,MTC,19.4
06085502101,MTC,19.4
06085502102,MTC,19.4
06085502400,MTC,19.4
06085502601,MTC,19.4
06085502701,MTC,19.4
06085502800,MTC,19.4
06085506302,MTC,19.4
06085506401,MTC,19.4
06085506304,MTC,19.4
06085506305,MTC,19.4
06085506502,MTC,19.4
06085506402,MTC,19.4
06085509202,MTC,19.4
06085506605,MTC,19.4
06085507206,MTC,19.4
06085507301,MTC,19.4
06085507302,MTC,19.4
06085507401,MTC,19.4
06085507402,MTC,19.4
06085507500,MTC,19.4
06085500500,MTC,19.4
06085508101,MTC,19.4
06085507701,MTC,19.4
06085507702,MTC,19.4
06085507600,MTC,19.4
06085504318,MTC,19.4
06093001100,Siskiyou_RTPA,29.5
06093000200,Siskiyou_RTPA,29.5
06085502302,MTC,19.4
06085512506,MTC,19.4
06085512505,MTC,19.4
06085512508,MTC,19.4
06085502901,MTC,19.4
06085502902,MTC,19.4
06085502906,MTC,19.4
06085502903,MTC,19.4
06085506501,MTC,19.4
06085506606,MTC,19.4
06085506701,MTC,19.4
06085506703,MTC,19.4
06085506802,MTC,19.4
06085506803,MTC,19.4
06085503218,MTC,19.4
06085503204,MTC,19.4
06085503210,MTC,19.4
06085503312,MTC,19.4
06085511500,MTC,19.4
06085500200,MTC,19.4
06085505301,MTC,19.4
06085513500,MTC,19.4
06085504505,MTC,19.4
06085512039,MTC,19.4
06085513000,MTC,19.4
06085511705,MTC,19.4
06085510600,MTC,19.4
06085503327,MTC,19.4
06085503336,MTC,19.4
06085506702,MTC,19.4
06085507903,MTC,19.4
06085508001,MTC,19.4
06085510400,MTC,19.4
06085510300,MTC,19.4
06085502907,MTC,19.4
06085502908,MTC,19.4
06085502909,MTC,19.4
06085503002,MTC,19.4
06085503001,MTC,19.4
06085504700,MTC,19.4
06085504806,MTC,19.4
06085504803,MTC,19.4
06085504802,MTC,19.4
06085505001,MTC,19.4
06085504805,MTC,19.4
06085505100,MTC,19.4
06097151601,MTC,19.4
06085512312,MTC,19.4
06085511301,MTC,19.4
06085512042,MTC,19.4
06085503331,MTC,19.4
06085512603,MTC,19.4
06085502603,MTC,19.4
06085504418,MTC,19.4
06085504506,MTC,19.4
06085504421,MTC,19.4
06085504413,MTC,19.4
06085504414,MTC,19.4
06085504507,MTC,19.4
06085503003,MTC,19.4
06085503115,MTC,19.4
06085503112,MTC,19.4
06085503116,MTC,19.4
06085503402,MTC,19.4
06085506603,MTC,19.4
06085502201,MTC,19.4
06085507805,MTC,19.4
06085507808,MTC,19.4
06085509302,MTC,19.4
06085508102,MTC,19.4
06085506604,MTC,19.4
06097153804,MTC,19.4
06097153103,MTC,19.4
06097152905,MTC,19.4
06097150305,MTC,19.4
06097154201,MTC,19.4
06097154202,MTC,19.4
06097154303,MTC,19.4
06097154304,MTC,19.4
06097153104,MTC,19.4
06097153806,MTC,19.4
06097153808,MTC,19.4
06097153807,MTC,19.4
06097153809,MTC,19.4
06097152906,MTC,19.4
06085512604,MTC,19.4
06085512310,MTC,19.4
06085512314,MTC,19.4
06085504601,MTC,19.4
06085507205,MTC,19.4
06085512503,MTC,19.4
06085512307,MTC,19.4
06085512309,MTC,19.4
06085503208,MTC,19.4
06085503213,MTC,19.4
06085502702,MTC,19.4
06085503217,MTC,19.4
06085503214,MTC,19.4
06085502500,MTC,19.4
06085507203,MTC,19.4
06085506804,MTC,19.4
06085507806,MTC,19.4
06085508203,MTC,19.4
06085508202,MTC,19.4
06085508204,MTC,19.4
06085508303,MTC,19.4
06085506801,MTC,19.4
06085508304,MTC,19.4
06097150609,MTC,19.4
06097150610,MTC,19.4
06097150607,MTC,19.4
06097151602,MTC,19.4
06097150306,MTC,19.4
06097150611,MTC,19.4
06097150612,MTC,19.4
06097150203,MTC,19.4
06097150204,MTC,19.4
06097151503,MTC,19.4
06097153706,MTC,19.4
06085512313,MTC,19.4
06085512509,MTC,19.4
06085512510,MTC,19.4
06085512311,MTC,19.4
06085512036,MTC,19.4
06085503212,MTC,19.4
06085503111,MTC,19.4
06085503207,MTC,19.4
06085503507,MTC,19.4
06085507807,MTC,19.4
06085507904,MTC,19.4
06085507905,MTC,19.4
06085507906,MTC,19.4
06085511905,MTC,19.4
06085511910,MTC,19.4
06085511912,MTC,19.4
06085511913,MTC,19.4
06085511914,MTC,19.4
06085512001,MTC,19.4
06085510100,MTC,19.4
06085508401,MTC,19.4
06085508403,MTC,19.4
06085504602,MTC,19.4
06085508301,MTC,19.4
06085508404,MTC,19.4
06097152203,MTC,19.4
06097153902,MTC,19.4
06097153006,MTC,19.4
06097152904,MTC,19.4
06097151310,MTC,19.4
06097151305,MTC,19.4
06097150500,MTC,19.4
06097150902,MTC,19.4
06097150304,MTC,19.4
06097150202,MTC,19.4
06085512037,MTC,19.4
06085512045,MTC,19.4
06085512033,MTC,19.4
06085511608,MTC,19.4
06085511609,MTC,19.4
06085503509,MTC,19.4
06085503326,MTC,19.4
06085503313,MTC,19.4
06085512005,MTC,19.4
06085502202,MTC,19.4
06085512052,MTC,19.4
06085503804,MTC,19.4
06085508503,MTC,19.4
06085508504,MTC,19.4
06085508505,MTC,19.4
06085508601,MTC,19.4
06085508602,MTC,19.4
06097150303,MTC,19.4
06097150100,MTC,19.4
06097153502,MTC,19.4
06097153801,MTC,19.4
06097153404,MTC,19.4
06097153703,MTC,19.4
06097152802,MTC,19.4
06097152502,MTC,19.4
06097152100,MTC,19.4
06097152000,MTC,19.4
06097151900,MTC,19.4
06085511302,MTC,19.4
06085511704,MTC,19.4
06085511707,MTC,19.4
06085512402,MTC,19.4
06085512401,MTC,19.4
06085503323,MTC,19.4
06085503325,MTC,19.4
06085503324,MTC,19.4
06085503401,MTC,19.4
06085503703,MTC,19.4
06085503510,MTC,19.4
06085503305,MTC,19.4
06085512019,MTC,19.4
06085512021,MTC,19.4
06085501800,MTC,19.4
06085508703,MTC,19.4
06085508800,MTC,19.4
06085508900,MTC,19.4
06085509000,MTC,19.4
06097151800,MTC,19.4
06097151402,MTC,19.4
06097153102,MTC,19.4
06097152801,MTC,19.4
06097153600,MTC,19.4
06097153401,MTC,19.4
06097153300,MTC,19.4
06097153200,MTC,19.4
06097153501,MTC,19.4
06097153003,MTC,19.4
06097153002,MTC,19.4
06097153001,MTC,19.4
06097153005,MTC,19.4
06097152903,MTC,19.4
06097152702,MTC,19.4
06097152600,MTC,19.4
06029001802,SJV,26.8
06029006201,SJV,26.8
06029003900,SJV,26.8
06029001700,SJV,26.8
06029000400,SJV,26.8
06029005300,SJV,26.8
06029005401,SJV,26.8
06029005402,SJV,26.8
06029005403,SJV,26.8
06029005404,SJV,26.8
06029005501,SJV,26.8
06029005506,SJV,26.8
06029005600,SJV,26.8
06029005700,SJV,26.8
06029000908,SJV,26.8
06029006100,SJV,26.8
06029003122,SJV,26.8
06029005104,SJV,26.8
06029000907,SJV,26.8
06029002821,SJV,26.8
06029002820,SJV,26.8
06029004601,SJV,26.8
06029003805,SJV,26.8
06029000506,SJV,26.8
06029003113,SJV,26.8
06029003806,SJV,26.8
06029006003,SJV,26.8
06029000906,SJV,26.8
06029006301,SJV,26.8
06029003810,SJV,26.8
06029004102,SJV,26.8
06029002816,SJV,26.8
06029003811,SJV,26.8
06029002804,SJV,26.8
06029002818,SJV,26.8
06029000504,SJV,26.8
06029004800,SJV,26.8
06029004000,SJV,26.8
06029004902,SJV,26.8
06029000503,SJV,26.8
06029004101,SJV,26.8
06029003803,SJV,26.8
06029003813,SJV,26.8
06029004302,SJV,26.8
06029003114,SJV,26.8
06029001801,SJV,26.8
06029005201,SJV,26.8
06029004200,SJV,26.8
06029000902,SJV,26.8
06029004402,SJV,26.8
06029004500,SJV,26.8
06029000200,SJV,26.8
06029002819,SJV,26.8
06029003202,SJV,26.8
06029003103,SJV,26.8
06029003115,SJV,26.8
06029001101,SJV,26.8
06029002817,SJV,26.8
06029003124,SJV,26.8
06029002600,SJV,26.8
06029002100,SJV,26.8
06029002200,SJV,26.8
06029002806,SJV,26.8
06029000600,SJV,26.8
06029002808,SJV,26.8
06029001902,SJV,26.8
06029002000,SJV,26.8
06029002700,SJV,26.8
06029003123,SJV,26.8
06029003112,SJV,26.8
06029001600,SJV,26.8
06029002302,SJV,26.8
06029000909,SJV,26.8
06029005900,SJV,26.8
06029006500,SJV,26.8
06029003205,SJV,26.8
06029006303,SJV,26.8
06029005507,SJV,26.8
06029005003,SJV,26.8
06029004603,SJV,26.8
06029006006,SJV,26.8
06029006403,SJV,26.8
06029006404,SJV,26.8
06029005801,SJV,26.8
06029005802,SJV,26.8
06029005508,SJV,26.8
06029005203,SJV,26.8
06029005204,SJV,26.8
06029004701,SJV,26.8
06029004702,SJV,26.8
06029005004,SJV,26.8
06029004604,SJV,26.8
06029006008,SJV,26.8
06029006304,SJV,26.8
06029003305,SJV,26.8
06029003306,SJV,26.8
06029003206,SJV,26.8
06029004401,SJV,26.8
06029004301,SJV,26.8
06029002814,SJV,26.8
06029002815,SJV,26.8
06029000800,SJV,26.8
06029001901,SJV,26.8
06029003804,SJV,26.8
06029001400,SJV,26.8
06029002813,SJV,26.8
06029000700,SJV,26.8
06029000102,SJV,26.8
06029000903,SJV,26.8
06029000505,SJV,26.8
06029002500,SJV,26.8
06029002900,SJV,26.8
06029003000,SJV,26.8
06029003121,SJV,26.8
06029003812,SJV,26.8
06029003807,SJV,26.8
06029002812,SJV,26.8
06029002400,SJV,26.8
06029000910,SJV,26.8
06029001201,SJV,26.8
06029001102,SJV,26.8
06029001103,SJV,26.8
06029003400,SJV,26.8
06029004901,SJV,26.8
06029003203,SJV,26.8
06029002301,SJV,26.8
06029001000,SJV,26.8
06029000904,SJV,26.8
06029000905,SJV,26.8
06029001202,SJV,26.8
06029001300,SJV,26.8
06029001500,SJV,26.8
06029006002,SJV,26.8
06029002811,SJV,26.8
06029000507,SJV,26.8
06029005103,SJV,26.8
06029006401,SJV,26.8
06029006202,SJV,26.8
06029006004,SJV,26.8
06029002807,SJV,26.8
06029003808,SJV,26.8
06029003809,SJV,26.8
06029003304,SJV,26.8
06029003500,SJV,26.8
06029003600,SJV,26.8
06029003700,SJV,26.8
06029003303,SJV,26.8
06029003204,SJV,26.8
06029000300,SJV,26.8
06029000101,SJV,26.8
06113010513,SACOG,24.3
06113010512,SACOG,24.3
06113010511,SACOG,24.3
06113010402,SACOG,24.3
06113010312,SACOG,24.3
06113010310,SACOG,24.3
06113010302,SACOG,24.3
06113010401,SACOG,24.3
06113010608,SACOG,24.3
06113011102,SACOG,24.3
06113011103,SACOG,24.3
06113010605,SACOG,24.3
06113011206,SACOG,24.3
06113011203,SACOG,24.3
06113011002,SACOG,24.3
06113011001,SACOG,24.3
06113010902,SACOG,24.3
06113011101,SACOG,24.3
06113010800,SACOG,24.3
06113011204,SACOG,24.3
06113010509,SACOG,24.3
06113010510,SACOG,24.3
06113010901,SACOG,24.3
06113011300,SACOG,24.3
06113011400,SACOG,24.3
06113011500,SACOG,24.3
06113010204,SACOG,24.3
06113010201,SACOG,24.3
06113010101,SACOG,24.3
06113010203,SACOG,24.3
06113010102,SACOG,24.3
06113010704,SACOG,24.3
06113010703,SACOG,24.3
06113010701,SACOG,24.3
06113010602,SACOG,24.3
06113010508,SACOG,24.3
06113010505,SACOG,24.3
06113010606,SACOG,24.3
06113010607,SACOG,24.3
06113010501,SACOG,24.3
06113011205,SACOG,24.3
06067008512,SACOG,24.3
06067008509,SACOG,24.3
06067008506,SACOG,24.3
06067007428,SACOG,24.3
06067007107,SACOG,24.3
06067007106,SACOG,24.3
06067008143,SACOG,24.3
06067008208,SACOG,24.3
06067007413,SACOG,24.3
06067007423,SACOG,24.3
06067007406,SACOG,24.3
06067007403,SACOG,24.3
06067007402,SACOG,24.3
06067007207,SACOG,24.3
06039000603,SJV,26.8
06039000604,SJV,26.8
06039000201,SJV,26.8
06039000106,SJV,26.8
06039000109,SJV,26.8
06039000104,SJV,26.8
06039000103,SJV,26.8
06039000102,SJV,26.8
06039000400,SJV,26.8
06039000508,SJV,26.8
06039001000,SJV,26.8
06039000800,SJV,26.8
06067007102,SACOG,24.3
06067007020,SACOG,24.3
06067007017,SACOG,24.3
06067007016,SACOG,24.3
06067007015,SACOG,24.3
06067008140,SACOG,24.3
06067007415,SACOG,24.3
06067005102,SACOG,24.3
06067005101,SACOG,24.3
06067005002,SACOG,24.3
06067005001,SACOG,24.3
06067004802,SACOG,24.3
06067008128,SACOG,24.3
06067008010,SACOG,24.3
06039000602,SJV,26.8
06039000900,SJV,26.8
06039000700,SJV,26.8
06039000507,SJV,26.8
06039000503,SJV,26.8
06039000509,SJV,26.8
06039000502,SJV,26.8
06039000506,SJV,26.8
06067005205,SACOG,24.3
06067009638,SACOG,24.3
06067009634,SACOG,24.3
06067009332,SACOG,24.3
06067009201,SACOG,24.3
06067007301,SACOG,24.3
06067009312,SACOG,24.3
06067009317,SACOG,24.3
06067009316,SACOG,24.3
06067007504,SACOG,24.3
06067008009,SACOG,24.3
06067008119,SACOG,24.3
06067008117,SACOG,24.3
06067008135,SACOG,24.3
06067008133,SACOG,24.3
06067008136,SACOG,24.3
06067008129,SACOG,24.3
06067009319,SACOG,24.3
06067008913,SACOG,24.3
06067008403,SACOG,24.3
06067008130,SACOG,24.3
06067009323,SACOG,24.3
06067008209,SACOG,24.3
06067009612,SACOG,24.3
06067009616,SACOG,24.3
06067007501,SACOG,24.3
06067008008,SACOG,24.3
06067008007,SACOG,24.3
06067008006,SACOG,24.3
06067008005,SACOG,24.3
06067008125,SACOG,24.3
06067008124,SACOG,24.3
06067009321,SACOG,24.3
06067008138,SACOG,24.3
06067008120,SACOG,24.3
06067009617,SACOG,24.3
06067009615,SACOG,24.3
06067009614,SACOG,24.3
06067009501,SACOG,24.3
06067009320,SACOG,24.3
06067009112,SACOG,24.3
06067008911,SACOG,24.3
06067008211,SACOG,24.3
06067008134,SACOG,24.3
06067008127,SACOG,24.3
06067008113,SACOG,24.3
06067008111,SACOG,24.3
06067008141,SACOG,24.3
06067008132,SACOG,24.3
06067008142,SACOG,24.3
06067008144,SACOG,24.3
06067008131,SACOG,24.3
06067007424,SACOG,24.3
06067007421,SACOG,24.3
06067007422,SACOG,24.3
06067005508,SACOG,24.3
06067009611,SACOG,24.3
06067009608,SACOG,24.3
06067008404,SACOG,24.3
06067007904,SACOG,24.3
06067007903,SACOG,24.3
06067007906,SACOG,24.3
06067008702,SACOG,24.3
06067007802,SACOG,24.3
06067007801,SACOG,24.3
06067007702,SACOG,24.3
06067007701,SACOG,24.3
06067009609,SACOG,24.3
06067004011,SACOG,24.3
06067004012,SACOG,24.3
06067004009,SACOG,24.3
06067007010,SACOG,24.3
06067007602,SACOG,24.3
06067007601,SACOG,24.3
06067006202,SACOG,24.3
06067006201,SACOG,24.3
06067006102,SACOG,24.3
06067006003,SACOG,24.3
06067006002,SACOG,24.3
06067006004,SACOG,24.3
06067007503,SACOG,24.3
06045011001,MCOG,26.4
06045011102,MCOG,26.4
06045011002,MCOG,26.4
06045010802,MCOG,26.4
06045010700,MCOG,26.4
06045010801,MCOG,26.4
06045011700,MCOG,26.4
06045011600,MCOG,26.4
06067009610,SACOG,24.3
06067009606,SACOG,24.3
06067007204,SACOG,24.3
06067007007,SACOG,24.3
06067007014,SACOG,24.3
06067007013,SACOG,24.3
06067007004,SACOG,24.3
06067005901,SACOG,24.3
06067005804,SACOG,24.3
06067005803,SACOG,24.3
06067005801,SACOG,24.3
06067005702,SACOG,24.3
06067005701,SACOG,24.3
06067005606,SACOG,24.3
06067005605,SACOG,24.3
06067005601,SACOG,24.3
06045011500,MCOG,26.4
06045011400,MCOG,26.4
06045011300,MCOG,26.4
06045010900,MCOG,26.4
06045010600,MCOG,26.4
06045011200,MCOG,26.4
06045010200,MCOG,26.4
06045011800,MCOG,26.4
06045010500,MCOG,26.4
06045010300,MCOG,26.4
06045010100,MCOG,26.4
06045010400,MCOG,26.4
06067008501,SACOG,24.3
06067006900,SACOG,24.3
06067006800,SACOG,24.3
06067006702,SACOG,24.3
06067006701,SACOG,24.3
06067006600,SACOG,24.3
06067006500,SACOG,24.3
06067007416,SACOG,24.3
06067005506,SACOG,24.3
06067006101,SACOG,24.3
06067005502,SACOG,24.3
06067005404,SACOG,24.3
06067005402,SACOG,24.3
06067009601,SACOG,24.3
06067008206,SACOG,24.3
06067005904,SACOG,24.3
06067005510,SACOG,24.3
06067006400,SACOG,24.3
06067006300,SACOG,24.3
06067005403,SACOG,24.3
06067007012,SACOG,24.3
06067005202,SACOG,24.3
06067005201,SACOG,24.3
06067004906,SACOG,24.3
06067004905,SACOG,24.3
06067004903,SACOG,24.3
06067008910,SACOG,24.3
06067008122,SACOG,24.3
06067008139,SACOG,24.3
06067008137,SACOG,24.3
06067008145,SACOG,24.3
06067007417,SACOG,24.3
06067007414,SACOG,24.3
06067007202,SACOG,24.3
06067005204,SACOG,24.3
06067004702,SACOG,24.3
06067004701,SACOG,24.3
06067004502,SACOG,24.3
06067004501,SACOG,24.3
06067003204,SACOG,24.3
06067001101,SACOG,24.3
06067009639,SACOG,24.3
06067009636,SACOG,24.3
06067004300,SACOG,24.3
06067004203,SACOG,24.3
06067004202,SACOG,24.3
06067004201,SACOG,24.3
06067004100,SACOG,24.3
06067004008,SACOG,24.3
06067004006,SACOG,24.3
06067004005,SACOG,24.3
06067004004,SACOG,24.3
06067008504,SACOG,24.3
06067007001,SACOG,24.3
06067004801,SACOG,24.3
06067004601,SACOG,24.3
06067004402,SACOG,24.3
06067004401,SACOG,24.3
06067003202,SACOG,24.3
06067003000,SACOG,24.3
06067009110,SACOG,24.3
06067009635,SACOG,24.3
06067009633,SACOG,24.3
06067009632,SACOG,24.3
06067009630,SACOG,24.3
06067009408,SACOG,24.3
06067009331,SACOG,24.3
06067009330,SACOG,24.3
06067009329,SACOG,24.3
06067009328,SACOG,24.3
06067004001,SACOG,24.3
06067003900,SACOG,24.3
06067003800,SACOG,24.3
06067003700,SACOG,24.3
06067003600,SACOG,24.3
06067003502,SACOG,24.3
06067003501,SACOG,24.3
06067003400,SACOG,24.3
06067003300,SACOG,24.3
06067009108,SACOG,24.3
06067009318,SACOG,24.3
06067009103,SACOG,24.3
06067009006,SACOG,24.3
06067009004,SACOG,24.3
06067008908,SACOG,24.3
06067008907,SACOG,24.3
06067008905,SACOG,24.3
06067008912,SACOG,24.3
06067009326,SACOG,24.3
06067009324,SACOG,24.3
06067009010,SACOG,24.3
06067008801,SACOG,24.3
06067008705,SACOG,24.3
06067008704,SACOG,24.3
06067008510,SACOG,24.3
06067008508,SACOG,24.3
06067008507,SACOG,24.3
06067003102,SACOG,24.3
06067003101,SACOG,24.3
06067002900,SACOG,24.3
06067002800,SACOG,24.3
06067002700,SACOG,24.3
06067002600,SACOG,24.3
06067002500,SACOG,24.3
06067002400,SACOG,24.3
06067002300,SACOG,24.3
06067007905,SACOG,24.3
06067008909,SACOG,24.3
06067009111,SACOG,24.3
06067009107,SACOG,24.3
06067009106,SACOG,24.3
06067009105,SACOG,24.3
06067009109,SACOG,24.3
06067009008,SACOG,24.3
06067008505,SACOG,24.3
06067007433,SACOG,24.3
06067007432,SACOG,24.3
06067007431,SACOG,24.3
06067007430,SACOG,24.3
06067007429,SACOG,24.3
06067007427,SACOG,24.3
06067002200,SACOG,24.3
06067002100,SACOG,24.3
06067002000,SACOG,24.3
06067001900,SACOG,24.3
06067001800,SACOG,24.3
06067001700,SACOG,24.3
06067001600,SACOG,24.3
06067004010,SACOG,24.3
06067009007,SACOG,24.3
06067009005,SACOG,24.3
06067009403,SACOG,24.3
06067009619,SACOG,24.3
06067009504,SACOG,24.3
06067009503,SACOG,24.3
06067009502,SACOG,24.3
06067003203,SACOG,24.3
06067007426,SACOG,24.3
06067007105,SACOG,24.3
06067007104,SACOG,24.3
06067007103,SACOG,24.3
06067007101,SACOG,24.3
06067007019,SACOG,24.3
06067007018,SACOG,24.3
06067005903,SACOG,24.3
06067005509,SACOG,24.3
06067001500,SACOG,24.3
06067001400,SACOG,24.3
06067001300,SACOG,24.3
06067001200,SACOG,24.3
06067000800,SACOG,24.3
06067000700,SACOG,24.3
06067000600,SACOG,24.3
06067000500,SACOG,24.3
06067000400,SACOG,24.3
06067000300,SACOG,24.3
06067000200,SACOG,24.3
06067007206,SACOG,24.3
06067009406,SACOG,24.3
06067008402,SACOG,24.3
06067005505,SACOG,24.3
06067008210,SACOG,24.3
06067009404,SACOG,24.3
06067008600,SACOG,24.3
06067009322,SACOG,24.3
06067009310,SACOG,24.3
06067009309,SACOG,24.3
06067005301,SACOG,24.3
06067988300,SACOG,24.3
06067009637,SACOG,24.3
06067009622,SACOG,24.3
06067009407,SACOG,24.3
06067009325,SACOG,24.3
06067009011,SACOG,24.3
06067008703,SACOG,24.3
06067008513,SACOG,24.3
06067000100,SACOG,24.3
06067007208,SACOG,24.3
06067007209,SACOG,24.3
06067004904,SACOG,24.3
06067004602,SACOG,24.3
06067008207,SACOG,24.3
06067008204,SACOG,24.3
06067008203,SACOG,24.3
06067009308,SACOG,24.3
06067009307,SACOG,24.3
06067007011,SACOG,24.3
06067009314,SACOG,24.3
06067009311,SACOG,24.3
06067009618,SACOG,24.3
06067009800,SACOG,24.3
06067009900,SACOG,24.3
06039000300,SJV,26.8
06039000108,SJV,26.8
06107000702,SJV,26.8
06107000202,SJV,26.8
06107001602,SJV,26.8
06107000502,SJV,26.8
06107000600,SJV,26.8
06107001502,SJV,26.8
06107002009,SJV,26.8
06107001701,SJV,26.8
06107001006,SJV,26.8
06107001302,SJV,26.8
06107000301,SJV,26.8
06115040303,SACOG,24.3
06115040302,SACOG,24.3
06115040301,SACOG,24.3
06115041100,SACOG,24.3
06115040800,SACOG,24.3
06115040600,SACOG,24.3
06115040500,SACOG,24.3
06115041000,SACOG,24.3
06115040200,SACOG,24.3
06115040100,SACOG,24.3
06115040902,SACOG,24.3
06115040901,SACOG,24.3
06115040700,SACOG,24.3
06115040400,SACOG,24.3
06107001601,SJV,26.8
06107001301,SJV,26.8
06107000302,SJV,26.8
06107000100,SJV,26.8
06107001400,SJV,26.8
06107000402,SJV,26.8
06107002602,SJV,26.8
06107004300,SJV,26.8
06107002903,SJV,26.8
06107000401,SJV,26.8
06107002203,SJV,26.8
06107003501,SJV,26.8
06107003502,SJV,26.8
06107002204,SJV,26.8
06107002002,SJV,26.8
06107002003,SJV,26.8
06107001100,SJV,26.8
06107001901,SJV,26.8
06107002008,SJV,26.8
06107001005,SJV,26.8
06107001200,SJV,26.8
06107001003,SJV,26.8
06107002006,SJV,26.8
06107003002,SJV,26.8
06107002303,SJV,26.8
06107003001,SJV,26.8
06107002904,SJV,26.8
06107002302,SJV,26.8
06107002601,SJV,26.8
06107003100,SJV,26.8
06107002100,SJV,26.8
06107003902,SJV,26.8
06107004000,SJV,26.8
06107004102,SJV,26.8
06107001704,SJV,26.8
06107002901,SJV,26.8
06107002004,SJV,26.8
06107003801,SJV,26.8
06107003601,SJV,26.8
06107001703,SJV,26.8
06107003602,SJV,26.8
06107000701,SJV,26.8
06107001004,SJV,26.8
06107000201,SJV,26.8
06107002800,SJV,26.8
06107003400,SJV,26.8
06107003901,SJV,26.8
06107004101,SJV,26.8
06107000501,SJV,26.8
06107002304,SJV,26.8
06107002500,SJV,26.8
06107002700,SJV,26.8
06107003802,SJV,26.8
06107002007,SJV,26.8
06107001902,SJV,26.8
06107001800,SJV,26.8
06107002400,SJV,26.8
06107003300,SJV,26.8
06107000800,SJV,26.8
06107003700,SJV,26.8
06107001501,SJV,26.8
06107000900,SJV,26.8
06107004200,SJV,26.8
06107004500,SJV,26.8
06107003200,SJV,26.8
06107004400,SJV,26.8
06107002202,SJV,26.8
06073002702,SANDAG,22.1
06073002710,SANDAG,22.1
06073002707,SANDAG,22.1
06073002705,SANDAG,22.1
06073002202,SANDAG,22.1
06073002601,SANDAG,22.1
06073008352,SANDAG,22.1
06073008353,SANDAG,22.1
06073008354,SANDAG,22.1
06073008355,SANDAG,22.1
06073008356,SANDAG,22.1
06073018000,SANDAG,22.1
06073018100,SANDAG,22.1
06073018200,SANDAG,22.1
06073018300,SANDAG,22.1
06073019106,SANDAG,22.1
06073019107,SANDAG,22.1
06073019203,SANDAG,22.1
06073019205,SANDAG,22.1
06073019206,SANDAG,22.1
06073019207,SANDAG,22.1
06073019208,SANDAG,22.1
06073019301,SANDAG,22.1
06073009102,SANDAG,22.1
06073008800,SANDAG,22.1
06073009103,SANDAG,22.1
06073009201,SANDAG,22.1
06073009000,SANDAG,22.1
06073007907,SANDAG,22.1
06073007702,SANDAG,22.1
06073007701,SANDAG,22.1
06073003305,SANDAG,22.1
06073002712,SANDAG,22.1
06073009802,SANDAG,22.1
06073002804,SANDAG,22.1
06073000500,SANDAG,22.1
06073007200,SANDAG,22.1
06073013702,SANDAG,22.1
06073010200,SANDAG,22.1
06073002302,SANDAG,22.1
06073002703,SANDAG,22.1
06073002002,SANDAG,22.1
06073002001,SANDAG,22.1
06073008357,SANDAG,22.1
06073008358,SANDAG,22.1
06073008359,SANDAG,22.1
06073008360,SANDAG,22.1
06073009101,SANDAG,22.1
06073018400,SANDAG,22.1
06073018504,SANDAG,22.1
06073018507,SANDAG,22.1
06073018509,SANDAG,22.1
06073018510,SANDAG,22.1
06073018511,SANDAG,22.1
06073018512,SANDAG,22.1
06073018513,SANDAG,22.1
06073018514,SANDAG,22.1
06073019302,SANDAG,22.1
06073019303,SANDAG,22.1
06073019403,SANDAG,22.1
06073019404,SANDAG,22.1
06073019405,SANDAG,22.1
06073019406,SANDAG,22.1
06073019501,SANDAG,22.1
06073000202,SANDAG,22.1
06073021205,SANDAG,22.1
06073020309,SANDAG,22.1
06073020308,SANDAG,22.1
06073020214,SANDAG,22.1
06073020213,SANDAG,22.1
06073020029,SANDAG,22.1
06073019809,SANDAG,22.1
06073013306,SANDAG,22.1
06073013505,SANDAG,22.1
06073009901,SANDAG,22.1
06073014602,SANDAG,22.1
06073010005,SANDAG,22.1
06073008512,SANDAG,22.1
06073008502,SANDAG,22.1
06073002100,SANDAG,22.1
06073002402,SANDAG,22.1
06073004100,SANDAG,22.1
06073002201,SANDAG,22.1
06073002401,SANDAG,22.1
06073001600,SANDAG,22.1
06073009104,SANDAG,22.1
06073009400,SANDAG,22.1
06073009502,SANDAG,22.1
06073009504,SANDAG,22.1
06073009505,SANDAG,22.1
06073009506,SANDAG,22.1
06073009507,SANDAG,22.1
06073009509,SANDAG,22.1
06073009602,SANDAG,22.1
06073009604,SANDAG,22.1
06073018515,SANDAG,22.1
06073018516,SANDAG,22.1
06073018517,SANDAG,22.1
06073018518,SANDAG,22.1
06073019502,SANDAG,22.1
06073019503,SANDAG,22.1
06073019601,SANDAG,22.1
06073019602,SANDAG,22.1
06073019701,SANDAG,22.1
06073019702,SANDAG,22.1
06073019803,SANDAG,22.1
06073019804,SANDAG,22.1
06073019805,SANDAG,22.1
06073019806,SANDAG,22.1
06073019902,SANDAG,22.1
06073019903,SANDAG,22.1
06073019904,SANDAG,22.1
06073019905,SANDAG,22.1
06073020013,SANDAG,22.1
06073020014,SANDAG,22.1
06073020015,SANDAG,22.1
06073020016,SANDAG,22.1
06073020017,SANDAG,22.1
06073018614,SANDAG,22.1
06073017056,SANDAG,22.1
06073017055,SANDAG,22.1
06073017052,SANDAG,22.1
06073008507,SANDAG,22.1
06073013417,SANDAG,22.1
06073009107,SANDAG,22.1
06073021100,SANDAG,22.1
06073008509,SANDAG,22.1
06073002501,SANDAG,22.1
06073001300,SANDAG,22.1
06073001200,SANDAG,22.1
06073004300,SANDAG,22.1
06073001700,SANDAG,22.1
06073001400,SANDAG,22.1
06073009703,SANDAG,22.1
06073009704,SANDAG,22.1
06073009705,SANDAG,22.1
06073009706,SANDAG,22.1
06073009801,SANDAG,22.1
06073009804,SANDAG,22.1
06073009805,SANDAG,22.1
06073020018,SANDAG,22.1
06073020019,SANDAG,22.1
06073020020,SANDAG,22.1
06073020021,SANDAG,22.1
06073020022,SANDAG,22.1
06073020023,SANDAG,22.1
06073020024,SANDAG,22.1
06073020025,SANDAG,22.1
06073020103,SANDAG,22.1
06073020105,SANDAG,22.1
06073007501,SANDAG,22.1
06073007502,SANDAG,22.1
06073007600,SANDAG,22.1
06073007800,SANDAG,22.1
06073007903,SANDAG,22.1
06073008002,SANDAG,22.1
06073008101,SANDAG,22.1
06073008102,SANDAG,22.1
06073014002,SANDAG,22.1
06073011700,SANDAG,22.1
06073012003,SANDAG,22.1
06073002709,SANDAG,22.1
06073001800,SANDAG,22.1
06073001500,SANDAG,22.1
06073001000,SANDAG,22.1
06073005600,SANDAG,22.1
06073010012,SANDAG,22.1
06073002301,SANDAG,22.1
06073014804,SANDAG,22.1
06073016201,SANDAG,22.1
06073016401,SANDAG,22.1
06073016502,SANDAG,22.1
06073016605,SANDAG,22.1
06073016606,SANDAG,22.1
06073016607,SANDAG,22.1
06073020106,SANDAG,22.1
06073020107,SANDAG,22.1
06073020108,SANDAG,22.1
06073020109,SANDAG,22.1
06073020202,SANDAG,22.1
06073020206,SANDAG,22.1
06073008200,SANDAG,22.1
06073008301,SANDAG,22.1
06073008303,SANDAG,22.1
06073008305,SANDAG,22.1
06073008306,SANDAG,22.1
06073008307,SANDAG,22.1
06073008310,SANDAG,22.1
06073008311,SANDAG,22.1
06073008312,SANDAG,22.1
06073008313,SANDAG,22.1
06073008324,SANDAG,22.1
06073003103,SANDAG,22.1
06073003101,SANDAG,22.1
06073008600,SANDAG,22.1
06073006300,SANDAG,22.1
06073013309,SANDAG,22.1
06073002708,SANDAG,22.1
06073003213,SANDAG,22.1
06073013000,SANDAG,22.1
06073016100,SANDAG,22.1
06073016608,SANDAG,22.1
06073016609,SANDAG,22.1
06073016610,SANDAG,22.1
06073016612,SANDAG,22.1
06073016613,SANDAG,22.1
06073020207,SANDAG,22.1
06073020208,SANDAG,22.1
06073020209,SANDAG,22.1
06073020210,SANDAG,22.1
06073020211,SANDAG,22.1
06073020304,SANDAG,22.1
06073020305,SANDAG,22.1
06073020306,SANDAG,22.1
06073020307,SANDAG,22.1
06073020401,SANDAG,22.1
06073020403,SANDAG,22.1
06073020404,SANDAG,22.1
06073020405,SANDAG,22.1
06073020500,SANDAG,22.1
06073008327,SANDAG,22.1
06073008328,SANDAG,22.1
06073008329,SANDAG,22.1
06073008330,SANDAG,22.1
06073008331,SANDAG,22.1
06073008333,SANDAG,22.1
06073008335,SANDAG,22.1
06073008336,SANDAG,22.1
06073003202,SANDAG,22.1
06073013412,SANDAG,22.1
06073003115,SANDAG,22.1
06073006802,SANDAG,22.1
06073013204,SANDAG,22.1
06073013504,SANDAG,22.1
06073010110,SANDAG,22.1
06073008503,SANDAG,22.1
06073002502,SANDAG,22.1
06073015902,SANDAG,22.1
06073015200,SANDAG,22.1
06073015000,SANDAG,22.1
06073013601,SANDAG,22.1
06073002904,SANDAG,22.1
06073016614,SANDAG,22.1
06073016615,SANDAG,22.1
06073016616,SANDAG,22.1
06073016617,SANDAG,22.1
06073016701,SANDAG,22.1
06073016702,SANDAG,22.1
06073016802,SANDAG,22.1
06073016804,SANDAG,22.1
06073016806,SANDAG,22.1
06073016807,SANDAG,22.1
06073016809,SANDAG,22.1
06073020601,SANDAG,22.1
06073020602,SANDAG,22.1
06073020705,SANDAG,22.1
06073020706,SANDAG,22.1
06073020707,SANDAG,22.1
06073020708,SANDAG,22.1
06073020709,SANDAG,22.1
06073020710,SANDAG,22.1
06073020801,SANDAG,22.1
06073020805,SANDAG,22.1
06073020806,SANDAG,22.1
06073020807,SANDAG,22.1
06073020809,SANDAG,22.1
06073020903,SANDAG,22.1
06063000501,Plumas_RTPA,29.2
06073020904,SANDAG,22.1
06063000502,Plumas_RTPA,29.2
06063000100,Plumas_RTPA,29.2
06073021000,SANDAG,22.1
06073008337,SANDAG,22.1
06073008339,SANDAG,22.1
06073008340,SANDAG,22.1
06073008501,SANDAG,22.1
06073009603,SANDAG,22.1
06073008511,SANDAG,22.1
06073013906,SANDAG,22.1
06073014101,SANDAG,22.1
06073000700,SANDAG,22.1
06073016000,SANDAG,22.1
06073002803,SANDAG,22.1
06073007302,SANDAG,22.1
06073015502,SANDAG,22.1
06073012304,SANDAG,22.1
06073014500,SANDAG,22.1
06073014102,SANDAG,22.1
06073013311,SANDAG,22.1
06073000800,SANDAG,22.1
06073000900,SANDAG,22.1
06073016810,SANDAG,22.1
06073016811,SANDAG,22.1
06073016901,SANDAG,22.1
06073016902,SANDAG,22.1
06073017006,SANDAG,22.1
06073017009,SANDAG,22.1
06073017010,SANDAG,22.1
06073013312,SANDAG,22.1
06073013415,SANDAG,22.1
06073013908,SANDAG,22.1
06073013905,SANDAG,22.1
06073013907,SANDAG,22.1
06073010111,SANDAG,22.1
06073013103,SANDAG,22.1
06073010106,SANDAG,22.1
06073010107,SANDAG,22.1
06073012800,SANDAG,22.1
06073014001,SANDAG,22.1
06073002801,SANDAG,22.1
06073010004,SANDAG,22.1
06073010003,SANDAG,22.1
06073015100,SANDAG,22.1
06073004200,SANDAG,22.1
06073011100,SANDAG,22.1
06073003204,SANDAG,22.1
06073012700,SANDAG,22.1
06073010104,SANDAG,22.1
06073015405,SANDAG,22.1
06073017014,SANDAG,22.1
06073017015,SANDAG,22.1
06073017018,SANDAG,22.1
06073017019,SANDAG,22.1
06073017020,SANDAG,22.1
06073017021,SANDAG,22.1
06073017022,SANDAG,22.1
06073017029,SANDAG,22.1
06073017030,SANDAG,22.1
06073017031,SANDAG,22.1
06073017032,SANDAG,22.1
06073017033,SANDAG,22.1
06073003108,SANDAG,22.1
06073013802,SANDAG,22.1
06073003105,SANDAG,22.1
06073010013,SANDAG,22.1
06073013303,SANDAG,22.1
06073010112,SANDAG,22.1
06073014200,SANDAG,22.1
06073011601,SANDAG,22.1
06073011801,SANDAG,22.1
06073003502,SANDAG,22.1
06073003501,SANDAG,22.1
06073003301,SANDAG,22.1
06073003111,SANDAG,22.1
06073010103,SANDAG,22.1
06073009304,SANDAG,22.1
06073001100,SANDAG,22.1
06073000600,SANDAG,22.1
06073009202,SANDAG,22.1
06073008702,SANDAG,22.1
06073008701,SANDAG,22.1
06073003107,SANDAG,22.1
06073021204,SANDAG,22.1
06073015601,SANDAG,22.1
06073021202,SANDAG,22.1
06073020902,SANDAG,22.1
06073003113,SANDAG,22.1
06073013418,SANDAG,22.1
06073013606,SANDAG,22.1
06073017034,SANDAG,22.1
06073017035,SANDAG,22.1
06073017036,SANDAG,22.1
06073017037,SANDAG,22.1
06073010001,SANDAG,22.1
06073013203,SANDAG,22.1
06073012402,SANDAG,22.1
06073010402,SANDAG,22.1
06073012900,SANDAG,22.1
06073013313,SANDAG,22.1
06073013310,SANDAG,22.1
06073013314,SANDAG,22.1
06073010014,SANDAG,22.1
06073009511,SANDAG,22.1
06073008366,SANDAG,22.1
06073008365,SANDAG,22.1
06073008364,SANDAG,22.1
06073008363,SANDAG,22.1
06073017053,SANDAG,22.1
06073003901,SANDAG,22.1
06073013903,SANDAG,22.1
06073014400,SANDAG,22.1
06073012302,SANDAG,22.1
06073003401,SANDAG,22.1
06073008513,SANDAG,22.1
06073013414,SANDAG,22.1
06073008510,SANDAG,22.1
06073008505,SANDAG,22.1
06073013205,SANDAG,22.1
06073008504,SANDAG,22.1
06073007100,SANDAG,22.1
06073010401,SANDAG,22.1
06073010011,SANDAG,22.1
06073014601,SANDAG,22.1
06073010010,SANDAG,22.1
06073013301,SANDAG,22.1
06073010502,SANDAG,22.1
06073017039,SANDAG,22.1
06073017040,SANDAG,22.1
06073017041,SANDAG,22.1
06073017042,SANDAG,22.1
06073017043,SANDAG,22.1
06073017044,SANDAG,22.1
06073017045,SANDAG,22.1
06073017046,SANDAG,22.1
06073017047,SANDAG,22.1
06073017048,SANDAG,22.1
06073017049,SANDAG,22.1
06073003214,SANDAG,22.1
06073012600,SANDAG,22.1
06073003114,SANDAG,22.1
06073013401,SANDAG,22.1
06073014806,SANDAG,22.1
06073014805,SANDAG,22.1
06073007908,SANDAG,22.1
06073003304,SANDAG,22.1
06073002711,SANDAG,22.1
06073003800,SANDAG,22.1
06073011602,SANDAG,22.1
06073013506,SANDAG,22.1
06073013416,SANDAG,22.1
06073004501,SANDAG,22.1
06073013909,SANDAG,22.1
06073007002,SANDAG,22.1
06073013307,SANDAG,22.1
06073006500,SANDAG,22.1
06073005800,SANDAG,22.1
06073013503,SANDAG,22.1
06073013104,SANDAG,22.1
06073013308,SANDAG,22.1
06073011300,SANDAG,22.1
06073012303,SANDAG,22.1
06073000100,SANDAG,22.1
06073013701,SANDAG,22.1
06073012101,SANDAG,22.1
06073013801,SANDAG,22.1
06073008506,SANDAG,22.1
06073021302,SANDAG,22.1
06073017050,SANDAG,22.1
06073017104,SANDAG,22.1
06073017106,SANDAG,22.1
06073017107,SANDAG,22.1
06073012102,SANDAG,22.1
06073010009,SANDAG,22.1
06073003603,SANDAG,22.1
06073003602,SANDAG,22.1
06073003404,SANDAG,22.1
06073004800,SANDAG,22.1
06073000201,SANDAG,22.1
06073017054,SANDAG,22.1
06073014902,SANDAG,22.1
06073007910,SANDAG,22.1
06073007905,SANDAG,22.1
06073017813,SANDAG,22.1
06073017110,SANDAG,22.1
06073017109,SANDAG,22.1
06073017051,SANDAG,22.1
06073021500,SANDAG,22.1
06073021206,SANDAG,22.1
06073020811,SANDAG,22.1
06073010900,SANDAG,22.1
06073012200,SANDAG,22.1
06073005100,SANDAG,22.1
06073005300,SANDAG,22.1
06073006000,SANDAG,22.1
06073003601,SANDAG,22.1
06073003902,SANDAG,22.1
06073004900,SANDAG,22.1
06073004600,SANDAG,22.1
06073007301,SANDAG,22.1
06073002905,SANDAG,22.1
06073003212,SANDAG,22.1
06073010501,SANDAG,22.1
06073003208,SANDAG,22.1
06073002903,SANDAG,22.1
06073017108,SANDAG,22.1
06073017200,SANDAG,22.1
06073017303,SANDAG,22.1
06073017304,SANDAG,22.1
06073002602,SANDAG,22.1
06073004700,SANDAG,22.1
06073010800,SANDAG,22.1
06073005500,SANDAG,22.1
06073000300,SANDAG,22.1
06073000400,SANDAG,22.1
06073016504,SANDAG,22.1
06073016503,SANDAG,22.1
06073014901,SANDAG,22.1
06073019808,SANDAG,22.1
06073013421,SANDAG,22.1
06073013420,SANDAG,22.1
06073006900,SANDAG,22.1
06073010300,SANDAG,22.1
06073005700,SANDAG,22.1
06073006200,SANDAG,22.1
06073015704,SANDAG,22.1
06073012002,SANDAG,22.1
06073008902,SANDAG,22.1
06073006100,SANDAG,22.1
06073003109,SANDAG,22.1
06073004000,SANDAG,22.1
06073003403,SANDAG,22.1
06073001900,SANDAG,22.1
06073003207,SANDAG,22.1
06073009902,SANDAG,22.1
06073010601,SANDAG,22.1
06073013410,SANDAG,22.1
06073021304,SANDAG,22.1
06073012401,SANDAG,22.1
06073011902,SANDAG,22.1
06073013409,SANDAG,22.1
06073005200,SANDAG,22.1
06073021303,SANDAG,22.1
06073013419,SANDAG,22.1
06073015403,SANDAG,22.1
06073017305,SANDAG,22.1
06073017306,SANDAG,22.1
06073017401,SANDAG,22.1
06073017403,SANDAG,22.1
06073017404,SANDAG,22.1
06073017501,SANDAG,22.1
06073005900,SANDAG,22.1
06063000202,Plumas_RTPA,29.2
06073006600,SANDAG,22.1
06073013102,SANDAG,22.1
06073013302,SANDAG,22.1
06073006801,SANDAG,22.1
06063000201,Plumas_RTPA,29.2
06063000400,Plumas_RTPA,29.2
06063000300,Plumas_RTPA,29.2
06073012502,SANDAG,22.1
06073012501,SANDAG,22.1
06073009510,SANDAG,22.1
06073018613,SANDAG,22.1
06073020028,SANDAG,22.1
06073020026,SANDAG,22.1
06073013206,SANDAG,22.1
06073003004,SANDAG,22.1
06073010109,SANDAG,22.1
06073007400,SANDAG,22.1
06073015501,SANDAG,22.1
06073015602,SANDAG,22.1
06073005000,SANDAG,22.1
06073016402,SANDAG,22.1
06073009106,SANDAG,22.1
06073003201,SANDAG,22.1
06073009301,SANDAG,22.1
06073003112,SANDAG,22.1
06073011000,SANDAG,22.1
06073011802,SANDAG,22.1
06073014300,SANDAG,22.1
06073008341,SANDAG,22.1
06073008343,SANDAG,22.1
06073017502,SANDAG,22.1
06073017601,SANDAG,22.1
06073017603,SANDAG,22.1
06073017604,SANDAG,22.1
06073017701,SANDAG,22.1
06073017702,SANDAG,22.1
06073018519,SANDAG,22.1
06073018601,SANDAG,22.1
06073018603,SANDAG,22.1
06073018608,SANDAG,22.1
06073015404,SANDAG,22.1
06073015301,SANDAG,22.1
06073015701,SANDAG,22.1
06073016301,SANDAG,22.1
06073015703,SANDAG,22.1
06073015901,SANDAG,22.1
06073009306,SANDAG,22.1
06073009305,SANDAG,22.1
06073008362,SANDAG,22.1
06073008361,SANDAG,22.1
06073008006,SANDAG,22.1
06073013604,SANDAG,22.1
06073013411,SANDAG,22.1
06073003303,SANDAG,22.1
06073016302,SANDAG,22.1
06073015802,SANDAG,22.1
06073013605,SANDAG,22.1
06073015302,SANDAG,22.1
06073014803,SANDAG,22.1
06073002902,SANDAG,22.1
06073003209,SANDAG,22.1
06073003211,SANDAG,22.1
06073004400,SANDAG,22.1
06073014700,SANDAG,22.1
06073008344,SANDAG,22.1
06073008345,SANDAG,22.1
06073008346,SANDAG,22.1
06073008347,SANDAG,22.1
06073008348,SANDAG,22.1
06073008349,SANDAG,22.1
06073008350,SANDAG,22.1
06073008351,SANDAG,22.1
06073017801,SANDAG,22.1
06073017808,SANDAG,22.1
06073017809,SANDAG,22.1
06073017810,SANDAG,22.1
06073017811,SANDAG,22.1
06073017900,SANDAG,22.1
06073018609,SANDAG,22.1
06073018610,SANDAG,22.1
06073018611,SANDAG,22.1
06073018612,SANDAG,22.1
06073018700,SANDAG,22.1
06073018801,SANDAG,22.1
06073018802,SANDAG,22.1
06073018803,SANDAG,22.1
06073018903,SANDAG,22.1
06073018904,SANDAG,22.1
06073018905,SANDAG,22.1
06073018906,SANDAG,22.1
06073019001,SANDAG,22.1
06073019002,SANDAG,22.1
06073019101,SANDAG,22.1
06073019103,SANDAG,22.1
06073019105,SANDAG,22.1
06073015801,SANDAG,22.1
06073016202,SANDAG,22.1
06073003001,SANDAG,22.1
06073005400,SANDAG,22.1
06073015406,SANDAG,22.1
06073008901,SANDAG,22.1
06073003003,SANDAG,22.1
06073008003,SANDAG,22.1
06073021900,SANDAG,22.1
06073020810,SANDAG,22.1
06073020027,SANDAG,22.1
06073010015,SANDAG,22.1
06073022100,SANDAG,22.1
06073022000,SANDAG,22.1
06073021800,SANDAG,22.1
06073021600,SANDAG,22.1
06073021400,SANDAG,22.1
06099003606,SJV,26.8
06099002401,SJV,26.8
06099002402,SJV,26.8
06099002005,SJV,26.8
06099002006,SJV,26.8
06099002503,SJV,26.8
06099002504,SJV,26.8
06099000510,SJV,26.8
06099001700,SJV,26.8
06099002603,SJV,26.8
06099002604,SJV,26.8
06099003803,SJV,26.8
06099003905,SJV,26.8
06099003909,SJV,26.8
06099000908,SJV,26.8
06099003908,SJV,26.8
06099000301,SJV,26.8
06099002302,SJV,26.8
06099003300,SJV,26.8
06099003400,SJV,26.8
06099001200,SJV,26.8
06099000806,SJV,26.8
06099000910,SJV,26.8
06099001900,SJV,26.8
06099000909,SJV,26.8
06099003202,SJV,26.8
06069000801,AMBAG,23.5
06069000701,AMBAG,23.5
06069000501,AMBAG,23.5
06099001100,SJV,26.8
06099002004,SJV,26.8
06099001001,SJV,26.8
06099000501,SJV,26.8
06099000805,SJV,26.8
06099000503,SJV,26.8
06099003500,SJV,26.8
06099003907,SJV,26.8
06099002602,SJV,26.8
06099002605,SJV,26.8
06099001601,SJV,26.8
06099001400,SJV,26.8
06069000502,AMBAG,23.5
06069000702,AMBAG,23.5
06069000802,AMBAG,23.5
06069000200,AMBAG,23.5
06069000100,AMBAG,23.5
06069000600,AMBAG,23.5
06069000400,AMBAG,23.5
06069000300,AMBAG,23.5
06099002701,SJV,26.8
06099002501,SJV,26.8
06099003201,SJV,26.8
06099003802,SJV,26.8
06099000201,SJV,26.8
06099001604,SJV,26.8
06099000906,SJV,26.8
06099003603,SJV,26.8
06099002802,SJV,26.8
06099001800,SJV,26.8
06099000203,SJV,26.8
06099002702,SJV,26.8
06099000302,SJV,26.8
06099002803,SJV,26.8
06099002200,SJV,26.8
06099000102,SJV,26.8
06099000504,SJV,26.8
06099000602,SJV,26.8
06099001002,SJV,26.8
06099000601,SJV,26.8
06099000912,SJV,26.8
06099000506,SJV,26.8
06099000101,SJV,26.8
06099000905,SJV,26.8
06099003604,SJV,26.8
06099003700,SJV,26.8
06099003001,SJV,26.8
06099000803,SJV,26.8
06099000911,SJV,26.8
06099000505,SJV,26.8
06099002801,SJV,26.8
06089011209,SRTA,27.2
06089010806,SRTA,27.2
06089012603,SRTA,27.2
06089012101,SRTA,27.2
06089011001,SRTA,27.2
06089011702,SRTA,27.2
06089011701,SRTA,27.2
06089011802,SRTA,27.2
06089011801,SRTA,27.2
06089011403,SRTA,27.2
06089011401,SRTA,27.2
06089010805,SRTA,27.2
06099002901,SJV,26.8
06099003002,SJV,26.8
06099000303,SJV,26.8
06099000304,SJV,26.8
06099000907,SJV,26.8
06099002100,SJV,26.8
06099003100,SJV,26.8
06089010803,SRTA,27.2
06089010703,SRTA,27.2
06089010602,SRTA,27.2
06089010601,SRTA,27.2
06089012604,SRTA,27.2
06089012102,SRTA,27.2
06089011402,SRTA,27.2
06089011803,SRTA,27.2
06089011703,SRTA,27.2
06089010807,SRTA,27.2
06089011002,SRTA,27.2
06089010603,SRTA,27.2
06089010804,SRTA,27.2
06089010704,SRTA,27.2
06099000202,SJV,26.8
06099001500,SJV,26.8
06099003906,SJV,26.8
06099001603,SJV,26.8
06099002902,SJV,26.8
06099000402,SJV,26.8
06099000404,SJV,26.8
06089012601,SRTA,27.2
06089010702,SRTA,27.2
06089012400,SRTA,27.2
06089012500,SRTA,27.2
06089011300,SRTA,27.2
06089011100,SRTA,27.2
06089010500,SRTA,27.2
06089010400,SRTA,27.2
06089010200,SRTA,27.2
06099002002,SJV,26.8
06099002301,SJV,26.8
06099000403,SJV,26.8
06099003904,SJV,26.8
06099000807,SJV,26.8
06099001300,SJV,26.8
06099000801,SJV,26.8
06089010100,SRTA,27.2
06089012303,SRTA,27.2
06089012302,SRTA,27.2
06089012200,SRTA,27.2
06089012000,SRTA,27.2
06089011900,SRTA,27.2
06089011600,SRTA,27.2
06089011500,SRTA,27.2
06089010900,SRTA,27.2
06089012702,SRTA,27.2
06089010300,SRTA,27.2
06089012701,SRTA,27.2
06089012301,SRTA,27.2
06099004000,SJV,26.8
06099003605,SJV,26.8
06099003804,SJV,26.8
06099003805,SJV,26.8
06019005801,SJV,26.8
06019005904,SJV,26.8
06019005515,SJV,26.8
06019005605,SJV,26.8
06019005504,SJV,26.8
06019005202,SJV,26.8
06019005000,SJV,26.8
06019005701,SJV,26.8
06019005514,SJV,26.8
06019005602,SJV,26.8
06041102202,MTC,19.4
06041106001,MTC,19.4
06041132100,MTC,19.4
06041104300,MTC,19.4
06041128100,MTC,19.4
06041123000,MTC,19.4
06041129000,MTC,19.4
06019004703,SJV,26.8
06019004601,SJV,26.8
06019004506,SJV,26.8
06019004505,SJV,26.8
06019004504,SJV,26.8
06041128200,MTC,19.4
06041127000,MTC,19.4
06041126200,MTC,19.4
06041126100,MTC,19.4
06041125000,MTC,19.4
06041124200,MTC,19.4
06041124100,MTC,19.4
06041112100,MTC,19.4
06041111000,MTC,19.4
06041110200,MTC,19.4
06041110100,MTC,19.4
06041108200,MTC,19.4
06041108100,MTC,19.4
06041107000,MTC,19.4
06041106002,MTC,19.4
06041117000,MTC,19.4
06041116000,MTC,19.4
06041118100,MTC,19.4
06041119100,MTC,19.4
06041121100,MTC,19.4
06041122000,MTC,19.4
06041121200,MTC,19.4
06041120000,MTC,19.4
06041115000,MTC,19.4
06041114200,MTC,19.4
06041114100,MTC,19.4
06041133000,MTC,19.4
06041132200,MTC,19.4
06041113000,MTC,19.4
06041104102,MTC,19.4
06019004503,SJV,26.8
06019004303,SJV,26.8
06019004302,SJV,26.8
06019004301,SJV,26.8
06019005503,SJV,26.8
06019004210,SJV,26.8
06019003803,SJV,26.8
06041105000,MTC,19.4
06041104200,MTC,19.4
06041104101,MTC,19.4
06041103200,MTC,19.4
06041103100,MTC,19.4
06041102100,MTC,19.4
06041101200,MTC,19.4
06041101100,MTC,19.4
06019003805,SJV,26.8
06019004211,SJV,26.8
06019003804,SJV,26.8
06019003201,SJV,26.8
06019003102,SJV,26.8
06019004701,SJV,26.8
06019002702,SJV,26.8
06019002701,SJV,26.8
06019001301,SJV,26.8
06019007801,SJV,26.8
06019003701,SJV,26.8
06019005203,SJV,26.8
06019005409,SJV,26.8
06019002000,SJV,26.8
06019001900,SJV,26.8
06019001800,SJV,26.8
06019001500,SJV,26.8
06019001000,SJV,26.8
06019000800,SJV,26.8
06019000700,SJV,26.8
06019001700,SJV,26.8
06043000302,MCLTC,28.2
06043000301,MCLTC,28.2
06043000101,MCLTC,28.2
06043000102,MCLTC,28.2
06043000400,MCLTC,28.2
06043000200,MCLTC,28.2
06019005607,SJV,26.8
06019001413,SJV,26.8
06019007901,SJV,26.8
06019000501,SJV,26.8
06019006502,SJV,26.8
06019005516,SJV,26.8
06019001600,SJV,26.8
06019008402,SJV,26.8
06019008401,SJV,26.8
06019008100,SJV,26.8
06019008000,SJV,26.8
06019007600,SJV,26.8
06019007500,SJV,26.8
06019001201,SJV,26.8
06019007201,SJV,26.8
06019007202,SJV,26.8
06019005512,SJV,26.8
06019004001,SJV,26.8
06019003103,SJV,26.8
06019002903,SJV,26.8
06019001303,SJV,26.8
06019007802,SJV,26.8
06019008502,SJV,26.8
06019008501,SJV,26.8
06019005513,SJV,26.8
06019005509,SJV,26.8
06019005510,SJV,26.8
06019005508,SJV,26.8
06019004212,SJV,26.8
06019004602,SJV,26.8
06019006603,SJV,26.8
06019006604,SJV,26.8
06019006501,SJV,26.8
06019006202,SJV,26.8
06019006201,SJV,26.8
06019005905,SJV,26.8
06019002501,SJV,26.8
06019003202,SJV,26.8
06019005305,SJV,26.8
06019006403,SJV,26.8
06019006402,SJV,26.8
06019007002,SJV,26.8
06019007300,SJV,26.8
06019007100,SJV,26.8
06019007004,SJV,26.8
06019008301,SJV,26.8
06019008200,SJV,26.8
06003010000,Alpine_RTPA,27.3
06019005907,SJV,26.8
06019005909,SJV,26.8
06019005911,SJV,26.8
06019005912,SJV,26.8
06019006405,SJV,26.8
06019005906,SJV,26.8
06019006404,SJV,26.8
06019005524,SJV,26.8
06019005522,SJV,26.8
06019006100,SJV,26.8
06019006000,SJV,26.8
06019007700,SJV,26.8
06019006602,SJV,26.8
06019006300,SJV,26.8
06019006700,SJV,26.8
06019006900,SJV,26.8
06019006802,SJV,26.8
06019008302,SJV,26.8
06019007400,SJV,26.8
06019004100,SJV,26.8
06019003900,SJV,26.8
06019005407,SJV,26.8
06019005525,SJV,26.8
06019005520,SJV,26.8
06019005518,SJV,26.8
06019005608,SJV,26.8
06019005410,SJV,26.8
06019004408,SJV,26.8
06019005406,SJV,26.8
06019005405,SJV,26.8
06019005403,SJV,26.8
06019005304,SJV,26.8
06019005606,SJV,26.8
06019004207,SJV,26.8
06019005517,SJV,26.8
06019004213,SJV,26.8
06019004214,SJV,26.8
06019004409,SJV,26.8
06019007902,SJV,26.8
06019003810,SJV,26.8
06019005302,SJV,26.8
06019005301,SJV,26.8
06019005100,SJV,26.8
06019004704,SJV,26.8
06019004404,SJV,26.8
06019005507,SJV,26.8
06019003809,SJV,26.8
06019003807,SJV,26.8
06019003702,SJV,26.8
06019004802,SJV,26.8
06019004901,SJV,26.8
06019005204,SJV,26.8
06019002906,SJV,26.8
06019005505,SJV,26.8
06019004205,SJV,26.8
06019004208,SJV,26.8
06019004406,SJV,26.8
06019004405,SJV,26.8
06019003301,SJV,26.8
06019003302,SJV,26.8
06019004902,SJV,26.8
06019004801,SJV,26.8
06019003808,SJV,26.8
06019004002,SJV,26.8
06019003600,SJV,26.8
06019003500,SJV,26.8
06019003400,SJV,26.8
06019002800,SJV,26.8
06019003001,SJV,26.8
06019002905,SJV,26.8
06019001409,SJV,26.8
06019003004,SJV,26.8
06019002904,SJV,26.8
06019001412,SJV,26.8
06019001411,SJV,26.8
06019003003,SJV,26.8
06019005805,SJV,26.8
06019002601,SJV,26.8
06019002502,SJV,26.8
06019002400,SJV,26.8
06019002300,SJV,26.8
06019002200,SJV,26.8
06019002100,SJV,26.8
06019005804,SJV,26.8
06019003104,SJV,26.8
06019001407,SJV,26.8
06019004216,SJV,26.8
06019004215,SJV,26.8
06019001414,SJV,26.8
06019001410,SJV,26.8
06019002602,SJV,26.8
06019001202,SJV,26.8
06019001100,SJV,26.8
06019000600,SJV,26.8
06019000400,SJV,26.8
06019000300,SJV,26.8
06041131100,MTC,19.4
06041119201,MTC,19.4
06041112202,MTC,19.4
06041112201,MTC,19.4
06041130202,MTC,19.4
06041130201,MTC,19.4
06019000901,SJV,26.8
06019001304,SJV,26.8
06019001408,SJV,26.8
06019000902,SJV,26.8
06019000502,SJV,26.8
06019005408,SJV,26.8
06019007003,SJV,26.8
06019000200,SJV,26.8
06019000100,SJV,26.8
06019005802,SJV,26.8
06019005704,SJV,26.8
06019005703,SJV,26.8
06019005702,SJV,26.8
06041119202,MTC,19.4
06041109002,MTC,19.4
06041109001,MTC,19.4
06041102203,MTC,19.4
06021010502,GCAG,29.1
06021010400,GCAG,29.1
06021010300,GCAG,29.1
06021010200,GCAG,29.1
06021010100,GCAG,29.1
06021010501,GCAG,29.1
06035040303,Lassen_RTPA,30.8
06035040304,Lassen_RTPA,30.8
06035040305,Lassen_RTPA,30.8
06035040200,Lassen_RTPA,30.8
06035040500,Lassen_RTPA,30.8
06035040400,Lassen_RTPA,30.8
06035040302,Lassen_RTPA,30.8
06035040600,Lassen_RTPA,30.8
06035040100,Lassen_RTPA,30.8
06015000104,DNLTC,24.8
06015000105,DNLTC,24.8
06015000201,DNLTC,24.8
06015000203,DNLTC,24.8
06015000101,DNLTC,24.8
06015000102,DNLTC,24.8
06015000202,DNLTC,24.8
06081602400,MTC,19.4
06081602300,MTC,19.4
06081602000,MTC,19.4
06081601800,MTC,19.4
06081601601,MTC,19.4
06081612100,MTC,19.4
06081611900,MTC,19.4
06081611800,MTC,19.4
06081611700,MTC,19.4
06081611300,MTC,19.4
06081610302,MTC,19.4
06079010504,SLOCOG,24.1
06079010503,SLOCOG,24.1
06079010602,SLOCOG,24.1
06079010707,SLOCOG,24.1
06079011504,SLOCOG,24.1
06079010002,SLOCOG,24.1
06079010016,SLOCOG,24.1
06079010102,SLOCOG,24.1
06079012302,SLOCOG,24.1
06079011101,SLOCOG,24.1
06079012704,SLOCOG,24.1
06079011103,SLOCOG,24.1
06079011102,SLOCOG,24.1
06079010901,SLOCOG,24.1
06079011600,SLOCOG,24.1
06079011400,SLOCOG,24.1
06079011300,SLOCOG,24.1
06079011200,SLOCOG,24.1
06079011501,SLOCOG,24.1
06079012401,SLOCOG,24.1
06079010300,SLOCOG,24.1
06079010202,SLOCOG,24.1
06079010701,SLOCOG,24.1
06079010902,SLOCOG,24.1
06079012502,SLOCOG,24.1
06079012800,SLOCOG,24.1
06079012702,SLOCOG,24.1
06079012600,SLOCOG,24.1
06079012503,SLOCOG,24.1
06079011901,SLOCOG,24.1
06079012402,SLOCOG,24.1
06079010703,SLOCOG,24.1
06079012200,SLOCOG,24.1
06081601300,MTC,19.4
06081601200,MTC,19.4
06081601000,MTC,19.4
06081600900,MTC,19.4
06081600500,MTC,19.4
06081600300,MTC,19.4
06081600100,MTC,19.4
06081613501,MTC,19.4
06081613502,MTC,19.4
06081613800,MTC,19.4
06081613700,MTC,19.4
06081613600,MTC,19.4
06081609900,MTC,19.4
06081609800,MTC,19.4
06081609700,MTC,19.4
06081609603,MTC,19.4
06081609601,MTC,19.4
06081609100,MTC,19.4
06081608900,MTC,19.4
06081607000,MTC,19.4
06081606800,MTC,19.4
06079012000,SLOCOG,24.1
06079011902,SLOCOG,24.1
06079011800,SLOCOG,24.1
06079010201,SLOCOG,24.1
06081608502,MTC,19.4
06081608501,MTC,19.4
06081608400,MTC,19.4
06081607900,MTC,19.4
06081607800,MTC,19.4
06081606700,MTC,19.4
06081605700,MTC,19.4
06081605600,MTC,19.4
06081607702,MTC,19.4
06081607701,MTC,19.4
06081607600,MTC,19.4
06081607500,MTC,19.4
06081607400,MTC,19.4
06081607300,MTC,19.4
06081607200,MTC,19.4
06081607100,MTC,19.4
06081606600,MTC,19.4
06081606500,MTC,19.4
06081606400,MTC,19.4
06055200504,MTC,19.4
06055201401,MTC,19.4
06055200706,MTC,19.4
06055201601,MTC,19.4
06055201602,MTC,19.4
06055201006,MTC,19.4
06055201005,MTC,19.4
06055201101,MTC,19.4
06055200707,MTC,19.4
06055201102,MTC,19.4
06055200601,MTC,19.4
06081984300,MTC,19.4
06081603801,MTC,19.4
06081600401,MTC,19.4
06081614000,MTC,19.4
06081606300,MTC,19.4
06081606200,MTC,19.4
06081606100,MTC,19.4
06081605900,MTC,19.4
06081605800,MTC,19.4
06081609602,MTC,19.4
06081609500,MTC,19.4
06055200602,MTC,19.4
06055200704,MTC,19.4
06055200803,MTC,19.4
06055200804,MTC,19.4
06055200705,MTC,19.4
06081613900,MTC,19.4
06081609202,MTC,19.4
06081609201,MTC,19.4
06081603802,MTC,19.4
06081601902,MTC,19.4
06081609400,MTC,19.4
06081609300,MTC,19.4
06081611200,MTC,19.4
06081611000,MTC,19.4
06081610900,MTC,19.4
06055200505,MTC,19.4
06055201007,MTC,19.4
06055201004,MTC,19.4
06055201403,MTC,19.4
06055201003,MTC,19.4
06055201402,MTC,19.4
06055200301,MTC,19.4
06055200302,MTC,19.4
06055200501,MTC,19.4
06055201500,MTC,19.4
06081601901,MTC,19.4
06081600402,MTC,19.4
06081601501,MTC,19.4
06081601502,MTC,19.4
06081602600,MTC,19.4
06081610800,MTC,19.4
06081610400,MTC,19.4
06081610203,MTC,19.4
06081610304,MTC,19.4
06081610201,MTC,19.4
06055201300,MTC,19.4
06055200802,MTC,19.4
06055200202,MTC,19.4
06055200201,MTC,19.4
06055200203,MTC,19.4
06055201200,MTC,19.4
06055200703,MTC,19.4
06055200900,MTC,19.4
06081601605,MTC,19.4
06081602200,MTC,19.4
06081602100,MTC,19.4
06081601700,MTC,19.4
06081604102,MTC,19.4
06081604000,MTC,19.4
06081610202,MTC,19.4
06081610303,MTC,19.4
06081610602,MTC,19.4
06081610100,MTC,19.4
06081610000,MTC,19.4
06055200503,MTC,19.4
06055200400,MTC,19.4
06055202000,MTC,19.4
06055201900,MTC,19.4
06055201800,MTC,19.4
06055201700,MTC,19.4
06081603700,MTC,19.4
06081602500,MTC,19.4
06081604800,MTC,19.4
06081604700,MTC,19.4
06081604500,MTC,19.4
06081603900,MTC,19.4
06081602700,MTC,19.4
06081610700,MTC,19.4
06081613000,MTC,19.4
06081610601,MTC,19.4
06081610500,MTC,19.4
06081612600,MTC,19.4
06081611600,MTC,19.4
06081601603,MTC,19.4
06081601604,MTC,19.4
06081601400,MTC,19.4
06081601100,MTC,19.4
06081606900,MTC,19.4
06081608300,MTC,19.4
06081608200,MTC,19.4
06081608100,MTC,19.4
06081608023,MTC,19.4
06081608013,MTC,19.4
06081608004,MTC,19.4
06081600800,MTC,19.4
06081600700,MTC,19.4
06081600600,MTC,19.4
06081600200,MTC,19.4
06081605500,MTC,19.4
06081608002,MTC,19.4
06081608001,MTC,19.4
06081611100,MTC,19.4
06081612000,MTC,19.4
06081606000,MTC,19.4
06081609000,MTC,19.4
06081605400,MTC,19.4
06081605200,MTC,19.4
06081605100,MTC,19.4
06081604900,MTC,19.4
06081605300,MTC,19.4
06081605000,MTC,19.4
06081604600,MTC,19.4
06081608800,MTC,19.4
06081608700,MTC,19.4
06081608600,MTC,19.4
06081612700,MTC,19.4
06079012102,SLOCOG,24.1
06079012900,SLOCOG,24.1
06079013000,SLOCOG,24.1
06079011001,SLOCOG,24.1
06079010101,SLOCOG,24.1
06079011704,SLOCOG,24.1
06079011701,SLOCOG,24.1
06079012304,SLOCOG,24.1
06081604400,MTC,19.4
06081604200,MTC,19.4
06081604101,MTC,19.4
06081603400,MTC,19.4
06081603300,MTC,19.4
06081603200,MTC,19.4
06081603100,MTC,19.4
06081603000,MTC,19.4
06081602900,MTC,19.4
06081602800,MTC,19.4
06081611500,MTC,19.4
06081611400,MTC,19.4
06081612500,MTC,19.4
06081613400,MTC,19.4
06081613300,MTC,19.4
06081613200,MTC,19.4
06081612900,MTC,19.4
06081612800,MTC,19.4
06079011002,SLOCOG,24.1
06079011503,SLOCOG,24.1
06079010603,SLOCOG,24.1
06079010404,SLOCOG,24.1
06079012505,SLOCOG,24.1
06079010204,SLOCOG,24.1
06079010205,SLOCOG,24.1
06079010403,SLOCOG,24.1
06077005208,SJV,26.8
06077005207,SJV,26.8
06077005206,SJV,26.8
06077005135,SJV,26.8
06077005130,SJV,26.8
06077004501,SJV,26.8
06077004403,SJV,26.8
06077004308,SJV,26.8
06077003409,SJV,26.8
06077003313,SJV,26.8
06077003312,SJV,26.8
06077003216,SJV,26.8
06077002504,SJV,26.8
06077000801,SJV,26.8
06077005129,SJV,26.8
06077003217,SJV,26.8
06077002402,SJV,26.8
06077005502,SJV,26.8
06077005501,SJV,26.8
06077005406,SJV,26.8
06077005405,SJV,26.8
06077005307,SJV,26.8
06077005210,SJV,26.8
06077004502,SJV,26.8
06077004404,SJV,26.8
06077002503,SJV,26.8
06077005308,SJV,26.8
06077005134,SJV,26.8
06077005133,SJV,26.8
06077005132,SJV,26.8
06077005131,SJV,26.8
06077004704,SJV,26.8
06077004703,SJV,26.8
06077004307,SJV,26.8
06077004106,SJV,26.8
06077004105,SJV,26.8
06077003407,SJV,26.8
06077003410,SJV,26.8
06077002401,SJV,26.8
06077002202,SJV,26.8
06057001203,NCTC,26.0
06057001205,NCTC,26.0
06057001204,NCTC,26.0
06057001206,NCTC,26.0
06057000900,NCTC,26.0
06057000802,NCTC,26.0
06057000102,NCTC,26.0
06057000702,NCTC,26.0
06057000701,NCTC,26.0
06057000600,NCTC,26.0
06057000502,NCTC,26.0
06057000501,NCTC,26.0
06057000402,NCTC,26.0
06057000401,NCTC,26.0
06057000300,NCTC,26.0
06057000200,NCTC,26.0
06057000103,NCTC,26.0
06057000105,NCTC,26.0
06057000104,NCTC,26.0
06077002201,SJV,26.8
06077003803,SJV,26.8
06077003802,SJV,26.8
06077004002,SJV,26.8
06077004001,SJV,26.8
06077005003,SJV,26.8
06077005127,SJV,26.8
06077005303,SJV,26.8
06077005302,SJV,26.8
06077005305,SJV,26.8
06077005202,SJV,26.8
06077003215,SJV,26.8
06077003406,SJV,26.8
06077003405,SJV,26.8
06077003404,SJV,26.8
06077003307,SJV,26.8
06077003306,SJV,26.8
06077003305,SJV,26.8
06077003308,SJV,26.8
06077003310,SJV,26.8
06077003209,SJV,26.8
06077003213,SJV,26.8
06077000401,SJV,26.8
06077003114,SJV,26.8
06077003113,SJV,26.8
06077003112,SJV,26.8
06077003108,SJV,26.8
06077002300,SJV,26.8
06077001900,SJV,26.8
06077001200,SJV,26.8
06077000900,SJV,26.8
06077000700,SJV,26.8
06077000600,SJV,26.8
06077000500,SJV,26.8
06077003801,SJV,26.8
06077000300,SJV,26.8
06077000100,SJV,26.8
06077003111,SJV,26.8
06077003110,SJV,26.8
06077002702,SJV,26.8
06077002701,SJV,26.8
06077001102,SJV,26.8
06077001101,SJV,26.8
06077001700,SJV,26.8
06077001600,SJV,26.8
06077003900,SJV,26.8
06077003700,SJV,26.8
06077003602,SJV,26.8
06077003601,SJV,26.8
06077003500,SJV,26.8
06077003403,SJV,26.8
06077003214,SJV,26.8
06077003311,SJV,26.8
06077003210,SJV,26.8
06077003208,SJV,26.8
06077003205,SJV,26.8
06077003203,SJV,26.8
06077003109,SJV,26.8
06077003106,SJV,26.8
06077002800,SJV,26.8
06077000402,SJV,26.8
06077002100,SJV,26.8
06077002000,SJV,26.8
06077001800,SJV,26.8
06077001500,SJV,26.8
06077001400,SJV,26.8
06077001300,SJV,26.8
06077001000,SJV,26.8
06077005125,SJV,26.8
06077005004,SJV,26.8
06077005001,SJV,26.8
06077005403,SJV,26.8
06077005109,SJV,26.8
06077005108,SJV,26.8
06077004204,SJV,26.8
06077005119,SJV,26.8
06077005126,SJV,26.8
06077005122,SJV,26.8
06077005114,SJV,26.8
06077005113,SJV,26.8
06077005110,SJV,26.8
06077005106,SJV,26.8
06077005123,SJV,26.8
06077004303,SJV,26.8
06077004302,SJV,26.8
06077004104,SJV,26.8
06077004202,SJV,26.8
06077004203,SJV,26.8
06077004201,SJV,26.8
06077004600,SJV,26.8
06077004402,SJV,26.8
06077004305,SJV,26.8
06077004102,SJV,26.8
06077005124,SJV,26.8
06077004701,SJV,26.8
06077004800,SJV,26.8
06077004901,SJV,26.8
06077004902,SJV,26.8
06077005209,SJV,26.8
06071009908,SCAG,22.8
06071009910,SCAG,22.8
06071009118,SCAG,22.8
06071009911,SCAG,22.8
06071009906,SCAG,22.8
06071009108,SCAG,22.8
06071009110,SCAG,22.8
06071009904,SCAG,22.8
06071009905,SCAG,22.8
06071009117,SCAG,22.8
06071012104,SCAG,22.8
06071008709,SCAG,22.8
06071010424,SCAG,22.8
06071011404,SCAG,22.8
06071011206,SCAG,22.8
06071025100,SCAG,22.8
06071012500,SCAG,22.8
06071012400,SCAG,22.8
06071005701,SCAG,22.8
06071012700,SCAG,22.8
06071025000,SCAG,22.8
06071011101,SCAG,22.8
06071011203,SCAG,22.8
06071011403,SCAG,22.8
06071010901,SCAG,22.8
06071009116,SCAG,22.8
06071009114,SCAG,22.8
06071009112,SCAG,22.8
06071007305,SCAG,22.8
06071004505,SCAG,22.8
06071004603,SCAG,22.8
06071004301,SCAG,22.8
06071003611,SCAG,22.8
06071003609,SCAG,22.8
06071003605,SCAG,22.8
06071003404,SCAG,22.8
06071009201,SCAG,22.8
06071003509,SCAG,22.8
06071002705,SCAG,22.8
06071002703,SCAG,22.8
06071002604,SCAG,22.8
06071002031,SCAG,22.8
06071002035,SCAG,22.8
06071002025,SCAG,22.8
06071002029,SCAG,22.8
06071002015,SCAG,22.8
06071001812,SCAG,22.8
06071001808,SCAG,22.8
06071001806,SCAG,22.8
06071001804,SCAG,22.8
06071001101,SCAG,22.8
06071002101,SCAG,22.8
06071002013,SCAG,22.8
06071001810,SCAG,22.8
06071001704,SCAG,22.8
06071000605,SCAG,22.8
06071001901,SCAG,22.8
06071000903,SCAG,22.8
06071000821,SCAG,22.8
06071002801,SCAG,22.8
06071007603,SCAG,22.8
06071010419,SCAG,22.8
06071008601,SCAG,22.8
06071000115,SCAG,22.8
06071000113,SCAG,22.8
06071011204,SCAG,22.8
06071011401,SCAG,22.8
06071011205,SCAG,22.8
06071010803,SCAG,22.8
06071001311,SCAG,22.8
06071010421,SCAG,22.8
06071010423,SCAG,22.8
06071010420,SCAG,22.8
06071010417,SCAG,22.8
06071010422,SCAG,22.8
06071009912,SCAG,22.8
06071010025,SCAG,22.8
06071010026,SCAG,22.8
06071009913,SCAG,22.8
06071012103,SCAG,22.8
06071012101,SCAG,22.8
06071012001,SCAG,22.8
06071012002,SCAG,22.8
06071010010,SCAG,22.8
06071009708,SCAG,22.8
06071011700,SCAG,22.8
06071011600,SCAG,22.8
06071009707,SCAG,22.8
06071009500,SCAG,22.8
06071012200,SCAG,22.8
06071000107,SCAG,22.8
06071000104,SCAG,22.8
06071000105,SCAG,22.8
06071000108,SCAG,22.8
06071000109,SCAG,22.8
06071000301,SCAG,22.8
06071002110,SCAG,22.8
06071002036,SCAG,22.8
06071002103,SCAG,22.8
06071002027,SCAG,22.8
06071002016,SCAG,22.8
06071000901,SCAG,22.8
06071000303,SCAG,22.8
06071000401,SCAG,22.8
06071001200,SCAG,22.8
06071001600,SCAG,22.8
06071001702,SCAG,22.8
06071001703,SCAG,22.8
06071001803,SCAG,22.8
06071000816,SCAG,22.8
06071002017,SCAG,22.8
06071002021,SCAG,22.8
06071002022,SCAG,22.8
06071002706,SCAG,22.8
06071009119,SCAG,22.8
06071009109,SCAG,22.8
06071000814,SCAG,22.8
06071002011,SCAG,22.8
06071009202,SCAG,22.8
06071001706,SCAG,22.8
06071001707,SCAG,22.8
06071001400,SCAG,22.8
06071002010,SCAG,22.8
06071000804,SCAG,22.8
06071000201,SCAG,22.8
06071000304,SCAG,22.8
06071008710,SCAG,22.8
06071008602,SCAG,22.8
06071007903,SCAG,22.8
06071007904,SCAG,22.8
06071007409,SCAG,22.8
06071007410,SCAG,22.8
06071000603,SCAG,22.8
06071000501,SCAG,22.8
06071000604,SCAG,22.8
06071001906,SCAG,22.8
06071002206,SCAG,22.8
06071000808,SCAG,22.8
06071000812,SCAG,22.8
06071008901,SCAG,22.8
06071002301,SCAG,22.8
06071002402,SCAG,22.8
06071002401,SCAG,22.8
06071002501,SCAG,22.8
06071007604,SCAG,22.8
06071007306,SCAG,22.8
06071006601,SCAG,22.8
06071006203,SCAG,22.8
06071006204,SCAG,22.8
06071011102,SCAG,22.8
06071011001,SCAG,22.8
06071001312,SCAG,22.8
06071001504,SCAG,22.8
06071000207,SCAG,22.8
06071001001,SCAG,22.8
06071000205,SCAG,22.8
06071000208,SCAG,22.8
06071002502,SCAG,22.8
06071002602,SCAG,22.8
06071002901,SCAG,22.8
06071005400,SCAG,22.8
06071006100,SCAG,22.8
06071006301,SCAG,22.8
06071007109,SCAG,22.8
06071007303,SCAG,22.8
06071007110,SCAG,22.8
06071000503,SCAG,22.8
06071001002,SCAG,22.8
06071000823,SCAG,22.8
06071000825,SCAG,22.8
06071001104,SCAG,22.8
06071000904,SCAG,22.8
06071000818,SCAG,22.8
06071000824,SCAG,22.8
06071006401,SCAG,22.8
06071006302,SCAG,22.8
06071006402,SCAG,22.8
06071007000,SCAG,22.8
06071006500,SCAG,22.8
06071006700,SCAG,22.8
06071004509,SCAG,22.8
06071011002,SCAG,22.8
06071010804,SCAG,22.8
06071010902,SCAG,22.8
06071004507,SCAG,22.8
06071004510,SCAG,22.8
06071004604,SCAG,22.8
06071004404,SCAG,22.8
06071004403,SCAG,22.8
06071000826,SCAG,22.8
06071000203,SCAG,22.8
06071000820,SCAG,22.8
06071000819,SCAG,22.8
06071002014,SCAG,22.8
06071001903,SCAG,22.8
06071000116,SCAG,22.8
06071007107,SCAG,22.8
06071007106,SCAG,22.8
06071007104,SCAG,22.8
06071007200,SCAG,22.8
06071007302,SCAG,22.8
06071007403,SCAG,22.8
06071006603,SCAG,22.8
06071006604,SCAG,22.8
06071003801,SCAG,22.8
06071003803,SCAG,22.8
06071004302,SCAG,22.8
06071000813,SCAG,22.8
06071000117,SCAG,22.8
06071000606,SCAG,22.8
06071000504,SCAG,22.8
06071000118,SCAG,22.8
06071000817,SCAG,22.8
06071000815,SCAG,22.8
06071000403,SCAG,22.8
06071007404,SCAG,22.8
06071007407,SCAG,22.8
06071007408,SCAG,22.8
06071007601,SCAG,22.8
06071980100,SCAG,22.8
06071007901,SCAG,22.8
06071008301,SCAG,22.8
06071010402,SCAG,22.8
06071010411,SCAG,22.8
06071010415,SCAG,22.8
06071010412,SCAG,22.8
06071003804,SCAG,22.8
06071003607,SCAG,22.8
06071004103,SCAG,22.8
06071004001,SCAG,22.8
06071004003,SCAG,22.8
06071000404,SCAG,22.8
06071002902,SCAG,22.8
06071003000,SCAG,22.8
06071003200,SCAG,22.8
06071003700,SCAG,22.8
06071007105,SCAG,22.8
06071008704,SCAG,22.8
06071008705,SCAG,22.8
06071008706,SCAG,22.8
06071009300,SCAG,22.8
06071008708,SCAG,22.8
06071008800,SCAG,22.8
06071000111,SCAG,22.8
06071010802,SCAG,22.8
06071010413,SCAG,22.8
06071010416,SCAG,22.8
06071008703,SCAG,22.8
06071010410,SCAG,22.8
06071011500,SCAG,22.8
06071010012,SCAG,22.8
06071010409,SCAG,22.8
06071000103,SCAG,22.8
06071010700,SCAG,22.8
06071011300,SCAG,22.8
06071003612,SCAG,22.8
06071004004,SCAG,22.8
06071003606,SCAG,22.8
06071003302,SCAG,22.8
06071003101,SCAG,22.8
06071003301,SCAG,22.8
06071002803,SCAG,22.8
06071003102,SCAG,22.8
06071007108,SCAG,22.8
06071012300,SCAG,22.8
06071002204,SCAG,22.8
06071008001,SCAG,22.8
06071007800,SCAG,22.8
06071008100,SCAG,22.8
06071008200,SCAG,22.8
06071010300,SCAG,22.8
06071002804,SCAG,22.8
06071003405,SCAG,22.8
06071003603,SCAG,22.8
06071003510,SCAG,22.8
06071003507,SCAG,22.8
06071003503,SCAG,22.8
06071003505,SCAG,22.8
06071008002,SCAG,22.8
06071008302,SCAG,22.8
06071008402,SCAG,22.8
06071008401,SCAG,22.8
06071008403,SCAG,22.8
06071008404,SCAG,22.8
06071008500,SCAG,22.8
06071002601,SCAG,22.8
06071003401,SCAG,22.8
06071003506,SCAG,22.8
06071002306,SCAG,22.8
06071002307,SCAG,22.8
06071002606,SCAG,22.8
06071002607,SCAG,22.8
06071003403,SCAG,22.8
06071003900,SCAG,22.8
06071004202,SCAG,22.8
06071004201,SCAG,22.8
06071004401,SCAG,22.8
06071002207,SCAG,22.8
06071002704,SCAG,22.8
06071004104,SCAG,22.8
06071004101,SCAG,22.8
06071004503,SCAG,22.8
06071006201,SCAG,22.8
06071004504,SCAG,22.8
06071004601,SCAG,22.8
06071004700,SCAG,22.8
06071004800,SCAG,22.8
06071004900,SCAG,22.8
06071005100,SCAG,22.8
06071002304,SCAG,22.8
06071002305,SCAG,22.8
06071002038,SCAG,22.8
06071002037,SCAG,22.8
06071002107,SCAG,22.8
06071002019,SCAG,22.8
06071005200,SCAG,22.8
06071005300,SCAG,22.8
06071005500,SCAG,22.8
06071005600,SCAG,22.8
06071005800,SCAG,22.8
06071980200,SCAG,22.8
06071002018,SCAG,22.8
06071002023,SCAG,22.8
06071002033,SCAG,22.8
06071002034,SCAG,22.8
06071001905,SCAG,22.8
06071001809,SCAG,22.8
06071009710,SCAG,22.8
06071009714,SCAG,22.8
06071009717,SCAG,22.8
06071009800,SCAG,22.8
06071011900,SCAG,22.8
06071009107,SCAG,22.8
06071940100,SCAG,22.8
06071009709,SCAG,22.8
06071009716,SCAG,22.8
06071009712,SCAG,22.8
06071009715,SCAG,22.8
06071009713,SCAG,22.8
06071011800,SCAG,22.8
06071009711,SCAG,22.8
06071010011,SCAG,22.8
06071001813,SCAG,22.8
06071001307,SCAG,22.8
06071001503,SCAG,22.8
06071001103,SCAG,22.8
06071001501,SCAG,22.8
06071001310,SCAG,22.8
06071010013,SCAG,22.8
06071010018,SCAG,22.8
06071010014,SCAG,22.8
06071010015,SCAG,22.8
06071001305,SCAG,22.8
06071001309,SCAG,22.8
06071001308,SCAG,22.8
06071002028,SCAG,22.8
06071002105,SCAG,22.8
06071002109,SCAG,22.8
06071010016,SCAG,22.8
06071010017,SCAG,22.8
06071010019,SCAG,22.8
06071010021,SCAG,22.8
06071010022,SCAG,22.8
06071010023,SCAG,22.8
06071010020,SCAG,22.8
06071009400,SCAG,22.8
06071010009,SCAG,22.8
06071010004,SCAG,22.8
06071010024,SCAG,22.8
06065042012,SCAG,22.8
06065041911,SCAG,22.8
06065041910,SCAG,22.8
06065040816,SCAG,22.8
06065040815,SCAG,22.8
06065040814,SCAG,22.8
06065040813,SCAG,22.8
06065040812,SCAG,22.8
06065040616,SCAG,22.8
06065042728,SCAG,22.8
06065042724,SCAG,22.8
06065042624,SCAG,22.8
06065042623,SCAG,22.8
06065042622,SCAG,22.8
06065042621,SCAG,22.8
06065042619,SCAG,22.8
06065044602,SCAG,22.8
06065044907,SCAG,22.8
06065045108,SCAG,22.8
06065044916,SCAG,22.8
06065044807,SCAG,22.8
06065044805,SCAG,22.8
06065042402,SCAG,22.8
06065043310,SCAG,22.8
06065043401,SCAG,22.8
06065043311,SCAG,22.8
06065043312,SCAG,22.8
06065043403,SCAG,22.8
06065040615,SCAG,22.8
06065040613,SCAG,22.8
06065040611,SCAG,22.8
06065040609,SCAG,22.8
06065040405,SCAG,22.8
06065031602,SCAG,22.8
06065045605,SCAG,22.8
06065050900,SCAG,22.8
06065049000,SCAG,22.8
06065042618,SCAG,22.8
06065042617,SCAG,22.8
06065043003,SCAG,22.8
06065042714,SCAG,22.8
06065045110,SCAG,22.8
06065042410,SCAG,22.8
06065042405,SCAG,22.8
06065042409,SCAG,22.8
06065042408,SCAG,22.8
06065042404,SCAG,22.8
06065042406,SCAG,22.8
06065043315,SCAG,22.8
06065044300,SCAG,22.8
06065043505,SCAG,22.8
06065043507,SCAG,22.8
06065043506,SCAG,22.8
06065043509,SCAG,22.8
06065043308,SCAG,22.8
06065043504,SCAG,22.8
06065044403,SCAG,22.8
06065048800,SCAG,22.8
06065044605,SCAG,22.8
06065044515,SCAG,22.8
06065043316,SCAG,22.8
06065043279,SCAG,22.8
06065043257,SCAG,22.8
06065042726,SCAG,22.8
06065045109,SCAG,22.8
06065044804,SCAG,22.8
06065044911,SCAG,22.8
06065044915,SCAG,22.8
06065045000,SCAG,22.8
06065040904,SCAG,22.8
06065040808,SCAG,22.8
06065042009,SCAG,22.8
06065043503,SCAG,22.8
06065043206,SCAG,22.8
06065043211,SCAG,22.8
06065043222,SCAG,22.8
06065043216,SCAG,22.8
06065043217,SCAG,22.8
06065043218,SCAG,22.8
06065043220,SCAG,22.8
06065040404,SCAG,22.8
06065940600,SCAG,22.8
06065940400,SCAG,22.8
06065051400,SCAG,22.8
06065051300,SCAG,22.8
06065050500,SCAG,22.8
06065049600,SCAG,22.8
06065049500,SCAG,22.8
06065048902,SCAG,22.8
06065048901,SCAG,22.8
06065045705,SCAG,22.8
06065045209,SCAG,22.8
06065045706,SCAG,22.8
06065045704,SCAG,22.8
06065045703,SCAG,22.8
06065042411,SCAG,22.8
06065042403,SCAG,22.8
06065042407,SCAG,22.8
06065043508,SCAG,22.8
06065042512,SCAG,22.8
06065042513,SCAG,22.8
06065042514,SCAG,22.8
06065043304,SCAG,22.8
06065042708,SCAG,22.8
06065042903,SCAG,22.8
06065043001,SCAG,22.8
06065042709,SCAG,22.8
06065045303,SCAG,22.8
06065045120,SCAG,22.8
06065045115,SCAG,22.8
06065044522,SCAG,22.8
06065044404,SCAG,22.8
06065043278,SCAG,22.8
06065043271,SCAG,22.8
06065043270,SCAG,22.8
06065045207,SCAG,22.8
06065045302,SCAG,22.8
06065045502,SCAG,22.8
06065045501,SCAG,22.8
06065040604,SCAG,22.8
06065042412,SCAG,22.8
06065044104,SCAG,22.8
06065043900,SCAG,22.8
06065042516,SCAG,22.8
06065042515,SCAG,22.8
06065042521,SCAG,22.8
06065042511,SCAG,22.8
06065043701,SCAG,22.8
06065042519,SCAG,22.8
06065042520,SCAG,22.8
06065042509,SCAG,22.8
06065042507,SCAG,22.8
06065043252,SCAG,22.8
06065043235,SCAG,22.8
06065042744,SCAG,22.8
06065040821,SCAG,22.8
06065040607,SCAG,22.8
06065941500,SCAG,22.8
06065941400,SCAG,22.8
06065044102,SCAG,22.8
06065030502,SCAG,22.8
06065044200,SCAG,22.8
06065043809,SCAG,22.8
06065044103,SCAG,22.8
06065042518,SCAG,22.8
06065042517,SCAG,22.8
06065030603,SCAG,22.8
06065030503,SCAG,22.8
06065030700,SCAG,22.8
06065030800,SCAG,22.8
06065941300,SCAG,22.8
06065941200,SCAG,22.8
06065941100,SCAG,22.8
06065941000,SCAG,22.8
06065940900,SCAG,22.8
06065940800,SCAG,22.8
06065043807,SCAG,22.8
06065044000,SCAG,22.8
06065044402,SCAG,22.8
06065044101,SCAG,22.8
06065044904,SCAG,22.8
06065045604,SCAG,22.8
06065030300,SCAG,22.8
06101050402,SACOG,24.3
06101050701,SACOG,24.3
06101050403,SACOG,24.3
06101050401,SACOG,24.3
06101050702,SACOG,24.3
06101050301,SACOG,24.3
06065030900,SCAG,22.8
06065031200,SCAG,22.8
06065031300,SCAG,22.8
06065031401,SCAG,22.8
06065045123,SCAG,22.8
06065045122,SCAG,22.8
06065045121,SCAG,22.8
06065045118,SCAG,22.8
06065940700,SCAG,22.8
06065940100,SCAG,22.8
06065047000,SCAG,22.8
06065046800,SCAG,22.8
06065046700,SCAG,22.8
06065046602,SCAG,22.8
06065046500,SCAG,22.8
06065045707,SCAG,22.8
06065045217,SCAG,22.8
06065045124,SCAG,22.8
06065045119,SCAG,22.8
06065030400,SCAG,22.8
06065030602,SCAG,22.8
06065041500,SCAG,22.8
06065041704,SCAG,22.8
06065042003,SCAG,22.8
06065041905,SCAG,22.8
06065041804,SCAG,22.8
06101050302,SACOG,24.3
06101051000,SACOG,24.3
06101050503,SACOG,24.3
06101050202,SACOG,24.3
06101050102,SACOG,24.3
06065031402,SCAG,22.8
06065031704,SCAG,22.8
06065040303,SCAG,22.8
06065031703,SCAG,22.8
06065031501,SCAG,22.8
06065045116,SCAG,22.8
06065045114,SCAG,22.8
06065044932,SCAG,22.8
06065044931,SCAG,22.8
06065044929,SCAG,22.8
06065044928,SCAG,22.8
06065045117,SCAG,22.8
06065044930,SCAG,22.8
06065044926,SCAG,22.8
06065044925,SCAG,22.8
06065044924,SCAG,22.8
06065044923,SCAG,22.8
06065041805,SCAG,22.8
06065041808,SCAG,22.8
06065041703,SCAG,22.8
06065041807,SCAG,22.8
06065041803,SCAG,22.8
06101050504,SACOG,24.3
06101050601,SACOG,24.3
06101050501,SACOG,24.3
06101050201,SACOG,24.3
06101050101,SACOG,24.3
06101050800,SACOG,24.3
06101051100,SACOG,24.3
06101050900,SACOG,24.3
06101050604,SACOG,24.3
06101050603,SACOG,24.3
06065031702,SCAG,22.8
06065040302,SCAG,22.8
06065040201,SCAG,22.8
06065041003,SCAG,22.8
06065041001,SCAG,22.8
06065031002,SCAG,22.8
06065041004,SCAG,22.8
06065040502,SCAG,22.8
06065040902,SCAG,22.8
06065041202,SCAG,22.8
06065044927,SCAG,22.8
06065044922,SCAG,22.8
06065044921,SCAG,22.8
06065044919,SCAG,22.8
06065044606,SCAG,22.8
06065044521,SCAG,22.8
06065044520,SCAG,22.8
06065044518,SCAG,22.8
06065044517,SCAG,22.8
06065044405,SCAG,22.8
06065043823,SCAG,22.8
06065043822,SCAG,22.8
06065043821,SCAG,22.8
06065044918,SCAG,22.8
06065044917,SCAG,22.8
06065044516,SCAG,22.8
06065043813,SCAG,22.8
06065043602,SCAG,22.8
06065043601,SCAG,22.8
06065043266,SCAG,22.8
06065043239,SCAG,22.8
06065043008,SCAG,22.8
06065042620,SCAG,22.8
06065041702,SCAG,22.8
06065041812,SCAG,22.8
06065041806,SCAG,22.8
06065042005,SCAG,22.8
06065041405,SCAG,22.8
06065041904,SCAG,22.8
06065041408,SCAG,22.8
06065041203,SCAG,22.8
06065031502,SCAG,22.8
06065040903,SCAG,22.8
06065041406,SCAG,22.8
06065041411,SCAG,22.8
06065043820,SCAG,22.8
06065043818,SCAG,22.8
06065043814,SCAG,22.8
06065043812,SCAG,22.8
06065043811,SCAG,22.8
06065043810,SCAG,22.8
06065043517,SCAG,22.8
06065043513,SCAG,22.8
06065043512,SCAG,22.8
06065043317,SCAG,22.8
06065043291,SCAG,22.8
06065043276,SCAG,22.8
06065042014,SCAG,22.8
06065041913,SCAG,22.8
06065041912,SCAG,22.8
06065041302,SCAG,22.8
06065041301,SCAG,22.8
06065041102,SCAG,22.8
06065044505,SCAG,22.8
06065041813,SCAG,22.8
06065043006,SCAG,22.8
06065043702,SCAG,22.8
06065046402,SCAG,22.8
06065041906,SCAG,22.8
06065031701,SCAG,22.8
06065040807,SCAG,22.8
06065041403,SCAG,22.8
06065041410,SCAG,22.8
06065042510,SCAG,22.8
06065042210,SCAG,22.8
06065042214,SCAG,22.8
06065042213,SCAG,22.8
06065042300,SCAG,22.8
06065042212,SCAG,22.8
06065043274,SCAG,22.8
06065980004,SCAG,22.8
06065940500,SCAG,22.8
06065051200,SCAG,22.8
06065051100,SCAG,22.8
06065981000,SCAG,22.8
06065050700,SCAG,22.8
06065050600,SCAG,22.8
06065050400,SCAG,22.8
06065050300,SCAG,22.8
06065049800,SCAG,22.8
06065049700,SCAG,22.8
06065041101,SCAG,22.8
06065040102,SCAG,22.8
06065040101,SCAG,22.8
06065031601,SCAG,22.8
06065030104,SCAG,22.8
06065030103,SCAG,22.8
06065030101,SCAG,22.8
06065043272,SCAG,22.8
06065041810,SCAG,22.8
06065041909,SCAG,22.8
06065041409,SCAG,22.8
06065043005,SCAG,22.8
06065042401,SCAG,22.8
06065046405,SCAG,22.8
06065041600,SCAG,22.8
06065044507,SCAG,22.8
06065044510,SCAG,22.8
06065044509,SCAG,22.8
06065044702,SCAG,22.8
06065044604,SCAG,22.8
06065043314,SCAG,22.8
06065042506,SCAG,22.8
06065042505,SCAG,22.8
06065042508,SCAG,22.8
06065030200,SCAG,22.8
06065042716,SCAG,22.8
06065042720,SCAG,22.8
06065042902,SCAG,22.8
06065042904,SCAG,22.8
06065042901,SCAG,22.8
06065042717,SCAG,22.8
06065042706,SCAG,22.8
06065042711,SCAG,22.8
06065042715,SCAG,22.8
06065049400,SCAG,22.8
06065049100,SCAG,22.8
06065048700,SCAG,22.8
06065048300,SCAG,22.8
06065048200,SCAG,22.8
06065048100,SCAG,22.8
06065043267,SCAG,22.8
06065043265,SCAG,22.8
06065043264,SCAG,22.8
06065043262,SCAG,22.8
06065043256,SCAG,22.8
06065043254,SCAG,22.8
06065043250,SCAG,22.8
06065043309,SCAG,22.8
06065043404,SCAG,22.8
06065040503,SCAG,22.8
06065040605,SCAG,22.8
06065040702,SCAG,22.8
06065040403,SCAG,22.8
06065042719,SCAG,22.8
06065042723,SCAG,22.8
06065042800,SCAG,22.8
06065042008,SCAG,22.8
06065042206,SCAG,22.8
06065042209,SCAG,22.8
06065042208,SCAG,22.8
06065031001,SCAG,22.8
06065030501,SCAG,22.8
06065041404,SCAG,22.8
06065041201,SCAG,22.8
06065047900,SCAG,22.8
06065045125,SCAG,22.8
06065047202,SCAG,22.8
06065047201,SCAG,22.8
06065046900,SCAG,22.8
06065046601,SCAG,22.8
06065045609,SCAG,22.8
06065045608,SCAG,22.8
06065043248,SCAG,22.8
06065043247,SCAG,22.8
06065043246,SCAG,22.8
06065043244,SCAG,22.8
06065043242,SCAG,22.8
06065043240,SCAG,22.8
06065043229,SCAG,22.8
06065040606,SCAG,22.8
06065040202,SCAG,22.8
06065040203,SCAG,22.8
06065040603,SCAG,22.8
06065040204,SCAG,22.8
06065041412,SCAG,22.8
06065041407,SCAG,22.8
06065031100,SCAG,22.8
06065042010,SCAG,22.8
06065042007,SCAG,22.8
06065042207,SCAG,22.8
06065041809,SCAG,22.8
06065045606,SCAG,22.8
06065045304,SCAG,22.8
06065045233,SCAG,22.8
06065045228,SCAG,22.8
06065045226,SCAG,22.8
06065045224,SCAG,22.8
06065045222,SCAG,22.8
06065045216,SCAG,22.8
06065043228,SCAG,22.8
06065043227,SCAG,22.8
06065043010,SCAG,22.8
06065043009,SCAG,22.8
06065043007,SCAG,22.8
06065042745,SCAG,22.8
06065042743,SCAG,22.8
06065040402,SCAG,22.8
06065040301,SCAG,22.8
06065040501,SCAG,22.8
06065041002,SCAG,22.8
06065040701,SCAG,22.8
06065040703,SCAG,22.8
06065042004,SCAG,22.8
06065043802,SCAG,22.8
06065030601,SCAG,22.8
06065046102,SCAG,22.8
06065046200,SCAG,22.8
06065045900,SCAG,22.8
06065046103,SCAG,22.8
06065046101,SCAG,22.8
06065046404,SCAG,22.8
06065046403,SCAG,22.8
06065046401,SCAG,22.8
06065045215,SCAG,22.8
06065045214,SCAG,22.8
06065045213,SCAG,22.8
06065045212,SCAG,22.8
06065042217,SCAG,22.8
06065042013,SCAG,22.8
06065042742,SCAG,22.8
06065042741,SCAG,22.8
06065042740,SCAG,22.8
06065042739,SCAG,22.8
06065042738,SCAG,22.8
06065042737,SCAG,22.8
06065042733,SCAG,22.8
06065042732,SCAG,22.8
06065042731,SCAG,22.8
06065042730,SCAG,22.8
06065042729,SCAG,22.8
06065040806,SCAG,22.8
06065040809,SCAG,22.8
06065040901,SCAG,22.8
06065044701,SCAG,22.8
06065045103,SCAG,22.8
06065044806,SCAG,22.8
06065043307,SCAG,22.8
06065043313,SCAG,22.8
06065043703,SCAG,22.8
06065043405,SCAG,22.8
06065043306,SCAG,22.8
06105000101,Trinity_RTPA,31.0
06105000102,Trinity_RTPA,31.0
06105000400,Trinity_RTPA,31.0
06105000200,Trinity_RTPA,31.0
06105000300,Trinity_RTPA,31.0
06013303203,MTC,19.4
06013302009,MTC,19.4
06013302010,MTC,19.4
06013313204,MTC,19.4
06013313203,MTC,19.4
06013302005,MTC,19.4
06013311000,MTC,19.4
06013308002,MTC,19.4
06013308001,MTC,19.4
06013307204,MTC,19.4
06013307202,MTC,19.4
06013307201,MTC,19.4
06013303102,MTC,19.4
06013302007,MTC,19.4
06013302008,MTC,19.4
06013303103,MTC,19.4
06013304002,MTC,19.4
06013304005,MTC,19.4
06013302006,MTC,19.4
06013383000,MTC,19.4
06013307102,MTC,19.4
06013307101,MTC,19.4
06013314102,MTC,19.4
06013366001,MTC,19.4
06013313103,MTC,19.4
06013382000,MTC,19.4
06013370000,MTC,19.4
06013362000,MTC,19.4
06013367200,MTC,19.4
06013367100,MTC,19.4
06013310000,MTC,19.4
06013309000,MTC,19.4
06013307205,MTC,19.4
06013306002,MTC,19.4
06013305000,MTC,19.4
06013365002,MTC,19.4
06013314104,MTC,19.4
06013314103,MTC,19.4
06013369002,MTC,19.4
06013366002,MTC,19.4
06013369001,MTC,19.4
06013381000,MTC,19.4
06013379000,MTC,19.4
06013378000,MTC,19.4
06013377000,MTC,19.4
06013376000,MTC,19.4
06013375000,MTC,19.4
06013374000,MTC,19.4
06013373000,MTC,19.4
06013372000,MTC,19.4
06013371000,MTC,19.4
06013364002,MTC,19.4
06013392300,MTC,19.4
06013355112,MTC,19.4
06013355306,MTC,19.4
06013392200,MTC,19.4
06013334200,MTC,19.4
06013334006,MTC,19.4
06013355113,MTC,19.4
06013360102,MTC,19.4
06013320003,MTC,19.4
06013303202,MTC,19.4
06013355109,MTC,19.4
06013304004,MTC,19.4
06013392000,MTC,19.4
06013391000,MTC,19.4
06013359204,MTC,19.4
06013363000,MTC,19.4
06013390200,MTC,19.4
06013390100,MTC,19.4
06013304003,MTC,19.4
06013303205,MTC,19.4
06013368001,MTC,19.4
06013368002,MTC,19.4
06013380000,MTC,19.4
06013389200,MTC,19.4
06013389100,MTC,19.4
06013388000,MTC,19.4
06013387000,MTC,19.4
06013386000,MTC,19.4
06013359104,MTC,19.4
06013359105,MTC,19.4
06013359103,MTC,19.4
06013360101,MTC,19.4
06013345116,MTC,19.4
06013346203,MTC,19.4
06013345114,MTC,19.4
06013346204,MTC,19.4
06013345111,MTC,19.4
06013355114,MTC,19.4
06013345113,MTC,19.4
06013345112,MTC,19.4
06013345203,MTC,19.4
06013385200,MTC,19.4
06013385100,MTC,19.4
06013384000,MTC,19.4
06013361000,MTC,19.4
06013360200,MTC,19.4
06013359203,MTC,19.4
06013359202,MTC,19.4
06013359102,MTC,19.4
06013358000,MTC,19.4
06013357000,MTC,19.4
06013356001,MTC,19.4
06013301000,MTC,19.4
06013340001,MTC,19.4
06013338301,MTC,19.4
06013345103,MTC,19.4
06013339001,MTC,19.4
06013345204,MTC,19.4
06013365003,MTC,19.4
06013351101,MTC,19.4
06013351103,MTC,19.4
06013345102,MTC,19.4
06013345101,MTC,19.4
06013325000,MTC,19.4
06013323000,MTC,19.4
06013352201,MTC,19.4
06013322000,MTC,19.4
06013321200,MTC,19.4
06013321101,MTC,19.4
06013317000,MTC,19.4
06013316000,MTC,19.4
06013353002,MTC,19.4
06013350000,MTC,19.4
06013349000,MTC,19.4
06013345105,MTC,19.4
06013351102,MTC,19.4
06013339002,MTC,19.4
06013355115,MTC,19.4
06013355116,MTC,19.4
06013355117,MTC,19.4
06013338204,MTC,19.4
06013338201,MTC,19.4
06013337200,MTC,19.4
06013337100,MTC,19.4
06013336102,MTC,19.4
06013335000,MTC,19.4
06013336101,MTC,19.4
06013334004,MTC,19.4
06013324001,MTC,19.4
06013338203,MTC,19.4
06013338102,MTC,19.4
06013338101,MTC,19.4
06013336201,MTC,19.4
06013336202,MTC,19.4
06013324002,MTC,19.4
06013320004,MTC,19.4
06013334001,MTC,19.4
06013333200,MTC,19.4
06013332000,MTC,19.4
06013331000,MTC,19.4
06013333102,MTC,19.4
06013333101,MTC,19.4
06013313205,MTC,19.4
06013313206,MTC,19.4
06013304001,MTC,19.4
06013355108,MTC,19.4
06013355107,MTC,19.4
06013330000,MTC,19.4
06013329000,MTC,19.4
06013328000,MTC,19.4
06013327000,MTC,19.4
06013346102,MTC,19.4
06013346101,MTC,19.4
06013355304,MTC,19.4
06013355302,MTC,19.4
06013355301,MTC,19.4
06013355200,MTC,19.4
06013354002,MTC,19.4
06013354001,MTC,19.4
06013353001,MTC,19.4
06013352202,MTC,19.4
06013352102,MTC,19.4
06013352101,MTC,19.4
06013351200,MTC,19.4
06013348000,MTC,19.4
06013306003,MTC,19.4
06013306004,MTC,19.4
06013345115,MTC,19.4
06013355110,MTC,19.4
06013355111,MTC,19.4
06013303201,MTC,19.4
06013303204,MTC,19.4
06013347000,MTC,19.4
06013346201,MTC,19.4
06013345202,MTC,19.4
06013345108,MTC,19.4
06013343003,MTC,19.4
06013343002,MTC,19.4
06013343001,MTC,19.4
06013341000,MTC,19.4
06013340002,MTC,19.4
06013338302,MTC,19.4
06013337300,MTC,19.4
06013326000,MTC,19.4
06013321103,MTC,19.4
06013321102,MTC,19.4
06013320001,MTC,19.4
06013319000,MTC,19.4
06013318000,MTC,19.4
06013315000,MTC,19.4
06013356002,MTC,19.4
06013314200,MTC,19.4
06013313102,MTC,19.4
06013313101,MTC,19.4
06013312000,MTC,19.4
06111000701,SCAG,22.8
06111000304,SCAG,22.8
06111008500,SCAG,22.8
06111000500,SCAG,22.8
06111008201,SCAG,22.8
06111003608,SCAG,22.8
06111002700,SCAG,22.8
06111004101,SCAG,22.8
06111002600,SCAG,22.8
06111002400,SCAG,22.8
06111001602,SCAG,22.8
06111001402,SCAG,22.8
06111001507,SCAG,22.8
06111002800,SCAG,22.8
06111002500,SCAG,22.8
06111002300,SCAG,22.8
06111002200,SCAG,22.8
06111002102,SCAG,22.8
06111002000,SCAG,22.8
06111001900,SCAG,22.8
06111001800,SCAG,22.8
06111007700,SCAG,22.8
06111007505,SCAG,22.8
06111000800,SCAG,22.8
06111000600,SCAG,22.8
06111000400,SCAG,22.8
06111004503,SCAG,22.8
06111001700,SCAG,22.8
06111001601,SCAG,22.8
06111001503,SCAG,22.8
06111001502,SCAG,22.8
06111001302,SCAG,22.8
06111001401,SCAG,22.8
06111001506,SCAG,22.8
06111000302,SCAG,22.8
06111001204,SCAG,22.8
06111001202,SCAG,22.8
06111001201,SCAG,22.8
06111007300,SCAG,22.8
06111001301,SCAG,22.8
06111007202,SCAG,22.8
06111007201,SCAG,22.8
06111007100,SCAG,22.8
06111007000,SCAG,22.8
06111006900,SCAG,22.8
06111006800,SCAG,22.8
06111006700,SCAG,22.8
06111006600,SCAG,22.8
06111006500,SCAG,22.8
06111006400,SCAG,22.8
06111006302,SCAG,22.8
06111007508,SCAG,22.8
06111005907,SCAG,22.8
06111005304,SCAG,22.8
06111005305,SCAG,22.8
06111007507,SCAG,22.8
06111006000,SCAG,22.8
06111007402,SCAG,22.8
06111005503,SCAG,22.8
06111006301,SCAG,22.8
06111006200,SCAG,22.8
06111006100,SCAG,22.8
06111005906,SCAG,22.8
06111007403,SCAG,22.8
06111005909,SCAG,22.8
06111005911,SCAG,22.8
06111005901,SCAG,22.8
06111005306,SCAG,22.8
06111008401,SCAG,22.8
06111008303,SCAG,22.8
06111008202,SCAG,22.8
06111007506,SCAG,22.8
06111008101,SCAG,22.8
06111005910,SCAG,22.8
06111008002,SCAG,22.8
06111008001,SCAG,22.8
06111008005,SCAG,22.8
06111007901,SCAG,22.8
06111007800,SCAG,22.8
06111008305,SCAG,22.8
06111008306,SCAG,22.8
06111007904,SCAG,22.8
06111008402,SCAG,22.8
06111008004,SCAG,22.8
06111008304,SCAG,22.8
06111008302,SCAG,22.8
06111004200,SCAG,22.8
06111000702,SCAG,22.8
06111000303,SCAG,22.8
06111007612,SCAG,22.8
06111004505,SCAG,22.8
06111004000,SCAG,22.8
06111003900,SCAG,22.8
06111003700,SCAG,22.8
06111001101,SCAG,22.8
06111003300,SCAG,22.8
06111003201,SCAG,22.8
06111004704,SCAG,22.8
06111005002,SCAG,22.8
06111007514,SCAG,22.8
06111004710,SCAG,22.8
06111003609,SCAG,22.8
06111003012,SCAG,22.8
06111001206,SCAG,22.8
06111980000,SCAG,22.8
06111009100,SCAG,22.8
06111004600,SCAG,22.8
06111005908,SCAG,22.8
06111004400,SCAG,22.8
06111003605,SCAG,22.8
06111003100,SCAG,22.8
06111004504,SCAG,22.8
06111007606,SCAG,22.8
06111008900,SCAG,22.8
06111008800,SCAG,22.8
06111008700,SCAG,22.8
06111008600,SCAG,22.8
06111007611,SCAG,22.8
06111007610,SCAG,22.8
06111007512,SCAG,22.8
06111007511,SCAG,22.8
06111007405,SCAG,22.8
06111005802,SCAG,22.8
06111005801,SCAG,22.8
06111003011,SCAG,22.8
06111007903,SCAG,22.8
06111001102,SCAG,22.8
06111001002,SCAG,22.8
06111007607,SCAG,22.8
06111001001,SCAG,22.8
06111000903,SCAG,22.8
06111000901,SCAG,22.8
06111000100,SCAG,22.8
06111005100,SCAG,22.8
06111005404,SCAG,22.8
06111002901,SCAG,22.8
06111000200,SCAG,22.8
06111005502,SCAG,22.8
06111005403,SCAG,22.8
06111005504,SCAG,22.8
06111005004,SCAG,22.8
06111005003,SCAG,22.8
06111004717,SCAG,22.8
06111004715,SCAG,22.8
06111004711,SCAG,22.8
06111004305,SCAG,22.8
06111003802,SCAG,22.8
06111003612,SCAG,22.8
06111005303,SCAG,22.8
06111005401,SCAG,22.8
06111005203,SCAG,22.8
06111005700,SCAG,22.8
06111005600,SCAG,22.8
06111000902,SCAG,22.8
06111003010,SCAG,22.8
06111007614,SCAG,22.8
06111007613,SCAG,22.8
06111007609,SCAG,22.8
06111007513,SCAG,22.8
06111007510,SCAG,22.8
06111007509,SCAG,22.8
06111007406,SCAG,22.8
06111005205,SCAG,22.8
06111005204,SCAG,22.8
06111005202,SCAG,22.8
06111004902,SCAG,22.8
06111004901,SCAG,22.8
06111004716,SCAG,22.8
06111004506,SCAG,22.8
06111004304,SCAG,22.8
06111003801,SCAG,22.8
06111003013,SCAG,22.8
06111002905,SCAG,22.8
06017031700,SACOG,24.3
06017032000,SACOG,24.3
06017031900,SACOG,24.3
06017031600,SACOG,24.3
06017030809,SACOG,24.3
06017030807,SACOG,24.3
06017030810,SACOG,24.3
06017030808,SACOG,24.3
06017030709,SACOG,24.3
06017030706,SACOG,24.3
06017030710,SACOG,24.3
06017030505,SACOG,24.3
06017030302,SACOG,24.3
06017030504,SACOG,24.3
06017030301,SACOG,24.3
06017030401,SACOG,24.3
06017030701,SACOG,24.3
06017030200,SACOG,24.3
06017030901,SACOG,24.3
06017030502,SACOG,24.3
06017031504,SACOG,24.3
06017031503,SACOG,24.3
06017031000,SACOG,24.3
06017031406,SACOG,24.3
06017031301,SACOG,24.3
06017031100,SACOG,24.3
06017030803,SACOG,24.3
06017030704,SACOG,24.3
06109985202,TCLTC,27.5
06109003100,TCLTC,27.5
06109004100,TCLTC,27.5
06109002200,TCLTC,27.5
06109003200,TCLTC,27.5
06109002100,TCLTC,27.5
06109005201,TCLTC,27.5
06109005100,TCLTC,27.5
06109001200,TCLTC,27.5
06109001100,TCLTC,27.5
06109004200,TCLTC,27.5
06017030602,SACOG,24.3
06017031404,SACOG,24.3
06017031405,SACOG,24.3
06017030603,SACOG,24.3
06017031200,SACOG,24.3
06017031302,SACOG,24.3
06017030902,SACOG,24.3
06017030601,SACOG,24.3
06017030402,SACOG,24.3
06017030804,SACOG,24.3
06017030801,SACOG,24.3
06017031502,SACOG,24.3
06017031402,SACOG,24.3
06091010000,Sierra_RTPA,28.6
06033000100,Lake_RTPA,28.8
06033000702,Lake_RTPA,28.8
06033000701,Lake_RTPA,28.8
06033000801,Lake_RTPA,28.8
06033000802,Lake_RTPA,28.8
06033000501,Lake_RTPA,28.8
06033000502,Lake_RTPA,28.8
06033001300,Lake_RTPA,28.8
06033001200,Lake_RTPA,28.8
06033000600,Lake_RTPA,28.8
06033001100,Lake_RTPA,28.8
06033001000,Lake_RTPA,28.8
06033000900,Lake_RTPA,28.8
06033000400,Lake_RTPA,28.8
06033000300,Lake_RTPA,28.8
06007000903,BCAG,25.6
06007000901,BCAG,25.6
06007003700,BCAG,25.6
06007003502,BCAG,25.6
06007003501,BCAG,25.6
06007003002,BCAG,25.6
06007003001,BCAG,25.6
06007002602,BCAG,25.6
06007002601,BCAG,25.6
06007001704,BCAG,25.6
06007001703,BCAG,25.6
06007000904,BCAG,25.6
06007000402,BCAG,25.6
06007000401,BCAG,25.6
06007000104,BCAG,25.6
06007000103,BCAG,25.6
06007000603,BCAG,25.6
06007000502,BCAG,25.6
06007000201,BCAG,25.6
06007001702,BCAG,25.6
06007002300,BCAG,25.6
06007002200,BCAG,25.6
06007002100,BCAG,25.6
06007002000,BCAG,25.6
06007001900,BCAG,25.6
06007001800,BCAG,25.6
06049000100,Modoc_RTPA,31.4
06049000300,Modoc_RTPA,31.4
06049000400,Modoc_RTPA,31.4
06049000200,Modoc_RTPA,31.4
06007001600,BCAG,25.6
06007003300,BCAG,25.6
06007003200,BCAG,25.6
06007003100,BCAG,25.6
06007002900,BCAG,25.6
06007002800,BCAG,25.6
06007002700,BCAG,25.6
06007002500,BCAG,25.6
06007003400,BCAG,25.6
06007002400,BCAG,25.6
06007001500,BCAG,25.6
06007001400,BCAG,25.6
06007001300,BCAG,25.6
06007001200,BCAG,25.6
06007001100,BCAG,25.6
06007001000,BCAG,25.6
06007000800,BCAG,25.6
06007000700,BCAG,25.6
06007000604,BCAG,25.6
06007000601,BCAG,25.6
06007000300,BCAG,25.6
06007000501,BCAG,25.6
06017031800,SACOG,24.3
06007000202,BCAG,25.6
06007000102,BCAG,25.6
06007003600,BCAG,25.6
06001437800,MTC,19.4
06001437400,MTC,19.4
06001405800,MTC,19.4
06001437500,MTC,19.4
06001451501,MTC,19.4
06001450604,MTC,19.4
06001436700,MTC,19.4
06001432200,MTC,19.4
06001433900,MTC,19.4
06001433500,MTC,19.4
06001433800,MTC,19.4
06001430800,MTC,19.4
06001402900,MTC,19.4
06001430900,MTC,19.4
06001407300,MTC,19.4
06001423800,MTC,19.4
06001422200,MTC,19.4
06001422400,MTC,19.4
06001422500,MTC,19.4
06001421600,MTC,19.4
06001422300,MTC,19.4
06001441523,MTC,19.4
06001440335,MTC,19.4
06001440334,MTC,19.4
06001437702,MTC,19.4
06001435103,MTC,19.4
06001404300,MTC,19.4
06001405000,MTC,19.4
06001402200,MTC,19.4
06001408000,MTC,19.4
06001442000,MTC,19.4
06001441100,MTC,19.4
06001420400,MTC,19.4
06001450606,MTC,19.4
06001441522,MTC,19.4
06001405200,MTC,19.4
06001441521,MTC,19.4
06001436602,MTC,19.4
06001437600,MTC,19.4
06001435900,MTC,19.4
06001421800,MTC,19.4
06001421700,MTC,19.4
06001421200,MTC,19.4
06001421100,MTC,19.4
06001422000,MTC,19.4
06001421900,MTC,19.4
06001420100,MTC,19.4
06001420200,MTC,19.4
06001430102,MTC,19.4
06001430101,MTC,19.4
06001425103,MTC,19.4
06001425102,MTC,19.4
06001425101,MTC,19.4
06001404102,MTC,19.4
06001403702,MTC,19.4
06001403701,MTC,19.4
06001403502,MTC,19.4
06001428302,MTC,19.4
06001433400,MTC,19.4
06001410300,MTC,19.4
06001404501,MTC,19.4
06001409400,MTC,19.4
06001437300,MTC,19.4
06001438300,MTC,19.4
06001423500,MTC,19.4
06001437000,MTC,19.4
06001436500,MTC,19.4
06001444100,MTC,19.4
06001420600,MTC,19.4
06001421300,MTC,19.4
06001424001,MTC,19.4
06001423300,MTC,19.4
06001421500,MTC,19.4
06001428500,MTC,19.4
06001405500,MTC,19.4
06001409000,MTC,19.4
06001403501,MTC,19.4
06001450102,MTC,19.4
06001428700,MTC,19.4
06001981900,MTC,19.4
06001451404,MTC,19.4
06001403600,MTC,19.4
06001408400,MTC,19.4
06001403800,MTC,19.4
06001408500,MTC,19.4
06001409700,MTC,19.4
06001437200,MTC,19.4
06001408100,MTC,19.4
06001441401,MTC,19.4
06001435102,MTC,19.4
06001435300,MTC,19.4
06001436601,MTC,19.4
06001440200,MTC,19.4
06001441501,MTC,19.4
06001428301,MTC,19.4
06001400500,MTC,19.4
06001427300,MTC,19.4
06001428600,MTC,19.4
06001428400,MTC,19.4
06001428000,MTC,19.4
06001450745,MTC,19.4
06001450743,MTC,19.4
06001450101,MTC,19.4
06001444302,MTC,19.4
06001443322,MTC,19.4
06001408200,MTC,19.4
06001408700,MTC,19.4
06001409100,MTC,19.4
06001407700,MTC,19.4
06001407400,MTC,19.4
06001407800,MTC,19.4
06001433200,MTC,19.4
06001433700,MTC,19.4
06001436401,MTC,19.4
06001440306,MTC,19.4
06001436402,MTC,19.4
06001435700,MTC,19.4
06001422800,MTC,19.4
06001423700,MTC,19.4
06001436900,MTC,19.4
06001430500,MTC,19.4
06001427900,MTC,19.4
06001450742,MTC,19.4
06001450701,MTC,19.4
06001403100,MTC,19.4
06001423602,MTC,19.4
06001410000,MTC,19.4
06001451300,MTC,19.4
06001403300,MTC,19.4
06001427800,MTC,19.4
06001427100,MTC,19.4
06001442602,MTC,19.4
06001441524,MTC,19.4
06001440333,MTC,19.4
06001433104,MTC,19.4
06001425104,MTC,19.4
06001406900,MTC,19.4
06001407900,MTC,19.4
06001406800,MTC,19.4
06001407600,MTC,19.4
06001407000,MTC,19.4
06001406300,MTC,19.4
06001431000,MTC,19.4
06001430700,MTC,19.4
06001450200,MTC,19.4
06001435500,MTC,19.4
06001410400,MTC,19.4
06001430600,MTC,19.4
06001436200,MTC,19.4
06001427200,MTC,19.4
06001450741,MTC,19.4
06001428200,MTC,19.4
06001435200,MTC,19.4
06001428100,MTC,19.4
06001410500,MTC,19.4
06001405902,MTC,19.4
06001451704,MTC,19.4
06001451506,MTC,19.4
06001983200,MTC,19.4
06001982000,MTC,19.4
06001406202,MTC,19.4
06001404800,MTC,19.4
06001406400,MTC,19.4
06001405700,MTC,19.4
06001405600,MTC,19.4
06001441302,MTC,19.4
06001434000,MTC,19.4
06001402500,MTC,19.4
06001442400,MTC,19.4
06001442100,MTC,19.4
06001436100,MTC,19.4
06001438400,MTC,19.4
06001401300,MTC,19.4
06001407500,MTC,19.4
06001451401,MTC,19.4
06001451505,MTC,19.4
06001451504,MTC,19.4
06001450746,MTC,19.4
06001444601,MTC,19.4
06001443321,MTC,19.4
06001443105,MTC,19.4
06001443104,MTC,19.4
06001441602,MTC,19.4
06001427600,MTC,19.4
06001409900,MTC,19.4
06001404700,MTC,19.4
06001404900,MTC,19.4
06001402700,MTC,19.4
06001436000,MTC,19.4
06001442700,MTC,19.4
06001438100,MTC,19.4
06001410200,MTC,19.4
06001430400,MTC,19.4
06001432800,MTC,19.4
06001451101,MTC,19.4
06001442601,MTC,19.4
06001442301,MTC,19.4
06001441926,MTC,19.4
06001440336,MTC,19.4
06001438204,MTC,19.4
06001438203,MTC,19.4
06001406201,MTC,19.4
06001408900,MTC,19.4
06001404200,MTC,19.4
06001403900,MTC,19.4
06001403000,MTC,19.4
06001406100,MTC,19.4
06001423601,MTC,19.4
06001440308,MTC,19.4
06001451201,MTC,19.4
06001441402,MTC,19.4
06001438000,MTC,19.4
06001441200,MTC,19.4
06001410100,MTC,19.4
06001437701,MTC,19.4
06001437102,MTC,19.4
06001437101,MTC,19.4
06001435602,MTC,19.4
06001435601,MTC,19.4
06001435104,MTC,19.4
06001433103,MTC,19.4
06001432502,MTC,19.4
06001403400,MTC,19.4
06001400600,MTC,19.4
06001401600,MTC,19.4
06001402400,MTC,19.4
06001402800,MTC,19.4
06001409600,MTC,19.4
06001401800,MTC,19.4
06001444200,MTC,19.4
06001443200,MTC,19.4
06001441921,MTC,19.4
06001438201,MTC,19.4
06001426100,MTC,19.4
06001402600,MTC,19.4
06001423200,MTC,19.4
06001400800,MTC,19.4
06001432501,MTC,19.4
06001407102,MTC,19.4
06001407101,MTC,19.4
06001406602,MTC,19.4
06001406601,MTC,19.4
06001405901,MTC,19.4
06001405402,MTC,19.4
06001404000,MTC,19.4
06001405100,MTC,19.4
06001400700,MTC,19.4
06001401500,MTC,19.4
06001400200,MTC,19.4
06001400300,MTC,19.4
06001441301,MTC,19.4
06001443001,MTC,19.4
06001404600,MTC,19.4
06001431100,MTC,19.4
06001409800,MTC,19.4
06001409500,MTC,19.4
06001442500,MTC,19.4
06001442900,MTC,19.4
06001451202,MTC,19.4
06001450602,MTC,19.4
06001405401,MTC,19.4
06001405302,MTC,19.4
06001405301,MTC,19.4
06001404101,MTC,19.4
06001451703,MTC,19.4
06001436800,MTC,19.4
06001430200,MTC,19.4
06001451102,MTC,19.4
06001435800,MTC,19.4
06001450300,MTC,19.4
06001450605,MTC,19.4
06001450603,MTC,19.4
06001442200,MTC,19.4
06001451601,MTC,19.4
06001443002,MTC,19.4
06001421400,MTC,19.4
06001443301,MTC,19.4
06001441700,MTC,19.4
06001443102,MTC,19.4
06001451403,MTC,19.4
06001450752,MTC,19.4
06001450751,MTC,19.4
06001450750,MTC,19.4
06001450744,MTC,19.4
06001450502,MTC,19.4
06001450501,MTC,19.4
06001444602,MTC,19.4
06001420300,MTC,19.4
06001450607,MTC,19.4
06001451503,MTC,19.4
06001407200,MTC,19.4
06001408800,MTC,19.4
06001440305,MTC,19.4
06001450400,MTC,19.4
06001441923,MTC,19.4
06001440301,MTC,19.4
06001422100,MTC,19.4
06001431200,MTC,19.4
06001450601,MTC,19.4
06001441503,MTC,19.4
06001444500,MTC,19.4
06001440100,MTC,19.4
06001401100,MTC,19.4
06001401400,MTC,19.4
06001444301,MTC,19.4
06001442302,MTC,19.4
06001441927,MTC,19.4
06001441925,MTC,19.4
06001441924,MTC,19.4
06001441800,MTC,19.4
06001451602,MTC,19.4
06001404502,MTC,19.4
06001426200,MTC,19.4
06001441601,MTC,19.4
06001406000,MTC,19.4
06001440304,MTC,19.4
06001435400,MTC,19.4
06001401000,MTC,19.4
06001400900,MTC,19.4
06001400100,MTC,19.4
06001404400,MTC,19.4
06001400400,MTC,19.4
06001401200,MTC,19.4
06001423902,MTC,19.4
06001423901,MTC,19.4
06001424002,MTC,19.4
06001451701,MTC,19.4
06001444400,MTC,19.4
06001442800,MTC,19.4
06001443103,MTC,19.4
06001437900,MTC,19.4
06001440307,MTC,19.4
06001433300,MTC,19.4
06001433600,MTC,19.4
06001409200,MTC,19.4
06001433000,MTC,19.4
06001432700,MTC,19.4
06001433102,MTC,19.4
06001423100,MTC,19.4
06001423000,MTC,19.4
06001420500,MTC,19.4
06001401700,MTC,19.4
06001422700,MTC,19.4
06001422600,MTC,19.4
06001430300,MTC,19.4
06001432600,MTC,19.4
06001432300,MTC,19.4
06001409300,MTC,19.4
06001408300,MTC,19.4
06001406700,MTC,19.4
06001432400,MTC,19.4
06001436300,MTC,19.4
06001432100,MTC,19.4
06001406500,MTC,19.4
06001422900,MTC,19.4
06001423400,MTC,19.4
06001440332,MTC,19.4
06001440331,MTC,19.4
06001408600,MTC,19.4
06001427700,MTC,19.4
06075016500,MTC,19.4
06075016400,MTC,19.4
06075016300,MTC,19.4
06075016100,MTC,19.4
06075016000,MTC,19.4
06075015900,MTC,19.4
06075015700,MTC,19.4
06075015600,MTC,19.4
06075015500,MTC,19.4
06075015400,MTC,19.4
06075015300,MTC,19.4
06075015200,MTC,19.4
06075015100,MTC,19.4
06075013500,MTC,19.4
06075013400,MTC,19.4
06075013300,MTC,19.4
06075013200,MTC,19.4
06075013000,MTC,19.4
06075012800,MTC,19.4
06075012700,MTC,19.4
06075012100,MTC,19.4
06075012000,MTC,19.4
06075011800,MTC,19.4
06075011700,MTC,19.4
06075011300,MTC,19.4
06075011200,MTC,19.4
06075011100,MTC,19.4
06075011000,MTC,19.4
06075010900,MTC,19.4
06075010800,MTC,19.4
06075010700,MTC,19.4
06075010600,MTC,19.4
06087110200,AMBAG,23.5
06087110501,AMBAG,23.5
06087110502,AMBAG,23.5
06087110600,AMBAG,23.5
06087123100,AMBAG,23.5
06087122300,AMBAG,23.5
06087110400,AMBAG,23.5
06075980600,MTC,19.4
06075980501,MTC,19.4
06075980200,MTC,19.4
06075012502,MTC,19.4
06075012302,MTC,19.4
06075012301,MTC,19.4
06075980900,MTC,19.4
06075010500,MTC,19.4
06075010400,MTC,19.4
06075010300,MTC,19.4
06075010200,MTC,19.4
06075010100,MTC,19.4
06047001503,SJV,26.8
06047001502,SJV,26.8
06047001602,SJV,26.8
06047001601,SJV,26.8
06047001302,SJV,26.8
06047001004,SJV,26.8
06047001101,SJV,26.8
06047001700,SJV,26.8
06087110300,AMBAG,23.5
06087110100,AMBAG,23.5
06087122500,AMBAG,23.5
06087110700,AMBAG,23.5
06087101100,AMBAG,23.5
06087101000,AMBAG,23.5
06087100700,AMBAG,23.5
06075980300,MTC,19.4
06075061400,MTC,19.4
06075061500,MTC,19.4
06075061200,MTC,19.4
06075061100,MTC,19.4
06075047802,MTC,19.4
06075047801,MTC,19.4
06075042602,MTC,19.4
06075042601,MTC,19.4
06075033204,MTC,19.4
06075033203,MTC,19.4
06047001402,SJV,26.8
06047001200,SJV,26.8
06047001401,SJV,26.8
06047001002,SJV,26.8
06047000901,SJV,26.8
06047001501,SJV,26.8
06047002302,SJV,26.8
06047002301,SJV,26.8
06087100600,AMBAG,23.5
06087122203,AMBAG,23.5
06087122202,AMBAG,23.5
06087121500,AMBAG,23.5
06087121403,AMBAG,23.5
06087121402,AMBAG,23.5
06087121700,AMBAG,23.5
06087122003,AMBAG,23.5
06087122100,AMBAG,23.5
06075032902,MTC,19.4
06075032901,MTC,19.4
06075032802,MTC,19.4
06075032801,MTC,19.4
06075032602,MTC,19.4
06075032601,MTC,19.4
06075031302,MTC,19.4
06075031301,MTC,19.4
06075031202,MTC,19.4
06075031201,MTC,19.4
06075025702,MTC,19.4
06075025701,MTC,19.4
06075022704,MTC,19.4
06047002201,SJV,26.8
06047001003,SJV,26.8
06047000702,SJV,26.8
06047000301,SJV,26.8
06047002000,SJV,26.8
06047000801,SJV,26.8
06047000603,SJV,26.8
06047000602,SJV,26.8
06047000601,SJV,26.8
06087121600,AMBAG,23.5
06087120900,AMBAG,23.5
06087101200,AMBAG,23.5
06087120800,AMBAG,23.5
06087100900,AMBAG,23.5
06087100500,AMBAG,23.5
06087100400,AMBAG,23.5
06087120400,AMBAG,23.5
06087120302,AMBAG,23.5
06087120700,AMBAG,23.5
06075020402,MTC,19.4
06075020401,MTC,19.4
06075017802,MTC,19.4
06075017801,MTC,19.4
06075017102,MTC,19.4
06075017101,MTC,19.4
06075016802,MTC,19.4
06075016801,MTC,19.4
06075015802,MTC,19.4
06075015801,MTC,19.4
06075013102,MTC,19.4
06075013101,MTC,19.4
06075012902,MTC,19.4
06075012901,MTC,19.4
06047001005,SJV,26.8
06047000802,SJV,26.8
06047000304,SJV,26.8
06047000504,SJV,26.8
06047000303,SJV,26.8
06047001801,SJV,26.8
06027000800,Inyo_RTPA,30.5
06027000500,Inyo_RTPA,30.5
06087121800,AMBAG,23.5
06087122400,AMBAG,23.5
06087100800,AMBAG,23.5
06087120301,AMBAG,23.5
06087120200,AMBAG,23.5
06087100100,AMBAG,23.5
06087123300,AMBAG,23.5
06087121300,AMBAG,23.5
06087100200,AMBAG,23.5
06087120600,AMBAG,23.5
06087122001,AMBAG,23.5
06087121000,AMBAG,23.5
06087121100,AMBAG,23.5
06087121200,AMBAG,23.5
06087100300,AMBAG,23.5
06087120500,AMBAG,23.5
06087122201,AMBAG,23.5
06087121401,AMBAG,23.5
06075012602,MTC,19.4
06075012601,MTC,19.4
06075012501,MTC,19.4
06075012402,MTC,19.4
06075012401,MTC,19.4
06075012202,MTC,19.4
06075012201,MTC,19.4
06075011902,MTC,19.4
06075011901,MTC,19.4
06075023103,MTC,19.4
06075023003,MTC,19.4
06075061000,MTC,19.4
06075060700,MTC,19.4
06075060502,MTC,19.4
06075060400,MTC,19.4
06075060100,MTC,19.4
06075047901,MTC,19.4
06075016200,MTC,19.4
06075047702,MTC,19.4
06075047902,MTC,19.4
06075047600,MTC,19.4
06075045200,MTC,19.4
06075045100,MTC,19.4
06075042800,MTC,19.4
06075042700,MTC,19.4
06075040200,MTC,19.4
06075040100,MTC,19.4
06075035400,MTC,19.4
06075035300,MTC,19.4
06075035201,MTC,19.4
06075047701,MTC,19.4
06075035100,MTC,19.4
06075035202,MTC,19.4
06075033100,MTC,19.4
06075033000,MTC,19.4
06075032700,MTC,19.4
06075031400,MTC,19.4
06075031100,MTC,19.4
06075031000,MTC,19.4
06075030900,MTC,19.4
06075030800,MTC,19.4
06075030700,MTC,19.4
06075030600,MTC,19.4
06075030500,MTC,19.4
06075030400,MTC,19.4
06075030302,MTC,19.4
06075033201,MTC,19.4
06075030301,MTC,19.4
06075030202,MTC,19.4
06075030102,MTC,19.4
06075030101,MTC,19.4
06075026404,MTC,19.4
06075026403,MTC,19.4
06075030201,MTC,19.4
06075026401,MTC,19.4
06075026303,MTC,19.4
06075026302,MTC,19.4
06075026402,MTC,19.4
06075026200,MTC,19.4
06075026100,MTC,19.4
06075026003,MTC,19.4
06075026301,MTC,19.4
06075026004,MTC,19.4
06075026001,MTC,19.4
06075025900,MTC,19.4
06075025800,MTC,19.4
06075025600,MTC,19.4
06075025500,MTC,19.4
06075025401,MTC,19.4
06075026002,MTC,19.4
06075025403,MTC,19.4
06075025300,MTC,19.4
06075025200,MTC,19.4
06075025100,MTC,19.4
06075023400,MTC,19.4
06075023300,MTC,19.4
06075023200,MTC,19.4
06075025402,MTC,19.4
06075023102,MTC,19.4
06075022903,MTC,19.4
06075022902,MTC,19.4
06075023001,MTC,19.4
06075022802,MTC,19.4
06075022803,MTC,19.4
06075022901,MTC,19.4
06075022801,MTC,19.4
06075022702,MTC,19.4
06075022600,MTC,19.4
06075021800,MTC,19.4
06075021700,MTC,19.4
06075021600,MTC,19.4
06075021500,MTC,19.4
06075021400,MTC,19.4
06075021300,MTC,19.4
06075021200,MTC,19.4
06075021100,MTC,19.4
06075021000,MTC,19.4
06075020900,MTC,19.4
06075020800,MTC,19.4
06027000300,Inyo_RTPA,30.5
06027000400,Inyo_RTPA,30.5
06027000200,Inyo_RTPA,30.5
06075020700,MTC,19.4
06075020600,MTC,19.4
06075020500,MTC,19.4
06075020300,MTC,19.4
06075020200,MTC,19.4
06075018000,MTC,19.4
06075017902,MTC,19.4
06075017700,MTC,19.4
06075020100,MTC,19.4
06075017601,MTC,19.4
06075017000,MTC,19.4
06075016900,MTC,19.4
06075016700,MTC,19.4
06075016600,MTC,19.4
06095980000,MTC,19.4
06095250801,MTC,19.4
06095252914,MTC,19.4
06095252315,MTC,19.4
06095253404,MTC,19.4
06095253204,MTC,19.4
06095253205,MTC,19.4
06047002500,SJV,26.8
06047002100,SJV,26.8
06047002600,SJV,26.8
06095252913,MTC,19.4
06095252912,MTC,19.4
06095252802,MTC,19.4
06095252610,MTC,19.4
06095252801,MTC,19.4
06095253403,MTC,19.4
06095253206,MTC,19.4
06047000203,SJV,26.8
06047002402,SJV,26.8
06047002401,SJV,26.8
06047000402,SJV,26.8
06047000401,SJV,26.8
06047000201,SJV,26.8
06047000202,SJV,26.8
06047001301,SJV,26.8
06047002202,SJV,26.8
06047000902,SJV,26.8
06047000505,SJV,26.8
06047001902,SJV,26.8
06047001901,SJV,26.8
06047000503,SJV,26.8
06047000701,SJV,26.8
06095252911,MTC,19.4
06095252915,MTC,19.4
06095252611,MTC,19.4
06095252316,MTC,19.4
06095252317,MTC,19.4
06095252312,MTC,19.4
06095252314,MTC,19.4
06095252313,MTC,19.4
06095252310,MTC,19.4
06095252311,MTC,19.4
06095250103,MTC,19.4
06095250604,MTC,19.4
06095250605,MTC,19.4
06095250105,MTC,19.4
06095250104,MTC,19.4
06095250106,MTC,19.4
06095251804,MTC,19.4
06095251803,MTC,19.4
06095253106,MTC,19.4
06095251903,MTC,19.4
06095251902,MTC,19.4
06031001401,SJV,26.8
06031001402,SJV,26.8
06031000403,SJV,26.8
06095251901,MTC,19.4
06095251702,MTC,19.4
06095251600,MTC,19.4
06095251500,MTC,19.4
06095251400,MTC,19.4
06095251300,MTC,19.4
06095251200,MTC,19.4
06095251000,MTC,19.4
06031000702,SJV,26.8
06031000601,SJV,26.8
06031001601,SJV,26.8
06031981800,SJV,26.8
06031000402,SJV,26.8
06031000405,SJV,26.8
06031000404,SJV,26.8
06031000300,SJV,26.8
06031000200,SJV,26.8
06031000100,SJV,26.8
06031000900,SJV,26.8
06095252105,MTC,19.4
06095250900,MTC,19.4
06095250300,MTC,19.4
06095252106,MTC,19.4
06095252107,MTC,19.4
06095252108,MTC,19.4
06095252104,MTC,19.4
06031001002,SJV,26.8
06031000602,SJV,26.8
06031001200,SJV,26.8
06031001100,SJV,26.8
06031001602,SJV,26.8
06031001003,SJV,26.8
06031000800,SJV,26.8
06095252102,MTC,19.4
06095252103,MTC,19.4
06095252000,MTC,19.4
06095253300,MTC,19.4
06095251701,MTC,19.4
06095251100,MTC,19.4
06095250701,MTC,19.4
06031001001,SJV,26.8
06031000701,SJV,26.8
06031000500,SJV,26.8
06031001500,SJV,26.8
06031001300,SJV,26.8
06031001701,SJV,26.8
06095250601,MTC,19.4
06095250502,MTC,19.4
06095250501,MTC,19.4
06095250400,MTC,19.4
06095250200,MTC,19.4
06095253107,MTC,19.4
06095253105,MTC,19.4
06095253000,MTC,19.4
06095252909,MTC,19.4
06095253203,MTC,19.4
06095253201,MTC,19.4
06095253101,MTC,19.4
06095252910,MTC,19.4
06095252904,MTC,19.4
06095252903,MTC,19.4
06095253500,MTC,19.4
06095252705,MTC,19.4
06095252704,MTC,19.4
06095252908,MTC,19.4
06095252608,MTC,19.4
06095252607,MTC,19.4
06095252606,MTC,19.4
06095252605,MTC,19.4
06095252604,MTC,19.4
06095252502,MTC,19.4
06095252501,MTC,19.4
06095252401,MTC,19.4
06023001300,HCAOG,25.1
06023011600,HCAOG,25.1
06023011500,HCAOG,25.1
06023940000,HCAOG,25.1
06023010902,HCAOG,25.1
06023010901,HCAOG,25.1
06023001101,HCAOG,25.1
06023010502,HCAOG,25.1
06023010501,HCAOG,25.1
06023010400,HCAOG,25.1
06023010300,HCAOG,25.1
06023010200,HCAOG,25.1
06095252707,MTC,19.4
06095252706,MTC,19.4
06095252703,MTC,19.4
06095252702,MTC,19.4
06095252402,MTC,19.4
06095252306,MTC,19.4
06095252305,MTC,19.4
06095251802,MTC,19.4
06095252202,MTC,19.4
06095252201,MTC,19.4
06095253402,MTC,19.4
06023011000,HCAOG,25.1
06023010800,HCAOG,25.1
06023011200,HCAOG,25.1
06023011100,HCAOG,25.1
06023000600,HCAOG,25.1
06023000500,HCAOG,25.1
06023000200,HCAOG,25.1
06023000100,HCAOG,25.1
06023000700,HCAOG,25.1
06023010700,HCAOG,25.1
06023010600,HCAOG,25.1
06023000800,HCAOG,25.1
06023000400,HCAOG,25.1
06023000300,HCAOG,25.1
06023001000,HCAOG,25.1
06023001200,HCAOG,25.1
06023010102,HCAOG,25.1
06023000900,HCAOG,25.1
06037920336,SCAG,22.8
06037920044,SCAG,22.8
06037573003,SCAG,22.8
06037571704,SCAG,22.8
06037570403,SCAG,22.8
06037553503,SCAG,22.8
06037552302,SCAG,22.8
06037503104,SCAG,22.8
06037550602,SCAG,22.8
06037550601,SCAG,22.8
06037550202,SCAG,22.8
06037550201,SCAG,22.8
06037544002,SCAG,22.8
06037544001,SCAG,22.8
06037543905,SCAG,22.8
06037139504,SCAG,22.8
06037139503,SCAG,22.8
06037139401,SCAG,22.8
06037137103,SCAG,22.8
06037134905,SCAG,22.8
06037134522,SCAG,22.8
06037301206,SCAG,22.8
06037301205,SCAG,22.8
06037300301,SCAG,22.8
06037501002,SCAG,22.8
06037501001,SCAG,22.8
06037500404,SCAG,22.8
06037481606,SCAG,22.8
06037500403,SCAG,22.8
06037433101,SCAG,22.8
06037911001,SCAG,22.8
06037910813,SCAG,22.8
06037910716,SCAG,22.8
06037910715,SCAG,22.8
06037910714,SCAG,22.8
06037910711,SCAG,22.8
06037910606,SCAG,22.8
06037910605,SCAG,22.8
06037135114,SCAG,22.8
06037135113,SCAG,22.8
06037134903,SCAG,22.8
06037134521,SCAG,22.8
06037131701,SCAG,22.8
06037128801,SCAG,22.8
06037127712,SCAG,22.8
06037127606,SCAG,22.8
06037127604,SCAG,22.8
06037124903,SCAG,22.8
06037124204,SCAG,22.8
06037124203,SCAG,22.8
06037124105,SCAG,22.8
06037124103,SCAG,22.8
06037122121,SCAG,22.8
06037121222,SCAG,22.8
06037121221,SCAG,22.8
06037121101,SCAG,22.8
06037120108,SCAG,22.8
06037481605,SCAG,22.8
06037124902,SCAG,22.8
06037124104,SCAG,22.8
06037123902,SCAG,22.8
06037121102,SCAG,22.8
06037106645,SCAG,22.8
06037104204,SCAG,22.8
06037297602,SCAG,22.8
06037297601,SCAG,22.8
06037910505,SCAG,22.8
06037910504,SCAG,22.8
06037910002,SCAG,22.8
06037901011,SCAG,22.8
06037901010,SCAG,22.8
06037901009,SCAG,22.8
06037900609,SCAG,22.8
06037502802,SCAG,22.8
06037460401,SCAG,22.8
06037577504,SCAG,22.8
06037120107,SCAG,22.8
06037120106,SCAG,22.8
06037120104,SCAG,22.8
06037120103,SCAG,22.8
06037119342,SCAG,22.8
06037119341,SCAG,22.8
06037117408,SCAG,22.8
06037117407,SCAG,22.8
06037117201,SCAG,22.8
06037117102,SCAG,22.8
06037117101,SCAG,22.8
06037405702,SCAG,22.8
06037405701,SCAG,22.8
06037405302,SCAG,22.8
06037405301,SCAG,22.8
06037576903,SCAG,22.8
06037576302,SCAG,22.8
06037576301,SCAG,22.8
06037576001,SCAG,22.8
06037408003,SCAG,22.8
06037401304,SCAG,22.8
06037401303,SCAG,22.8
06037400501,SCAG,22.8
06037400403,SCAG,22.8
06037302506,SCAG,22.8
06037404504,SCAG,22.8
06037404202,SCAG,22.8
06037404201,SCAG,22.8
06037650901,SCAG,22.8
06037650401,SCAG,22.8
06037650004,SCAG,22.8
06037650003,SCAG,22.8
06037621326,SCAG,22.8
06037621324,SCAG,22.8
06037302505,SCAG,22.8
06037433503,SCAG,22.8
06037406702,SCAG,22.8
06037900608,SCAG,22.8
06037900507,SCAG,22.8
06037900506,SCAG,22.8
06037900505,SCAG,22.8
06037900104,SCAG,22.8
06037621204,SCAG,22.8
06037621104,SCAG,22.8
06037621004,SCAG,22.8
06037620904,SCAG,22.8
06037620305,SCAG,22.8
06037543306,SCAG,22.8
06037542106,SCAG,22.8
06037542105,SCAG,22.8
06037900103,SCAG,22.8
06037800506,SCAG,22.8
06037800504,SCAG,22.8
06037800410,SCAG,22.8
06037800408,SCAG,22.8
06037800406,SCAG,22.8
06037800332,SCAG,22.8
06037800330,SCAG,22.8
06037800329,SCAG,22.8
06037573601,SCAG,22.8
06037571504,SCAG,22.8
06037571503,SCAG,22.8
06037570404,SCAG,22.8
06037267404,SCAG,22.8
06037113237,SCAG,22.8
06037102107,SCAG,22.8
06037102104,SCAG,22.8
06037111205,SCAG,22.8
06037108202,SCAG,22.8
06037106649,SCAG,22.8
06037106646,SCAG,22.8
06037106406,SCAG,22.8
06037104203,SCAG,22.8
06037265602,SCAG,22.8
06037293306,SCAG,22.8
06037276604,SCAG,22.8
06037276603,SCAG,22.8
06037269907,SCAG,22.8
06037269906,SCAG,22.8
06037267901,SCAG,22.8
06037434004,SCAG,22.8
06037434003,SCAG,22.8
06037433504,SCAG,22.8
06037433307,SCAG,22.8
06037104108,SCAG,22.8
06037402904,SCAG,22.8
06037402903,SCAG,22.8
06037402804,SCAG,22.8
06037402803,SCAG,22.8
06037402706,SCAG,22.8
06037402705,SCAG,22.8
06037402405,SCAG,22.8
06037604002,SCAG,22.8
06037604001,SCAG,22.8
06037603802,SCAG,22.8
06037433306,SCAG,22.8
06037433305,SCAG,22.8
06037433304,SCAG,22.8
06037431502,SCAG,22.8
06037431501,SCAG,22.8
06037430301,SCAG,22.8
06037430003,SCAG,22.8
06037603801,SCAG,22.8
06037603006,SCAG,22.8
06037603005,SCAG,22.8
06037602802,SCAG,22.8
06037602801,SCAG,22.8
06037602509,SCAG,22.8
06037602508,SCAG,22.8
06037602302,SCAG,22.8
06037600304,SCAG,22.8
06037800327,SCAG,22.8
06037702102,SCAG,22.8
06037702002,SCAG,22.8
06037701902,SCAG,22.8
06037554406,SCAG,22.8
06037554405,SCAG,22.8
06037554302,SCAG,22.8
06037554301,SCAG,22.8
06037536104,SCAG,22.8
06037535002,SCAG,22.8
06037535001,SCAG,22.8
06037533806,SCAG,22.8
06037533805,SCAG,22.8
06037533001,SCAG,22.8
06037102103,SCAG,22.8
06037295103,SCAG,22.8
06037275602,SCAG,22.8
06037275101,SCAG,22.8
06037554204,SCAG,22.8
06037554203,SCAG,22.8
06037554105,SCAG,22.8
06037554104,SCAG,22.8
06037553504,SCAG,22.8
06037241201,SCAG,22.8
06037239801,SCAG,22.8
06037234901,SCAG,22.8
06037214901,SCAG,22.8
06037214503,SCAG,22.8
06037212501,SCAG,22.8
06037212102,SCAG,22.8
06037212101,SCAG,22.8
06037211922,SCAG,22.8
06037211804,SCAG,22.8
06037211803,SCAG,22.8
06037211202,SCAG,22.8
06037265201,SCAG,22.8
06037234502,SCAG,22.8
06037234501,SCAG,22.8
06037219901,SCAG,22.8
06037214902,SCAG,22.8
06037214502,SCAG,22.8
06037212701,SCAG,22.8
06037211703,SCAG,22.8
06037208301,SCAG,22.8
06037207502,SCAG,22.8
06037207301,SCAG,22.8
06037207102,SCAG,22.8
06037207101,SCAG,22.8
06037402304,SCAG,22.8
06037211121,SCAG,22.8
06037189201,SCAG,22.8
06037185204,SCAG,22.8
06037185203,SCAG,22.8
06037208501,SCAG,22.8
06037207501,SCAG,22.8
06037207302,SCAG,22.8
06037190801,SCAG,22.8
06037190402,SCAG,22.8
06037190401,SCAG,22.8
06037190201,SCAG,22.8
06037189904,SCAG,22.8
06037408631,SCAG,22.8
06037402303,SCAG,22.8
06037402002,SCAG,22.8
06037402001,SCAG,22.8
06037400404,SCAG,22.8
06037400207,SCAG,22.8
06037531504,SCAG,22.8
06037531503,SCAG,22.8
06037206031,SCAG,22.8
06037186301,SCAG,22.8
06037183104,SCAG,22.8
06037311801,SCAG,22.8
06037980028,SCAG,22.8
06037980026,SCAG,22.8
06037408505,SCAG,22.8
06037408504,SCAG,22.8
06037406701,SCAG,22.8
06037408141,SCAG,22.8
06037408140,SCAG,22.8
06037408005,SCAG,22.8
06037407802,SCAG,22.8
06037183103,SCAG,22.8
06037127805,SCAG,22.8
06037127605,SCAG,22.8
06037125401,SCAG,22.8
06037122122,SCAG,22.8
06037120105,SCAG,22.8
06037115103,SCAG,22.8
06037113235,SCAG,22.8
06037320202,SCAG,22.8
06037980025,SCAG,22.8
06037980024,SCAG,22.8
06037980023,SCAG,22.8
06037980022,SCAG,22.8
06037980021,SCAG,22.8
06037980020,SCAG,22.8
06037407801,SCAG,22.8
06037407602,SCAG,22.8
06037407601,SCAG,22.8
06037407502,SCAG,22.8
06037407501,SCAG,22.8
06037406902,SCAG,22.8
06037406901,SCAG,22.8
06037701402,SCAG,22.8
06037320201,SCAG,22.8
06037310602,SCAG,22.8
06037310601,SCAG,22.8
06037310501,SCAG,22.8
06037310202,SCAG,22.8
06037310201,SCAG,22.8
06037302504,SCAG,22.8
06037302503,SCAG,22.8
06037302401,SCAG,22.8
06037980015,SCAG,22.8
06037430902,SCAG,22.8
06037430901,SCAG,22.8
06037408724,SCAG,22.8
06037408723,SCAG,22.8
06037408630,SCAG,22.8
06037408139,SCAG,22.8
06037408138,SCAG,22.8
06037701304,SCAG,22.8
06037700802,SCAG,22.8
06037700801,SCAG,22.8
06037700502,SCAG,22.8
06037700501,SCAG,22.8
06037700101,SCAG,22.8
06037670602,SCAG,22.8
06037670416,SCAG,22.8
06037302004,SCAG,22.8
06037302003,SCAG,22.8
06037301802,SCAG,22.8
06037301801,SCAG,22.8
06037503106,SCAG,22.8
06037503105,SCAG,22.8
06037503103,SCAG,22.8
06037502801,SCAG,22.8
06037502005,SCAG,22.8
06037502004,SCAG,22.8
06037408137,SCAG,22.8
06037408136,SCAG,22.8
06037408006,SCAG,22.8
06037408004,SCAG,22.8
06037404503,SCAG,22.8
06037402406,SCAG,22.8
06037670328,SCAG,22.8
06037670326,SCAG,22.8
06037670324,SCAG,22.8
06037651402,SCAG,22.8
06037651401,SCAG,22.8
06037651304,SCAG,22.8
06037552002,SCAG,22.8
06037552001,SCAG,22.8
06037502003,SCAG,22.8
06037501804,SCAG,22.8
06037501803,SCAG,22.8
06037108201,SCAG,22.8
06037104822,SCAG,22.8
06037104403,SCAG,22.8
06037278001,SCAG,22.8
06037265202,SCAG,22.8
06037264102,SCAG,22.8
06037920118,SCAG,22.8
06037920114,SCAG,22.8
06037900201,SCAG,22.8
06037800203,SCAG,22.8
06037700102,SCAG,22.8
06037920337,SCAG,22.8
06037551502,SCAG,22.8
06037551501,SCAG,22.8
06037551402,SCAG,22.8
06037551401,SCAG,22.8
06037551102,SCAG,22.8
06037551101,SCAG,22.8
06037550902,SCAG,22.8
06037550901,SCAG,22.8
06037262704,SCAG,22.8
06037240401,SCAG,22.8
06037237102,SCAG,22.8
06037211704,SCAG,22.8
06037211122,SCAG,22.8
06037207103,SCAG,22.8
06037194101,SCAG,22.8
06037192001,SCAG,22.8
06037190202,SCAG,22.8
06037189903,SCAG,22.8
06037143604,SCAG,22.8
06037141101,SCAG,22.8
06037534803,SCAG,22.8
06037533902,SCAG,22.8
06037534802,SCAG,22.8
06037534406,SCAG,22.8
06037534405,SCAG,22.8
06037533703,SCAG,22.8
06037533403,SCAG,22.8
06037533402,SCAG,22.8
06037533300,SCAG,22.8
06037310100,SCAG,22.8
06037113422,SCAG,22.8
06037503602,SCAG,22.8
06037502302,SCAG,22.8
06037502700,SCAG,22.8
06037502402,SCAG,22.8
06037543321,SCAG,22.8
06037541500,SCAG,22.8
06037550300,SCAG,22.8
06037542401,SCAG,22.8
06037543702,SCAG,22.8
06037541100,SCAG,22.8
06037405500,SCAG,22.8
06037405101,SCAG,22.8
06037206020,SCAG,22.8
06037206010,SCAG,22.8
06037207710,SCAG,22.8
06037207400,SCAG,22.8
06037206300,SCAG,22.8
06037208000,SCAG,22.8
06037208610,SCAG,22.8
06037208620,SCAG,22.8
06037208710,SCAG,22.8
06037208902,SCAG,22.8
06037602600,SCAG,22.8
06037219800,SCAG,22.8
06037219010,SCAG,22.8
06037218900,SCAG,22.8
06037220100,SCAG,22.8
06037219700,SCAG,22.8
06037221220,SCAG,22.8
06037219020,SCAG,22.8
06037221110,SCAG,22.8
06037221120,SCAG,22.8
06037221302,SCAG,22.8
06037221500,SCAG,22.8
06037221900,SCAG,22.8
06037221820,SCAG,22.8
06037221810,SCAG,22.8
06037222100,SCAG,22.8
06037222200,SCAG,22.8
06037222600,SCAG,22.8
06037536103,SCAG,22.8
06037533002,SCAG,22.8
06037480304,SCAG,22.8
06037125501,SCAG,22.8
06037125402,SCAG,22.8
06037123901,SCAG,22.8
06037121802,SCAG,22.8
06037121801,SCAG,22.8
06037119202,SCAG,22.8
06037119201,SCAG,22.8
06037119002,SCAG,22.8
06037119001,SCAG,22.8
06037117202,SCAG,22.8
06037115404,SCAG,22.8
06037115403,SCAG,22.8
06037900803,SCAG,22.8
06037900805,SCAG,22.8
06037901007,SCAG,22.8
06037901101,SCAG,22.8
06037900501,SCAG,22.8
06037901004,SCAG,22.8
06037901102,SCAG,22.8
06037920015,SCAG,22.8
06037104401,SCAG,22.8
06037104620,SCAG,22.8
06037104320,SCAG,22.8
06037530902,SCAG,22.8
06037530801,SCAG,22.8
06037530901,SCAG,22.8
06037531000,SCAG,22.8
06037531101,SCAG,22.8
06037531102,SCAG,22.8
06037531201,SCAG,22.8
06037531202,SCAG,22.8
06037482301,SCAG,22.8
06037481103,SCAG,22.8
06037482401,SCAG,22.8
06037482303,SCAG,22.8
06037482522,SCAG,22.8
06037530005,SCAG,22.8
06037403312,SCAG,22.8
06037408704,SCAG,22.8
06037403324,SCAG,22.8
06037408211,SCAG,22.8
06037403325,SCAG,22.8
06037408212,SCAG,22.8
06037408503,SCAG,22.8
06037407001,SCAG,22.8
06037408302,SCAG,22.8
06037401202,SCAG,22.8
06037403802,SCAG,22.8
06037401603,SCAG,22.8
06037403901,SCAG,22.8
06037404901,SCAG,22.8
06037405900,SCAG,22.8
06037405002,SCAG,22.8
06037405102,SCAG,22.8
06037183820,SCAG,22.8
06037185100,SCAG,22.8
06037185202,SCAG,22.8
06037185310,SCAG,22.8
06037186100,SCAG,22.8
06037183220,SCAG,22.8
06037533202,SCAG,22.8
06037533502,SCAG,22.8
06037533201,SCAG,22.8
06037533503,SCAG,22.8
06037533702,SCAG,22.8
06037533803,SCAG,22.8
06037534202,SCAG,22.8
06037534804,SCAG,22.8
06037531602,SCAG,22.8
06037533901,SCAG,22.8
06037534001,SCAG,22.8
06037502500,SCAG,22.8
06037530400,SCAG,22.8
06037501200,SCAG,22.8
06037501501,SCAG,22.8
06037501400,SCAG,22.8
06037501300,SCAG,22.8
06037500201,SCAG,22.8
06037500202,SCAG,22.8
06037501503,SCAG,22.8
06037501504,SCAG,22.8
06037406411,SCAG,22.8
06037406500,SCAG,22.8
06037406412,SCAG,22.8
06037189702,SCAG,22.8
06037406601,SCAG,22.8
06037406402,SCAG,22.8
06037406800,SCAG,22.8
06037400604,SCAG,22.8
06037404501,SCAG,22.8
06037408134,SCAG,22.8
06037602900,SCAG,22.8
06037602301,SCAG,22.8
06037603704,SCAG,22.8
06037620001,SCAG,22.8
06037600302,SCAG,22.8
06037603703,SCAG,22.8
06037603900,SCAG,22.8
06037603600,SCAG,22.8
06037106114,SCAG,22.8
06037222500,SCAG,22.8
06037187300,SCAG,22.8
06037222700,SCAG,22.8
06037224010,SCAG,22.8
06037224020,SCAG,22.8
06037224410,SCAG,22.8
06037181300,SCAG,22.8
06037224320,SCAG,22.8
06037187200,SCAG,22.8
06037224310,SCAG,22.8
06037115104,SCAG,22.8
06037113102,SCAG,22.8
06037113101,SCAG,22.8
06037111206,SCAG,22.8
06037109604,SCAG,22.8
06037109603,SCAG,22.8
06037106648,SCAG,22.8
06037106408,SCAG,22.8
06037106407,SCAG,22.8
06037106405,SCAG,22.8
06037104821,SCAG,22.8
06037104704,SCAG,22.8
06037104703,SCAG,22.8
06037104404,SCAG,22.8
06037104124,SCAG,22.8
06037900102,SCAG,22.8
06037910201,SCAG,22.8
06037910302,SCAG,22.8
06037910402,SCAG,22.8
06037910403,SCAG,22.8
06037910501,SCAG,22.8
06037910601,SCAG,22.8
06037910502,SCAG,22.8
06037910401,SCAG,22.8
06037910603,SCAG,22.8
06037531301,SCAG,22.8
06037531603,SCAG,22.8
06037531701,SCAG,22.8
06037531604,SCAG,22.8
06037531800,SCAG,22.8
06037531702,SCAG,22.8
06037531902,SCAG,22.8
06037531901,SCAG,22.8
06037106643,SCAG,22.8
06037482600,SCAG,22.8
06037134306,SCAG,22.8
06037482800,SCAG,22.8
06037431001,SCAG,22.8
06037460100,SCAG,22.8
06037432401,SCAG,22.8
06037408629,SCAG,22.8
06037404703,SCAG,22.8
06037121900,SCAG,22.8
06037122410,SCAG,22.8
06037123010,SCAG,22.8
06037122420,SCAG,22.8
06037123020,SCAG,22.8
06037123205,SCAG,22.8
06037123203,SCAG,22.8
06037123204,SCAG,22.8
06037123520,SCAG,22.8
06037123304,SCAG,22.8
06037123303,SCAG,22.8
06037123410,SCAG,22.8
06037123301,SCAG,22.8
06037900300,SCAG,22.8
06037301300,SCAG,22.8
06037301203,SCAG,22.8
06037700400,SCAG,22.8
06037127220,SCAG,22.8
06037702400,SCAG,22.8
06037702801,SCAG,22.8
06037186401,SCAG,22.8
06037187102,SCAG,22.8
06037189300,SCAG,22.8
06037123420,SCAG,22.8
06037189902,SCAG,22.8
06037190301,SCAG,22.8
06037190520,SCAG,22.8
06037199700,SCAG,22.8
06037190902,SCAG,22.8
06037191110,SCAG,22.8
06037191201,SCAG,22.8
06037191204,SCAG,22.8
06037535804,SCAG,22.8
06037535803,SCAG,22.8
06037535502,SCAG,22.8
06037535701,SCAG,22.8
06037535603,SCAG,22.8
06037535501,SCAG,22.8
06037535503,SCAG,22.8
06037535604,SCAG,22.8
06037535606,SCAG,22.8
06037535902,SCAG,22.8
06037535702,SCAG,22.8
06037535901,SCAG,22.8
06037551800,SCAG,22.8
06037501700,SCAG,22.8
06037190100,SCAG,22.8
06037407200,SCAG,22.8
06037407701,SCAG,22.8
06037407702,SCAG,22.8
06037402101,SCAG,22.8
06037408135,SCAG,22.8
06037408133,SCAG,22.8
06037408202,SCAG,22.8
06037407002,SCAG,22.8
06037407102,SCAG,22.8
06037407302,SCAG,22.8
06037408301,SCAG,22.8
06037407301,SCAG,22.8
06037604100,SCAG,22.8
06037601502,SCAG,22.8
06037603101,SCAG,22.8
06037603102,SCAG,22.8
06037603200,SCAG,22.8
06037603301,SCAG,22.8
06037603302,SCAG,22.8
06037603702,SCAG,22.8
06037224420,SCAG,22.8
06037224600,SCAG,22.8
06037224700,SCAG,22.8
06037226410,SCAG,22.8
06037226420,SCAG,22.8
06037226700,SCAG,22.8
06037227010,SCAG,22.8
06037650102,SCAG,22.8
06037650200,SCAG,22.8
06037650602,SCAG,22.8
06037650502,SCAG,22.8
06037650501,SCAG,22.8
06037297202,SCAG,22.8
06037297201,SCAG,22.8
06037296902,SCAG,22.8
06037296901,SCAG,22.8
06037296402,SCAG,22.8
06037296401,SCAG,22.8
06037294701,SCAG,22.8
06037294421,SCAG,22.8
06037294302,SCAG,22.8
06037102105,SCAG,22.8
06037101122,SCAG,22.8
06037201602,SCAG,22.8
06037201601,SCAG,22.8
06037195903,SCAG,22.8
06037195902,SCAG,22.8
06037195901,SCAG,22.8
06037195804,SCAG,22.8
06037195803,SCAG,22.8
06037195202,SCAG,22.8
06037195201,SCAG,22.8
06037910404,SCAG,22.8
06037910602,SCAG,22.8
06037910706,SCAG,22.8
06037910707,SCAG,22.8
06037269000,SCAG,22.8
06037269500,SCAG,22.8
06037269300,SCAG,22.8
06037269700,SCAG,22.8
06037269800,SCAG,22.8
06037270100,SCAG,22.8
06037480802,SCAG,22.8
06037480901,SCAG,22.8
06037531302,SCAG,22.8
06037481001,SCAG,22.8
06037481002,SCAG,22.8
06037481102,SCAG,22.8
06037480803,SCAG,22.8
06037481902,SCAG,22.8
06037430502,SCAG,22.8
06037432300,SCAG,22.8
06037432500,SCAG,22.8
06037432602,SCAG,22.8
06037432700,SCAG,22.8
06037432801,SCAG,22.8
06037432902,SCAG,22.8
06037123510,SCAG,22.8
06037123602,SCAG,22.8
06037123700,SCAG,22.8
06037123800,SCAG,22.8
06037123601,SCAG,22.8
06037124300,SCAG,22.8
06037124500,SCAG,22.8
06037127300,SCAG,22.8
06037127400,SCAG,22.8
06037127920,SCAG,22.8
06037127910,SCAG,22.8
06037128210,SCAG,22.8
06037128400,SCAG,22.8
06037134104,SCAG,22.8
06037131400,SCAG,22.8
06037131800,SCAG,22.8
06037132300,SCAG,22.8
06037702802,SCAG,22.8
06037702502,SCAG,22.8
06037702700,SCAG,22.8
06037702803,SCAG,22.8
06037127210,SCAG,22.8
06037181000,SCAG,22.8
06037191620,SCAG,22.8
06037191720,SCAG,22.8
06037191420,SCAG,22.8
06037191500,SCAG,22.8
06037191810,SCAG,22.8
06037191410,SCAG,22.8
06037191820,SCAG,22.8
06037191610,SCAG,22.8
06037192300,SCAG,22.8
06037194200,SCAG,22.8
06037201120,SCAG,22.8
06037201504,SCAG,22.8
06037104103,SCAG,22.8
06037262301,SCAG,22.8
06037400304,SCAG,22.8
06037920326,SCAG,22.8
06037108104,SCAG,22.8
06037460800,SCAG,22.8
06037535802,SCAG,22.8
06037482521,SCAG,22.8
06037540101,SCAG,22.8
06037536102,SCAG,22.8
06037536000,SCAG,22.8
06037124201,SCAG,22.8
06037535605,SCAG,22.8
06037403305,SCAG,22.8
06037402102,SCAG,22.8
06037402200,SCAG,22.8
06037402301,SCAG,22.8
06037403721,SCAG,22.8
06037402702,SCAG,22.8
06037403200,SCAG,22.8
06037402703,SCAG,22.8
06037402600,SCAG,22.8
06037402501,SCAG,22.8
06037407101,SCAG,22.8
06037189701,SCAG,22.8
06037189600,SCAG,22.8
06037189500,SCAG,22.8
06037701202,SCAG,22.8
06037700902,SCAG,22.8
06037311600,SCAG,22.8
06037700901,SCAG,22.8
06037189400,SCAG,22.8
06037702501,SCAG,22.8
06037106112,SCAG,22.8
06037555212,SCAG,22.8
06037555103,SCAG,22.8
06037555102,SCAG,22.8
06037541400,SCAG,22.8
06037555001,SCAG,22.8
06037570100,SCAG,22.8
06037570002,SCAG,22.8
06037650603,SCAG,22.8
06037650702,SCAG,22.8
06037650800,SCAG,22.8
06037650701,SCAG,22.8
06037670001,SCAG,22.8
06037651221,SCAG,22.8
06037650902,SCAG,22.8
06037651201,SCAG,22.8
06037294301,SCAG,22.8
06037293307,SCAG,22.8
06037278102,SCAG,22.8
06037980009,SCAG,22.8
06037980008,SCAG,22.8
06037980007,SCAG,22.8
06037980006,SCAG,22.8
06037980005,SCAG,22.8
06037194402,SCAG,22.8
06037194401,SCAG,22.8
06037194102,SCAG,22.8
06037192002,SCAG,22.8
06037191902,SCAG,22.8
06037191901,SCAG,22.8
06037191302,SCAG,22.8
06037191301,SCAG,22.8
06037190802,SCAG,22.8
06037189905,SCAG,22.8
06037189202,SCAG,22.8
06037189102,SCAG,22.8
06037189101,SCAG,22.8
06037188202,SCAG,22.8
06037270200,SCAG,22.8
06037270300,SCAG,22.8
06037271100,SCAG,22.8
06037141500,SCAG,22.8
06037271400,SCAG,22.8
06037271600,SCAG,22.8
06037271500,SCAG,22.8
06037271300,SCAG,22.8
06037271200,SCAG,22.8
06037271701,SCAG,22.8
06037271801,SCAG,22.8
06037271702,SCAG,22.8
06037464200,SCAG,22.8
06037139502,SCAG,22.8
06037530204,SCAG,22.8
06037530004,SCAG,22.8
06037530202,SCAG,22.8
06037530203,SCAG,22.8
06037432601,SCAG,22.8
06037431300,SCAG,22.8
06037432802,SCAG,22.8
06037433401,SCAG,22.8
06037433901,SCAG,22.8
06037134303,SCAG,22.8
06037433602,SCAG,22.8
06037434001,SCAG,22.8
06037433403,SCAG,22.8
06037133000,SCAG,22.8
06037132700,SCAG,22.8
06037131900,SCAG,22.8
06037133100,SCAG,22.8
06037134101,SCAG,22.8
06037134103,SCAG,22.8
06037131300,SCAG,22.8
06037134201,SCAG,22.8
06037131100,SCAG,22.8
06037131010,SCAG,22.8
06037134304,SCAG,22.8
06037134302,SCAG,22.8
06037134305,SCAG,22.8
06037134422,SCAG,22.8
06037703002,SCAG,22.8
06037231300,SCAG,22.8
06037228710,SCAG,22.8
06037228720,SCAG,22.8
06037229100,SCAG,22.8
06037229300,SCAG,22.8
06037229410,SCAG,22.8
06037229420,SCAG,22.8
06037231800,SCAG,22.8
06037231100,SCAG,22.8
06037231900,SCAG,22.8
06037231210,SCAG,22.8
06037231720,SCAG,22.8
06037232400,SCAG,22.8
06037232300,SCAG,22.8
06037232200,SCAG,22.8
06037232110,SCAG,22.8
06037125320,SCAG,22.8
06037277200,SCAG,22.8
06037291110,SCAG,22.8
06037703001,SCAG,22.8
06037231600,SCAG,22.8
06037291120,SCAG,22.8
06037125310,SCAG,22.8
06037291130,SCAG,22.8
06037124600,SCAG,22.8
06037540400,SCAG,22.8
06037535607,SCAG,22.8
06037124000,SCAG,22.8
06037532700,SCAG,22.8
06037540502,SCAG,22.8
06037540202,SCAG,22.8
06037540501,SCAG,22.8
06037540201,SCAG,22.8
06037532400,SCAG,22.8
06037402801,SCAG,22.8
06037402502,SCAG,22.8
06037402402,SCAG,22.8
06037402403,SCAG,22.8
06037402902,SCAG,22.8
06037402404,SCAG,22.8
06037403303,SCAG,22.8
06037403000,SCAG,22.8
06037192420,SCAG,22.8
06037192410,SCAG,22.8
06037192510,SCAG,22.8
06037192520,SCAG,22.8
06037192610,SCAG,22.8
06037195400,SCAG,22.8
06037192700,SCAG,22.8
06037194300,SCAG,22.8
06037192620,SCAG,22.8
06037195600,SCAG,22.8
06037195100,SCAG,22.8
06037570001,SCAG,22.8
06037570902,SCAG,22.8
06037570702,SCAG,22.8
06037570701,SCAG,22.8
06037571101,SCAG,22.8
06037571300,SCAG,22.8
06037570003,SCAG,22.8
06037571102,SCAG,22.8
06037555211,SCAG,22.8
06037570202,SCAG,22.8
06037503802,SCAG,22.8
06037503801,SCAG,22.8
06037503902,SCAG,22.8
06037504002,SCAG,22.8
06037503901,SCAG,22.8
06037480102,SCAG,22.8
06037504101,SCAG,22.8
06037980004,SCAG,22.8
06037980003,SCAG,22.8
06037980002,SCAG,22.8
06037980001,SCAG,22.8
06037930301,SCAG,22.8
06037920338,SCAG,22.8
06037920119,SCAG,22.8
06037920116,SCAG,22.8
06037920045,SCAG,22.8
06037910713,SCAG,22.8
06037910712,SCAG,22.8
06037188201,SCAG,22.8
06037187101,SCAG,22.8
06037186404,SCAG,22.8
06037186403,SCAG,22.8
06037186302,SCAG,22.8
06037186203,SCAG,22.8
06037186202,SCAG,22.8
06037271802,SCAG,22.8
06037272100,SCAG,22.8
06037272302,SCAG,22.8
06037272301,SCAG,22.8
06037139802,SCAG,22.8
06037185320,SCAG,22.8
06037139801,SCAG,22.8
06037135102,SCAG,22.8
06037139702,SCAG,22.8
06037700300,SCAG,22.8
06037113213,SCAG,22.8
06037530301,SCAG,22.8
06037530302,SCAG,22.8
06037532002,SCAG,22.8
06037532101,SCAG,22.8
06037138000,SCAG,22.8
06037481714,SCAG,22.8
06037481800,SCAG,22.8
06037433200,SCAG,22.8
06037433302,SCAG,22.8
06037433501,SCAG,22.8
06037433402,SCAG,22.8
06037433700,SCAG,22.8
06037433801,SCAG,22.8
06037433601,SCAG,22.8
06037134710,SCAG,22.8
06037134520,SCAG,22.8
06037134720,SCAG,22.8
06037134800,SCAG,22.8
06037134901,SCAG,22.8
06037135111,SCAG,22.8
06037135201,SCAG,22.8
06037408628,SCAG,22.8
06037408705,SCAG,22.8
06037408703,SCAG,22.8
06037406602,SCAG,22.8
06037408800,SCAG,22.8
06037232600,SCAG,22.8
06037232500,SCAG,22.8
06037232800,SCAG,22.8
06037232700,SCAG,22.8
06037234300,SCAG,22.8
06037234700,SCAG,22.8
06037234800,SCAG,22.8
06037235100,SCAG,22.8
06037234600,SCAG,22.8
06037234000,SCAG,22.8
06037235202,SCAG,22.8
06037235201,SCAG,22.8
06037703100,SCAG,22.8
06037700600,SCAG,22.8
06037703200,SCAG,22.8
06037701502,SCAG,22.8
06037620002,SCAG,22.8
06037533701,SCAG,22.8
06037191000,SCAG,22.8
06037533107,SCAG,22.8
06037534302,SCAG,22.8
06037532500,SCAG,22.8
06037534404,SCAG,22.8
06037481201,SCAG,22.8
06037533401,SCAG,22.8
06037123206,SCAG,22.8
06037534201,SCAG,22.8
06037534900,SCAG,22.8
06037430801,SCAG,22.8
06037430724,SCAG,22.8
06037403304,SCAG,22.8
06037403321,SCAG,22.8
06037403318,SCAG,22.8
06037403317,SCAG,22.8
06037403320,SCAG,22.8
06037195500,SCAG,22.8
06037195720,SCAG,22.8
06037195710,SCAG,22.8
06037197410,SCAG,22.8
06037195802,SCAG,22.8
06037197300,SCAG,22.8
06037197200,SCAG,22.8
06037542502,SCAG,22.8
06037543703,SCAG,22.8
06037571000,SCAG,22.8
06037570204,SCAG,22.8
06037570303,SCAG,22.8
06037555104,SCAG,22.8
06037570502,SCAG,22.8
06037570402,SCAG,22.8
06037570501,SCAG,22.8
06037570603,SCAG,22.8
06037570301,SCAG,22.8
06037570602,SCAG,22.8
06037570304,SCAG,22.8
06037504102,SCAG,22.8
06037480002,SCAG,22.8
06037620102,SCAG,22.8
06037293301,SCAG,22.8
06037300100,SCAG,22.8
06037300501,SCAG,22.8
06037101400,SCAG,22.8
06037910210,SCAG,22.8
06037480303,SCAG,22.8
06037463602,SCAG,22.8
06037463601,SCAG,22.8
06037462302,SCAG,22.8
06037462301,SCAG,22.8
06037462202,SCAG,22.8
06037462201,SCAG,22.8
06037462002,SCAG,22.8
06037462001,SCAG,22.8
06037461902,SCAG,22.8
06037461901,SCAG,22.8
06037461502,SCAG,22.8
06037186201,SCAG,22.8
06037183702,SCAG,22.8
06037183701,SCAG,22.8
06037183402,SCAG,22.8
06037183401,SCAG,22.8
06037183222,SCAG,22.8
06037183221,SCAG,22.8
06037143603,SCAG,22.8
06037701701,SCAG,22.8
06037701100,SCAG,22.8
06037701302,SCAG,22.8
06037701601,SCAG,22.8
06037701801,SCAG,22.8
06037701602,SCAG,22.8
06037701501,SCAG,22.8
06037701702,SCAG,22.8
06037482001,SCAG,22.8
06037482002,SCAG,22.8
06037482101,SCAG,22.8
06037482201,SCAG,22.8
06037482202,SCAG,22.8
06037482102,SCAG,22.8
06037433802,SCAG,22.8
06037433902,SCAG,22.8
06037128910,SCAG,22.8
06037500500,SCAG,22.8
06037500402,SCAG,22.8
06037128702,SCAG,22.8
06037500600,SCAG,22.8
06037541606,SCAG,22.8
06037128302,SCAG,22.8
06037602106,SCAG,22.8
06037602002,SCAG,22.8
06037128303,SCAG,22.8
06037603001,SCAG,22.8
06037602404,SCAG,22.8
06037128220,SCAG,22.8
06037602403,SCAG,22.8
06037600703,SCAG,22.8
06037602402,SCAG,22.8
06037600602,SCAG,22.8
06037601303,SCAG,22.8
06037236000,SCAG,22.8
06037236100,SCAG,22.8
06037237300,SCAG,22.8
06037237500,SCAG,22.8
06037237600,SCAG,22.8
06037237720,SCAG,22.8
06037237800,SCAG,22.8
06037237710,SCAG,22.8
06037237900,SCAG,22.8
06037239330,SCAG,22.8
06037239310,SCAG,22.8
06037239320,SCAG,22.8
06037238310,SCAG,22.8
06037238100,SCAG,22.8
06037534002,SCAG,22.8
06037533203,SCAG,22.8
06037534301,SCAG,22.8
06037532001,SCAG,22.8
06037532303,SCAG,22.8
06037534403,SCAG,22.8
06037534700,SCAG,22.8
06037430701,SCAG,22.8
06037431700,SCAG,22.8
06037430802,SCAG,22.8
06037431400,SCAG,22.8
06037431800,SCAG,22.8
06037430400,SCAG,22.8
06037430600,SCAG,22.8
06037401602,SCAG,22.8
06037400204,SCAG,22.8
06037404000,SCAG,22.8
06037401601,SCAG,22.8
06037401701,SCAG,22.8
06037542402,SCAG,22.8
06037543100,SCAG,22.8
06037553300,SCAG,22.8
06037554802,SCAG,22.8
06037554900,SCAG,22.8
06037106604,SCAG,22.8
06037553400,SCAG,22.8
06037554002,SCAG,22.8
06037570601,SCAG,22.8
06037570901,SCAG,22.8
06037570800,SCAG,22.8
06037571200,SCAG,22.8
06037571400,SCAG,22.8
06037573401,SCAG,22.8
06037572500,SCAG,22.8
06037571502,SCAG,22.8
06037571600,SCAG,22.8
06037208720,SCAG,22.8
06037209402,SCAG,22.8
06037297300,SCAG,22.8
06037530500,SCAG,22.8
06037297120,SCAG,22.8
06037702901,SCAG,22.8
06037701000,SCAG,22.8
06037194500,SCAG,22.8
06037701201,SCAG,22.8
06037195300,SCAG,22.8
06037620101,SCAG,22.8
06037620201,SCAG,22.8
06037275603,SCAG,22.8
06037275500,SCAG,22.8
06037275102,SCAG,22.8
06037274202,SCAG,22.8
06037273902,SCAG,22.8
06037273502,SCAG,22.8
06037273402,SCAG,22.8
06037272202,SCAG,22.8
06037272201,SCAG,22.8
06037271902,SCAG,22.8
06037271901,SCAG,22.8
06037269905,SCAG,22.8
06037269904,SCAG,22.8
06037141304,SCAG,22.8
06037141303,SCAG,22.8
06037141202,SCAG,22.8
06037141201,SCAG,22.8
06037141102,SCAG,22.8
06037139402,SCAG,22.8
06037139001,SCAG,22.8
06037137104,SCAG,22.8
06037134904,SCAG,22.8
06037702300,SCAG,22.8
06037139600,SCAG,22.8
06037702201,SCAG,22.8
06037702202,SCAG,22.8
06037701802,SCAG,22.8
06037224200,SCAG,22.8
06037221210,SCAG,22.8
06037530700,SCAG,22.8
06037482702,SCAG,22.8
06037137501,SCAG,22.8
06037530102,SCAG,22.8
06037137402,SCAG,22.8
06037432201,SCAG,22.8
06037481300,SCAG,22.8
06037404600,SCAG,22.8
06037540300,SCAG,22.8
06037540203,SCAG,22.8
06037541002,SCAG,22.8
06037104610,SCAG,22.8
06037106111,SCAG,22.8
06037111201,SCAG,22.8
06037109800,SCAG,22.8
06037111100,SCAG,22.8
06037600911,SCAG,22.8
06037601202,SCAG,22.8
06037600802,SCAG,22.8
06037601301,SCAG,22.8
06037601001,SCAG,22.8
06037601302,SCAG,22.8
06037600704,SCAG,22.8
06037600912,SCAG,22.8
06037201401,SCAG,22.8
06037238320,SCAG,22.8
06037301100,SCAG,22.8
06037301400,SCAG,22.8
06037301502,SCAG,22.8
06037301501,SCAG,22.8
06037301204,SCAG,22.8
06037301702,SCAG,22.8
06037301701,SCAG,22.8
06037301602,SCAG,22.8
06037301900,SCAG,22.8
06037534501,SCAG,22.8
06037204920,SCAG,22.8
06037206050,SCAG,22.8
06037543601,SCAG,22.8
06037532900,SCAG,22.8
06037533103,SCAG,22.8
06037535102,SCAG,22.8
06037535200,SCAG,22.8
06037535400,SCAG,22.8
06037430501,SCAG,22.8
06037430200,SCAG,22.8
06037431600,SCAG,22.8
06037463102,SCAG,22.8
06037431900,SCAG,22.8
06037432000,SCAG,22.8
06037401312,SCAG,22.8
06037407900,SCAG,22.8
06037403401,SCAG,22.8
06037403406,SCAG,22.8
06037403405,SCAG,22.8
06037403403,SCAG,22.8
06037189800,SCAG,22.8
06037554201,SCAG,22.8
06037554404,SCAG,22.8
06037106603,SCAG,22.8
06037554403,SCAG,22.8
06037554519,SCAG,22.8
06037554511,SCAG,22.8
06037554518,SCAG,22.8
06037554513,SCAG,22.8
06037554522,SCAG,22.8
06037208903,SCAG,22.8
06037209102,SCAG,22.8
06037209300,SCAG,22.8
06037208904,SCAG,22.8
06037209401,SCAG,22.8
06037209200,SCAG,22.8
06037209403,SCAG,22.8
06037209510,SCAG,22.8
06037209520,SCAG,22.8
06037209810,SCAG,22.8
06037209820,SCAG,22.8
06037210010,SCAG,22.8
06037211000,SCAG,22.8
06037211410,SCAG,22.8
06037211320,SCAG,22.8
06037211310,SCAG,22.8
06037211420,SCAG,22.8
06037211802,SCAG,22.8
06037211701,SCAG,22.8
06037211910,SCAG,22.8
06037296500,SCAG,22.8
06037297110,SCAG,22.8
06037297400,SCAG,22.8
06037297500,SCAG,22.8
06037300200,SCAG,22.8
06037609900,SCAG,22.8
06037296220,SCAG,22.8
06037670413,SCAG,22.8
06037269903,SCAG,22.8
06037269602,SCAG,22.8
06037269601,SCAG,22.8
06037267902,SCAG,22.8
06037910209,SCAG,22.8
06037910208,SCAG,22.8
06037910207,SCAG,22.8
06037910101,SCAG,22.8
06037901210,SCAG,22.8
06037901008,SCAG,22.8
06037900508,SCAG,22.8
06037800331,SCAG,22.8
06037134424,SCAG,22.8
06037134423,SCAG,22.8
06037134002,SCAG,22.8
06037134001,SCAG,22.8
06037132502,SCAG,22.8
06037132501,SCAG,22.8
06037132102,SCAG,22.8
06037132101,SCAG,22.8
06037132002,SCAG,22.8
06037132001,SCAG,22.8
06037131702,SCAG,22.8
06037128802,SCAG,22.8
06037128602,SCAG,22.8
06037530802,SCAG,22.8
06037530601,SCAG,22.8
06037530602,SCAG,22.8
06037574500,SCAG,22.8
06037574901,SCAG,22.8
06037577100,SCAG,22.8
06037575002,SCAG,22.8
06037572201,SCAG,22.8
06037481901,SCAG,22.8
06037481401,SCAG,22.8
06037482304,SCAG,22.8
06037482402,SCAG,22.8
06037482503,SCAG,22.8
06037134421,SCAG,22.8
06037530101,SCAG,22.8
06037294820,SCAG,22.8
06037111204,SCAG,22.8
06037113212,SCAG,22.8
06037113234,SCAG,22.8
06037113211,SCAG,22.8
06037113232,SCAG,22.8
06037113321,SCAG,22.8
06037113231,SCAG,22.8
06037113301,SCAG,22.8
06037113303,SCAG,22.8
06037113401,SCAG,22.8
06037601401,SCAG,22.8
06037601211,SCAG,22.8
06037600201,SCAG,22.8
06037601002,SCAG,22.8
06037600100,SCAG,22.8
06037601212,SCAG,22.8
06037600902,SCAG,22.8
06037273100,SCAG,22.8
06037602004,SCAG,22.8
06037602003,SCAG,22.8
06037602103,SCAG,22.8
06037301000,SCAG,22.8
06037302002,SCAG,22.8
06037300902,SCAG,22.8
06037302103,SCAG,22.8
06037302301,SCAG,22.8
06037302201,SCAG,22.8
06037302202,SCAG,22.8
06037311700,SCAG,22.8
06037535300,SCAG,22.8
06037534502,SCAG,22.8
06037188300,SCAG,22.8
06037532606,SCAG,22.8
06037532603,SCAG,22.8
06037532604,SCAG,22.8
06037532605,SCAG,22.8
06037534203,SCAG,22.8
06037532800,SCAG,22.8
06037533106,SCAG,22.8
06037432101,SCAG,22.8
06037432402,SCAG,22.8
06037432102,SCAG,22.8
06037480101,SCAG,22.8
06037480012,SCAG,22.8
06037480201,SCAG,22.8
06037481101,SCAG,22.8
06037403402,SCAG,22.8
06037403404,SCAG,22.8
06037403407,SCAG,22.8
06037403703,SCAG,22.8
06037403600,SCAG,22.8
06037404902,SCAG,22.8
06037405400,SCAG,22.8
06037554512,SCAG,22.8
06037554517,SCAG,22.8
06037554515,SCAG,22.8
06037500300,SCAG,22.8
06037551300,SCAG,22.8
06037552800,SCAG,22.8
06037552900,SCAG,22.8
06037552400,SCAG,22.8
06037211500,SCAG,22.8
06037212202,SCAG,22.8
06037212304,SCAG,22.8
06037212303,SCAG,22.8
06037212204,SCAG,22.8
06037212203,SCAG,22.8
06037212306,SCAG,22.8
06037212410,SCAG,22.8
06037212305,SCAG,22.8
06037212610,SCAG,22.8
06037213201,SCAG,22.8
06037212420,SCAG,22.8
06037212620,SCAG,22.8
06037212900,SCAG,22.8
06037212800,SCAG,22.8
06037213100,SCAG,22.8
06037213202,SCAG,22.8
06037213402,SCAG,22.8
06037213401,SCAG,22.8
06037213310,SCAG,22.8
06037213320,SCAG,22.8
06037460000,SCAG,22.8
06037700200,SCAG,22.8
06037221710,SCAG,22.8
06037553000,SCAG,22.8
06037293304,SCAG,22.8
06037227020,SCAG,22.8
06037228220,SCAG,22.8
06037228310,SCAG,22.8
06037228210,SCAG,22.8
06037228100,SCAG,22.8
06037228420,SCAG,22.8
06037228320,SCAG,22.8
06037228410,SCAG,22.8
06037228500,SCAG,22.8
06037650605,SCAG,22.8
06037650604,SCAG,22.8
06037461501,SCAG,22.8
06037267403,SCAG,22.8
06037265601,SCAG,22.8
06037239802,SCAG,22.8
06037239702,SCAG,22.8
06037264103,SCAG,22.8
06037262802,SCAG,22.8
06037262706,SCAG,22.8
06037262604,SCAG,22.8
06037262501,SCAG,22.8
06037241202,SCAG,22.8
06037128601,SCAG,22.8
06037128102,SCAG,22.8
06037128101,SCAG,22.8
06037127806,SCAG,22.8
06037127804,SCAG,22.8
06037127803,SCAG,22.8
06037127711,SCAG,22.8
06037127603,SCAG,22.8
06037127104,SCAG,22.8
06037127103,SCAG,22.8
06037125502,SCAG,22.8
06037293302,SCAG,22.8
06037670403,SCAG,22.8
06037574100,SCAG,22.8
06037101210,SCAG,22.8
06037574400,SCAG,22.8
06037576802,SCAG,22.8
06037576801,SCAG,22.8
06037576700,SCAG,22.8
06037576601,SCAG,22.8
06037576602,SCAG,22.8
06037576501,SCAG,22.8
06037576503,SCAG,22.8
06037576200,SCAG,22.8
06037576401,SCAG,22.8
06037576403,SCAG,22.8
06037294110,SCAG,22.8
06037294610,SCAG,22.8
06037543604,SCAG,22.8
06037576502,SCAG,22.8
06037294620,SCAG,22.8
06037294410,SCAG,22.8
06037101110,SCAG,22.8
06037294200,SCAG,22.8
06037543903,SCAG,22.8
06037572202,SCAG,22.8
06037543701,SCAG,22.8
06037113322,SCAG,22.8
06037113421,SCAG,22.8
06037115201,SCAG,22.8
06037115302,SCAG,22.8
06037115202,SCAG,22.8
06037115101,SCAG,22.8
06037117301,SCAG,22.8
06037117302,SCAG,22.8
06037117404,SCAG,22.8
06037115401,SCAG,22.8
06037119320,SCAG,22.8
06037117510,SCAG,22.8
06037119340,SCAG,22.8
06037119310,SCAG,22.8
06037119400,SCAG,22.8
06037602105,SCAG,22.8
06037601600,SCAG,22.8
06037601700,SCAG,22.8
06037601801,SCAG,22.8
06037601802,SCAG,22.8
06037601900,SCAG,22.8
06037602104,SCAG,22.8
06037600801,SCAG,22.8
06037602700,SCAG,22.8
06037601100,SCAG,22.8
06037600601,SCAG,22.8
06037302104,SCAG,22.8
06037300901,SCAG,22.8
06037320100,SCAG,22.8
06037106113,SCAG,22.8
06037311802,SCAG,22.8
06037302102,SCAG,22.8
06037302302,SCAG,22.8
06037124400,SCAG,22.8
06037125200,SCAG,22.8
06037124700,SCAG,22.8
06037125100,SCAG,22.8
06037127102,SCAG,22.8
06037534102,SCAG,22.8
06037533104,SCAG,22.8
06037533105,SCAG,22.8
06037533601,SCAG,22.8
06037533602,SCAG,22.8
06037533501,SCAG,22.8
06037205120,SCAG,22.8
06037533804,SCAG,22.8
06037460302,SCAG,22.8
06037800101,SCAG,22.8
06037800102,SCAG,22.8
06037800202,SCAG,22.8
06037651102,SCAG,22.8
06037401704,SCAG,22.8
06037408722,SCAG,22.8
06037400900,SCAG,22.8
06037190700,SCAG,22.8
06037403801,SCAG,22.8
06037405202,SCAG,22.8
06037404801,SCAG,22.8
06037404903,SCAG,22.8
06037405201,SCAG,22.8
06037405600,SCAG,22.8
06037405203,SCAG,22.8
06037406200,SCAG,22.8
06037501802,SCAG,22.8
06037109400,SCAG,22.8
06037552602,SCAG,22.8
06037552700,SCAG,22.8
06037552601,SCAG,22.8
06037553100,SCAG,22.8
06037554514,SCAG,22.8
06037554516,SCAG,22.8
06037554600,SCAG,22.8
06037554521,SCAG,22.8
06037214000,SCAG,22.8
06037214100,SCAG,22.8
06037214400,SCAG,22.8
06037214700,SCAG,22.8
06037214800,SCAG,22.8
06037214600,SCAG,22.8
06037216100,SCAG,22.8
06037571701,SCAG,22.8
06037572100,SCAG,22.8
06037572301,SCAG,22.8
06037572302,SCAG,22.8
06037228600,SCAG,22.8
06037229200,SCAG,22.8
06037228800,SCAG,22.8
06037228900,SCAG,22.8
06037231400,SCAG,22.8
06037231220,SCAG,22.8
06037231500,SCAG,22.8
06037231710,SCAG,22.8
06037232120,SCAG,22.8
06037236400,SCAG,22.8
06037236202,SCAG,22.8
06037234200,SCAG,22.8
06037261200,SCAG,22.8
06037262100,SCAG,22.8
06037262400,SCAG,22.8
06037262303,SCAG,22.8
06037262302,SCAG,22.8
06037267200,SCAG,22.8
06037241002,SCAG,22.8
06037241001,SCAG,22.8
06037240402,SCAG,22.8
06037602507,SCAG,22.8
06037602506,SCAG,22.8
06037602505,SCAG,22.8
06037602504,SCAG,22.8
06037600303,SCAG,22.8
06037101300,SCAG,22.8
06037651001,SCAG,22.8
06037702600,SCAG,22.8
06037670701,SCAG,22.8
06037670002,SCAG,22.8
06037294520,SCAG,22.8
06037296600,SCAG,22.8
06037575103,SCAG,22.8
06037576402,SCAG,22.8
06037575902,SCAG,22.8
06037575401,SCAG,22.8
06037575901,SCAG,22.8
06037575102,SCAG,22.8
06037575803,SCAG,22.8
06037297000,SCAG,22.8
06037575801,SCAG,22.8
06037294830,SCAG,22.8
06037294510,SCAG,22.8
06037294900,SCAG,22.8
06037296210,SCAG,22.8
06037294810,SCAG,22.8
06037577501,SCAG,22.8
06037575201,SCAG,22.8
06037575202,SCAG,22.8
06037104500,SCAG,22.8
06037104810,SCAG,22.8
06037106403,SCAG,22.8
06037107010,SCAG,22.8
06037106641,SCAG,22.8
06037107020,SCAG,22.8
06037108101,SCAG,22.8
06037117530,SCAG,22.8
06037119800,SCAG,22.8
06037117405,SCAG,22.8
06037120010,SCAG,22.8
06037119900,SCAG,22.8
06037120030,SCAG,22.8
06037119700,SCAG,22.8
06037121010,SCAG,22.8
06037120300,SCAG,22.8
06037120020,SCAG,22.8
06037121020,SCAG,22.8
06037117520,SCAG,22.8
06037121210,SCAG,22.8
06037122120,SCAG,22.8
06037127520,SCAG,22.8
06037600202,SCAG,22.8
06037600501,SCAG,22.8
06037600400,SCAG,22.8
06037296300,SCAG,22.8
06037600702,SCAG,22.8
06037135202,SCAG,22.8
06037135203,SCAG,22.8
06037137302,SCAG,22.8
06037132900,SCAG,22.8
06037131200,SCAG,22.8
06037131600,SCAG,22.8
06037137301,SCAG,22.8
06037137201,SCAG,22.8
06037137504,SCAG,22.8
06037137401,SCAG,22.8
06037460900,SCAG,22.8
06037461700,SCAG,22.8
06037462400,SCAG,22.8
06037462100,SCAG,22.8
06037461600,SCAG,22.8
06037462500,SCAG,22.8
06037463000,SCAG,22.8
06037404803,SCAG,22.8
06037404802,SCAG,22.8
06037405001,SCAG,22.8
06037405800,SCAG,22.8
06037430002,SCAG,22.8
06037407400,SCAG,22.8
06037190510,SCAG,22.8
06037403722,SCAG,22.8
06037501900,SCAG,22.8
06037503301,SCAG,22.8
06037502100,SCAG,22.8
06037502200,SCAG,22.8
06037502301,SCAG,22.8
06037503202,SCAG,22.8
06037503401,SCAG,22.8
06037553200,SCAG,22.8
06037554700,SCAG,22.8
06037554801,SCAG,22.8
06037553701,SCAG,22.8
06037553801,SCAG,22.8
06037553502,SCAG,22.8
06037553601,SCAG,22.8
06037106520,SCAG,22.8
06037400603,SCAG,22.8
06037553901,SCAG,22.8
06037543501,SCAG,22.8
06037555002,SCAG,22.8
06037571900,SCAG,22.8
06037572400,SCAG,22.8
06037572002,SCAG,22.8
06037572001,SCAG,22.8
06037573700,SCAG,22.8
06037573800,SCAG,22.8
06037573902,SCAG,22.8
06037264301,SCAG,22.8
06037265520,SCAG,22.8
06037262601,SCAG,22.8
06037265305,SCAG,22.8
06037265420,SCAG,22.8
06037265303,SCAG,22.8
06037265304,SCAG,22.8
06037265100,SCAG,22.8
06037264000,SCAG,22.8
06037265510,SCAG,22.8
06037980033,SCAG,22.8
06037980031,SCAG,22.8
06037980030,SCAG,22.8
06037980019,SCAG,22.8
06037980018,SCAG,22.8
06037239701,SCAG,22.8
06037239602,SCAG,22.8
06037239601,SCAG,22.8
06037239502,SCAG,22.8
06037239501,SCAG,22.8
06037601501,SCAG,22.8
06037670405,SCAG,22.8
06037101220,SCAG,22.8
06037670702,SCAG,22.8
06037670500,SCAG,22.8
06037651222,SCAG,22.8
06037651302,SCAG,22.8
06037651002,SCAG,22.8
06037575402,SCAG,22.8
06037113233,SCAG,22.8
06037573002,SCAG,22.8
06037577200,SCAG,22.8
06037573402,SCAG,22.8
06037571800,SCAG,22.8
06037575802,SCAG,22.8
06037573403,SCAG,22.8
06037575500,SCAG,22.8
06037108102,SCAG,22.8
06037108103,SCAG,22.8
06037109300,SCAG,22.8
06037109200,SCAG,22.8
06037109500,SCAG,22.8
06037111202,SCAG,22.8
06037111301,SCAG,22.8
06037111302,SCAG,22.8
06037111400,SCAG,22.8
06037109700,SCAG,22.8
06037920332,SCAG,22.8
06037121600,SCAG,22.8
06037541802,SCAG,22.8
06037540700,SCAG,22.8
06037540901,SCAG,22.8
06037540800,SCAG,22.8
06037540902,SCAG,22.8
06037541605,SCAG,22.8
06037139303,SCAG,22.8
06037139301,SCAG,22.8
06037460301,SCAG,22.8
06037460200,SCAG,22.8
06037300800,SCAG,22.8
06037460501,SCAG,22.8
06037461100,SCAG,22.8
06037460600,SCAG,22.8
06037137502,SCAG,22.8
06037139302,SCAG,22.8
06037139200,SCAG,22.8
06037139701,SCAG,22.8
06037139703,SCAG,22.8
06037131020,SCAG,22.8
06037141400,SCAG,22.8
06037141302,SCAG,22.8
06037143100,SCAG,22.8
06037462800,SCAG,22.8
06037463101,SCAG,22.8
06037462900,SCAG,22.8
06037462700,SCAG,22.8
06037300400,SCAG,22.8
06037462600,SCAG,22.8
06037463200,SCAG,22.8
06037406101,SCAG,22.8
06037430102,SCAG,22.8
06037404702,SCAG,22.8
06037404701,SCAG,22.8
06037408623,SCAG,22.8
06037403319,SCAG,22.8
06037408401,SCAG,22.8
06037460700,SCAG,22.8
06037503702,SCAG,22.8
06037532102,SCAG,22.8
06037503402,SCAG,22.8
06037501600,SCAG,22.8
06037503501,SCAG,22.8
06037503502,SCAG,22.8
06037503601,SCAG,22.8
06037109100,SCAG,22.8
06037553702,SCAG,22.8
06037554101,SCAG,22.8
06037553802,SCAG,22.8
06037554001,SCAG,22.8
06037602200,SCAG,22.8
06037603400,SCAG,22.8
06037106510,SCAG,22.8
06037603004,SCAG,22.8
06037574202,SCAG,22.8
06037574201,SCAG,22.8
06037574601,SCAG,22.8
06037320300,SCAG,22.8
06037291210,SCAG,22.8
06037570203,SCAG,22.8
06037291220,SCAG,22.8
06037291300,SCAG,22.8
06037103300,SCAG,22.8
06037265700,SCAG,22.8
06037265410,SCAG,22.8
06037265301,SCAG,22.8
06037183101,SCAG,22.8
06037267100,SCAG,22.8
06037264302,SCAG,22.8
06037267300,SCAG,22.8
06037267402,SCAG,22.8
06037267501,SCAG,22.8
06037267502,SCAG,22.8
06037267600,SCAG,22.8
06037239202,SCAG,22.8
06037239201,SCAG,22.8
06037237402,SCAG,22.8
06037237401,SCAG,22.8
06037237202,SCAG,22.8
06037237201,SCAG,22.8
06037237101,SCAG,22.8
06037236204,SCAG,22.8
06037236203,SCAG,22.8
06037234902,SCAG,22.8
06037222001,SCAG,22.8
06037221602,SCAG,22.8
06037221601,SCAG,22.8
06037221402,SCAG,22.8
06037430721,SCAG,22.8
06037670406,SCAG,22.8
06037670202,SCAG,22.8
06037301601,SCAG,22.8
06037670003,SCAG,22.8
06037670411,SCAG,22.8
06037211120,SCAG,22.8
06037572600,SCAG,22.8
06037573300,SCAG,22.8
06037575300,SCAG,22.8
06037572900,SCAG,22.8
06037573201,SCAG,22.8
06037573100,SCAG,22.8
06037572700,SCAG,22.8
06037572800,SCAG,22.8
06037577000,SCAG,22.8
06037542200,SCAG,22.8
06037573202,SCAG,22.8
06037910205,SCAG,22.8
06037910705,SCAG,22.8
06037910206,SCAG,22.8
06037920328,SCAG,22.8
06037920330,SCAG,22.8
06037920329,SCAG,22.8
06037109601,SCAG,22.8
06037920303,SCAG,22.8
06037920312,SCAG,22.8
06037920313,SCAG,22.8
06037920314,SCAG,22.8
06037541603,SCAG,22.8
06037550700,SCAG,22.8
06037551600,SCAG,22.8
06037550400,SCAG,22.8
06037551201,SCAG,22.8
06037551202,SCAG,22.8
06037551700,SCAG,22.8
06037553602,SCAG,22.8
06037461200,SCAG,22.8
06037460502,SCAG,22.8
06037461300,SCAG,22.8
06037461000,SCAG,22.8
06037143200,SCAG,22.8
06037143300,SCAG,22.8
06037143400,SCAG,22.8
06037141700,SCAG,22.8
06037143602,SCAG,22.8
06037240010,SCAG,22.8
06037238400,SCAG,22.8
06037240020,SCAG,22.8
06037240200,SCAG,22.8
06037240300,SCAG,22.8
06037238200,SCAG,22.8
06037240700,SCAG,22.8
06037240600,SCAG,22.8
06037463400,SCAG,22.8
06037463700,SCAG,22.8
06037463800,SCAG,22.8
06037463500,SCAG,22.8
06037463900,SCAG,22.8
06037463300,SCAG,22.8
06037406000,SCAG,22.8
06037535101,SCAG,22.8
06037532302,SCAG,22.8
06037481712,SCAG,22.8
06037123104,SCAG,22.8
06037532304,SCAG,22.8
06037432901,SCAG,22.8
06037500100,SCAG,22.8
06037503703,SCAG,22.8
06037201700,SCAG,22.8
06037536200,SCAG,22.8
06037542000,SCAG,22.8
06037540102,SCAG,22.8
06037543603,SCAG,22.8
06037541001,SCAG,22.8
06037600502,SCAG,22.8
06037603500,SCAG,22.8
06037199110,SCAG,22.8
06037197700,SCAG,22.8
06037197600,SCAG,22.8
06037197420,SCAG,22.8
06037197500,SCAG,22.8
06037199000,SCAG,22.8
06037199120,SCAG,22.8
06037199202,SCAG,22.8
06037293201,SCAG,22.8
06037292000,SCAG,22.8
06037293202,SCAG,22.8
06037294120,SCAG,22.8
06037621201,SCAG,22.8
06037620301,SCAG,22.8
06037620303,SCAG,22.8
06037620400,SCAG,22.8
06037620901,SCAG,22.8
06037620800,SCAG,22.8
06037267700,SCAG,22.8
06037267800,SCAG,22.8
06037269100,SCAG,22.8
06037700700,SCAG,22.8
06037226002,SCAG,22.8
06037226001,SCAG,22.8
06037222002,SCAG,22.8
06037980014,SCAG,22.8
06037980013,SCAG,22.8
06037980010,SCAG,22.8
06037651101,SCAG,22.8
06037203600,SCAG,22.8
06037670100,SCAG,22.8
06037670407,SCAG,22.8
06037599100,SCAG,22.8
06037670201,SCAG,22.8
06037601402,SCAG,22.8
06037901205,SCAG,22.8
06037574000,SCAG,22.8
06037910807,SCAG,22.8
06037920023,SCAG,22.8
06037920200,SCAG,22.8
06037920104,SCAG,22.8
06037920016,SCAG,22.8
06037920028,SCAG,22.8
06037910805,SCAG,22.8
06037920038,SCAG,22.8
06037920035,SCAG,22.8
06037920334,SCAG,22.8
06037920042,SCAG,22.8
06037910809,SCAG,22.8
06037920018,SCAG,22.8
06037910301,SCAG,22.8
06037106020,SCAG,22.8
06037920034,SCAG,22.8
06037910808,SCAG,22.8
06037310400,SCAG,22.8
06037550000,SCAG,22.8
06037550100,SCAG,22.8
06037551000,SCAG,22.8
06037552200,SCAG,22.8
06037552100,SCAG,22.8
06037551900,SCAG,22.8
06037553902,SCAG,22.8
06037403500,SCAG,22.8
06037461400,SCAG,22.8
06037920017,SCAG,22.8
06037310900,SCAG,22.8
06037311200,SCAG,22.8
06037311500,SCAG,22.8
06037311400,SCAG,22.8
06037800325,SCAG,22.8
06037238000,SCAG,22.8
06037240500,SCAG,22.8
06037240900,SCAG,22.8
06037240800,SCAG,22.8
06037125600,SCAG,22.8
06037262200,SCAG,22.8
06037242100,SCAG,22.8
06037241110,SCAG,22.8
06037241300,SCAG,22.8
06037241120,SCAG,22.8
06037241400,SCAG,22.8
06037242000,SCAG,22.8
06037464000,SCAG,22.8
06037464100,SCAG,22.8
06037191710,SCAG,22.8
06037191203,SCAG,22.8
06037930200,SCAG,22.8
06037910202,SCAG,22.8
06037481711,SCAG,22.8
06037480600,SCAG,22.8
06037480302,SCAG,22.8
06037504001,SCAG,22.8
06037532200,SCAG,22.8
06037503701,SCAG,22.8
06037500900,SCAG,22.8
06037432202,SCAG,22.8
06037500800,SCAG,22.8
06037500700,SCAG,22.8
06037543322,SCAG,22.8
06037543602,SCAG,22.8
06037106642,SCAG,22.8
06037543801,SCAG,22.8
06037543802,SCAG,22.8
06037541300,SCAG,22.8
06037541200,SCAG,22.8
06037541604,SCAG,22.8
06037199400,SCAG,22.8
06037199300,SCAG,22.8
06037199900,SCAG,22.8
06037199201,SCAG,22.8
06037199800,SCAG,22.8
06037201200,SCAG,22.8
06037201301,SCAG,22.8
06037201110,SCAG,22.8
06037201302,SCAG,22.8
06037201503,SCAG,22.8
06037620521,SCAG,22.8
06037620522,SCAG,22.8
06037620701,SCAG,22.8
06037620602,SCAG,22.8
06037621002,SCAG,22.8
06037620601,SCAG,22.8
06037621001,SCAG,22.8
06037620501,SCAG,22.8
06037621102,SCAG,22.8
06037620702,SCAG,22.8
06037621301,SCAG,22.8
06037930401,SCAG,22.8
06037920115,SCAG,22.8
06037920102,SCAG,22.8
06037221401,SCAG,22.8
06037221304,SCAG,22.8
06037221303,SCAG,22.8
06037219902,SCAG,22.8
06037218702,SCAG,22.8
06037218701,SCAG,22.8
06037217002,SCAG,22.8
06037217001,SCAG,22.8
06037216402,SCAG,22.8
06037216401,SCAG,22.8
06037215102,SCAG,22.8
06037215101,SCAG,22.8
06037214501,SCAG,22.8
06037212702,SCAG,22.8
06037212502,SCAG,22.8
06037574700,SCAG,22.8
06037574602,SCAG,22.8
06037574800,SCAG,22.8
06037599000,SCAG,22.8
06037577603,SCAG,22.8
06037577400,SCAG,22.8
06037577602,SCAG,22.8
06037577300,SCAG,22.8
06037502902,SCAG,22.8
06037555202,SCAG,22.8
06037920030,SCAG,22.8
06037920037,SCAG,22.8
06037920041,SCAG,22.8
06037920031,SCAG,22.8
06037920111,SCAG,22.8
06037920112,SCAG,22.8
06037310300,SCAG,22.8
06037310701,SCAG,22.8
06037310702,SCAG,22.8
06037310800,SCAG,22.8
06037311100,SCAG,22.8
06037311000,SCAG,22.8
06037311300,SCAG,22.8
06037277400,SCAG,22.8
06037310703,SCAG,22.8
06037403316,SCAG,22.8
06037406300,SCAG,22.8
06037403323,SCAG,22.8
06037403322,SCAG,22.8
06037800324,SCAG,22.8
06037800326,SCAG,22.8
06037404401,SCAG,22.8
06037404302,SCAG,22.8
06037404301,SCAG,22.8
06037406102,SCAG,22.8
06037401002,SCAG,22.8
06037400800,SCAG,22.8
06037181600,SCAG,22.8
06037242200,SCAG,22.8
06037242300,SCAG,22.8
06037242600,SCAG,22.8
06037242700,SCAG,22.8
06037243000,SCAG,22.8
06037261101,SCAG,22.8
06037261102,SCAG,22.8
06037243100,SCAG,22.8
06037273700,SCAG,22.8
06037273600,SCAG,22.8
06037273200,SCAG,22.8
06037273300,SCAG,22.8
06037273800,SCAG,22.8
06037480903,SCAG,22.8
06037191120,SCAG,22.8
06037480902,SCAG,22.8
06037482502,SCAG,22.8
06037480702,SCAG,22.8
06037480400,SCAG,22.8
06037480804,SCAG,22.8
06037480704,SCAG,22.8
06037480202,SCAG,22.8
06037122200,SCAG,22.8
06037122000,SCAG,22.8
06037502401,SCAG,22.8
06037120400,SCAG,22.8
06037502901,SCAG,22.8
06037550800,SCAG,22.8
06037550500,SCAG,22.8
06037531502,SCAG,22.8
06037540000,SCAG,22.8
06037541700,SCAG,22.8
06037541801,SCAG,22.8
06037543305,SCAG,22.8
06037543502,SCAG,22.8
06037542601,SCAG,22.8
06037542602,SCAG,22.8
06037542800,SCAG,22.8
06037542700,SCAG,22.8
06037542900,SCAG,22.8
06037201501,SCAG,22.8
06037201402,SCAG,22.8
06037203300,SCAG,22.8
06037203100,SCAG,22.8
06037203500,SCAG,22.8
06037203710,SCAG,22.8
06037203200,SCAG,22.8
06037204410,SCAG,22.8
06037203800,SCAG,22.8
06037204420,SCAG,22.8
06037204110,SCAG,22.8
06037204300,SCAG,22.8
06037621400,SCAG,22.8
06037103200,SCAG,22.8
06037650001,SCAG,22.8
06037103102,SCAG,22.8
06037650300,SCAG,22.8
06037650101,SCAG,22.8
06037216200,SCAG,22.8
06037216300,SCAG,22.8
06037216900,SCAG,22.8
06037216700,SCAG,22.8
06037216800,SCAG,22.8
06037211921,SCAG,22.8
06037211201,SCAG,22.8
06037209104,SCAG,22.8
06037209103,SCAG,22.8
06037208802,SCAG,22.8
06037208801,SCAG,22.8
06037208502,SCAG,22.8
06037208402,SCAG,22.8
06037208401,SCAG,22.8
06037208302,SCAG,22.8
06037206032,SCAG,22.8
06037920012,SCAG,22.8
06037920011,SCAG,22.8
06037910812,SCAG,22.8
06037910811,SCAG,22.8
06037910001,SCAG,22.8
06037901213,SCAG,22.8
06037901209,SCAG,22.8
06037577604,SCAG,22.8
06037576904,SCAG,22.8
06037573004,SCAG,22.8
06037571703,SCAG,22.8
06037576901,SCAG,22.8
06037575101,SCAG,22.8
06037575001,SCAG,22.8
06037574902,SCAG,22.8
06037574300,SCAG,22.8
06037900602,SCAG,22.8
06037900504,SCAG,22.8
06037900606,SCAG,22.8
06037900605,SCAG,22.8
06037920108,SCAG,22.8
06037920106,SCAG,22.8
06037920107,SCAG,22.8
06037920109,SCAG,22.8
06037920331,SCAG,22.8
06037920110,SCAG,22.8
06037910804,SCAG,22.8
06037910709,SCAG,22.8
06037920033,SCAG,22.8
06037920040,SCAG,22.8
06037920013,SCAG,22.8
06037920039,SCAG,22.8
06037300701,SCAG,22.8
06037300702,SCAG,22.8
06037300600,SCAG,22.8
06037300502,SCAG,22.8
06037123103,SCAG,22.8
06037103101,SCAG,22.8
06037106010,SCAG,22.8
06037403702,SCAG,22.8
06037403408,SCAG,22.8
06037408501,SCAG,22.8
06037408626,SCAG,22.8
06037408402,SCAG,22.8
06037431200,SCAG,22.8
06037401001,SCAG,22.8
06037401102,SCAG,22.8
06037401101,SCAG,22.8
06037401500,SCAG,22.8
06037401203,SCAG,22.8
06037401201,SCAG,22.8
06037403902,SCAG,22.8
06037404100,SCAG,22.8
06037274100,SCAG,22.8
06037275200,SCAG,22.8
06037275400,SCAG,22.8
06037275302,SCAG,22.8
06037275311,SCAG,22.8
06037276000,SCAG,22.8
06037276100,SCAG,22.8
06037276500,SCAG,22.8
06037276400,SCAG,22.8
06037276601,SCAG,22.8
06037431002,SCAG,22.8
06037190901,SCAG,22.8
06037480703,SCAG,22.8
06037430101,SCAG,22.8
06037480011,SCAG,22.8
06037400206,SCAG,22.8
06037400302,SCAG,22.8
06037481202,SCAG,22.8
06037502602,SCAG,22.8
06037502601,SCAG,22.8
06037530003,SCAG,22.8
06037117303,SCAG,22.8
06037503000,SCAG,22.8
06037115301,SCAG,22.8
06037503201,SCAG,22.8
06037503302,SCAG,22.8
06037540600,SCAG,22.8
06037542501,SCAG,22.8
06037543000,SCAG,22.8
06037543503,SCAG,22.8
06037543202,SCAG,22.8
06037543400,SCAG,22.8
06037543304,SCAG,22.8
06037543201,SCAG,22.8
06037203720,SCAG,22.8
06037204120,SCAG,22.8
06037204200,SCAG,22.8
06037204600,SCAG,22.8
06037203900,SCAG,22.8
06037204700,SCAG,22.8
06037204820,SCAG,22.8
06037204910,SCAG,22.8
06037205110,SCAG,22.8
06037204810,SCAG,22.8
06037124102,SCAG,22.8
06037320000,SCAG,22.8
06037206200,SCAG,22.8
06037207900,SCAG,22.8
06037217200,SCAG,22.8
06037217100,SCAG,22.8
06037218210,SCAG,22.8
06037218110,SCAG,22.8
06037218120,SCAG,22.8
06037188100,SCAG,22.8
06037218300,SCAG,22.8
06037218600,SCAG,22.8
06037218220,SCAG,22.8
06037218400,SCAG,22.8
06037218500,SCAG,22.8
06037218800,SCAG,22.8
06037219500,SCAG,22.8
06037219300,SCAG,22.8
06037220000,SCAG,22.8
06037554103,SCAG,22.8
06037552301,SCAG,22.8
06037433102,SCAG,22.8
06037800328,SCAG,22.8
06037800204,SCAG,22.8
06037930101,SCAG,22.8
06037920339,SCAG,22.8
06037542104,SCAG,22.8
06037542103,SCAG,22.8
06037900607,SCAG,22.8
06037900704,SCAG,22.8
06037900703,SCAG,22.8
06037900701,SCAG,22.8
06037900705,SCAG,22.8
06037900804,SCAG,22.8
06037900806,SCAG,22.8
06037900900,SCAG,22.8
06037901003,SCAG,22.8
06037920026,SCAG,22.8
06037920043,SCAG,22.8
06037910810,SCAG,22.8
06037920032,SCAG,22.8
06037920036,SCAG,22.8
06037920029,SCAG,22.8
06037920020,SCAG,22.8
06037920322,SCAG,22.8
06037103400,SCAG,22.8
06037104105,SCAG,22.8
06037104201,SCAG,22.8
06037104310,SCAG,22.8
06037104701,SCAG,22.8
06037530006,SCAG,22.8
06037482701,SCAG,22.8
06037481500,SCAG,22.8
06037481604,SCAG,22.8
06037481402,SCAG,22.8
06037481603,SCAG,22.8
06037481713,SCAG,22.8
06037480500,SCAG,22.8
06037408624,SCAG,22.8
06037408706,SCAG,22.8
06037128500,SCAG,22.8
06037430803,SCAG,22.8
06037400205,SCAG,22.8
06037408303,SCAG,22.8
06037408625,SCAG,22.8
06037408627,SCAG,22.8
06037404402,SCAG,22.8
06037400402,SCAG,22.8
06037401311,SCAG,22.8
06037401902,SCAG,22.8
06037401901,SCAG,22.8
06037401800,SCAG,22.8
06037401703,SCAG,22.8
06037277000,SCAG,22.8
06037277100,SCAG,22.8
06037143500,SCAG,22.8
06037143700,SCAG,22.8
06037141600,SCAG,22.8
06037143800,SCAG,22.8
06037143902,SCAG,22.8
06037143901,SCAG,22.8
06037181500,SCAG,22.8
06037181400,SCAG,22.8
06037183620,SCAG,22.8
06037183300,SCAG,22.8
06037183510,SCAG,22.8
06037183610,SCAG,22.8
06037183520,SCAG,22.8
06037183810,SCAG,22.8
06037400602,SCAG,22.8
06037430302,SCAG,22.8
06037430723,SCAG,22.8
06037431100,SCAG,22.8
06037533603,SCAG,22.8
06037534101,SCAG,22.8
